id_cliente,departamento,ingreso_mensual,saldo_tarjeta,score_infocorp,target_default,edad_cliente,antiguedad_bancaria_meses,uso_canal_digital,uso_canal_digital_ord,cluster,prob_default,pred_default,decision_crediticia,nivel_riesgo
CLI-100000,Lima,3557.54,5018.93,282,1,42,170,Alto,2.0,0,0.9273499069070844,1,Denegar/Revisar,Muy alto
CLI-100001,Cusco,7378.37,554.69,963,0,29,11,Medio,1.0,0,0.003303191314139181,0,Aprobar,Bajo
CLI-100002,Arequipa,3445.65,992.58,647,1,47,297,Medio,1.0,1,0.1492914971780045,0,Aprobar,Bajo
CLI-100003,Piura,3785.84,5502.89,981,0,49,177,Alto,2.0,1,0.018682218125634188,0,Aprobar,Bajo
CLI-100004,Lima,3655.12,1284.22,136,1,18,0,Alto,2.0,0,0.9570954270804687,1,Denegar/Revisar,Muy alto
CLI-100005,Lima,2828.2,12653.938750000001,113,1,24,14,Medio,1.0,0,0.9970586793097076,1,Denegar/Revisar,Muy alto
CLI-100006,Lima,5267.03,3111.08,734,0,41,66,Alto,2.0,0,0.07634596365009527,0,Aprobar,Bajo
CLI-100007,Loreto,6099.95,852.81,694,0,36,95,Medio,1.0,0,0.05590902736311486,0,Aprobar,Bajo
CLI-100008,Piura,1025.0,7830.55,258,1,38,88,Medio,1.0,0,0.9804447718442891,1,Denegar/Revisar,Muy alto
CLI-100009,Arequipa,3629.63,1539.57,593,0,30,58,Medio,1.0,0,0.23852623912144183,1,Denegar/Revisar,Bajo
CLI-100010,Lima,3011.29,1363.25,428,0,48,42,Medio,1.0,1,0.6208864484337523,1,Denegar/Revisar,Alto
CLI-100011,Cusco,2482.5,1586.66,713,0,47,185,Alto,2.0,1,0.12218805162181288,0,Aprobar,Bajo
CLI-100012,Loreto,1518.05,5847.47,948,0,39,171,Medio,1.0,1,0.04346983435227822,0,Aprobar,Bajo
CLI-100013,Lima,1025.0,760.83,182,1,50,218,Bajo,0.0,1,0.9598120703968502,1,Denegar/Revisar,Muy alto
CLI-100014,Lima,3966.55,1923.68,655,0,44,214,Medio,1.0,1,0.1493825874493674,0,Aprobar,Bajo
CLI-100015,Lima,3056.95,125.27,679,0,29,27,Alto,2.0,0,0.10959912881372022,0,Aprobar,Bajo
CLI-100016,Lima,3655.12,7009.23,659,1,43,35,Medio,1.0,0,0.347348175852469,1,Denegar/Revisar,Medio
CLI-100017,Piura,3977.64,1666.42,668,0,29,88,Alto,2.0,0,0.13240918864067913,0,Aprobar,Bajo
CLI-100018,Lima,2833.78,1141.0,686,0,48,254,Bajo,0.0,1,0.130764486282235,0,Aprobar,Bajo
CLI-100019,Lima,4677.27,3468.99,121,1,39,118,Medio,1.0,1,0.9686705104785696,1,Denegar/Revisar,Muy alto
CLI-100020,Piura,2030.67,4883.01,231,1,36,132,Bajo,0.0,1,0.966127576705193,1,Denegar/Revisar,Muy alto
CLI-100021,Lima,5885.98,6704.36,564,0,32,55,Alto,2.0,0,0.4296968955567252,1,Denegar/Revisar,Medio
CLI-100022,Lima,3564.98,1709.52,555,0,52,39,Medio,1.0,1,0.32007857925593847,1,Denegar/Revisar,Medio
CLI-100023,Lima,2324.15,6691.66,401,1,37,53,Medio,1.0,0,0.8840468864103223,1,Denegar/Revisar,Muy alto
CLI-100024,Lima,2145.15,2501.06,366,1,34,54,Alto,2.0,0,0.8255885510401525,1,Denegar/Revisar,Muy alto
CLI-100025,Arequipa,6566.69,426.52,898,0,36,87,Medio,1.0,0,0.007114188757211754,0,Aprobar,Bajo
CLI-100026,Lima,4531.75,7491.21,494,0,45,154,Medio,1.0,1,0.6932802948161022,1,Denegar/Revisar,Alto
CLI-100027,Piura,1798.87,3173.06,219,1,42,51,Medio,1.0,0,0.9576069543704042,1,Denegar/Revisar,Muy alto
CLI-100028,Piura,3368.61,3689.94,345,1,43,201,Medio,1.0,1,0.8429541472578816,1,Denegar/Revisar,Muy alto
CLI-100029,Lima,1025.0,11089.8,667,0,43,105,Bajo,0.0,1,0.6909950730886542,1,Denegar/Revisar,Alto
CLI-100030,Piura,1025.0,12653.938750000001,137,1,62,130,Bajo,0.0,1,0.9976657116969487,1,Denegar/Revisar,Muy alto
CLI-100031,Lima,2062.57,22.4,344,1,34,44,Alto,2.0,0,0.7784684887660631,1,Denegar/Revisar,Muy alto
CLI-100032,Lima,1577.77,8179.88,120,1,33,19,Alto,2.0,0,0.994477102989882,1,Denegar/Revisar,Muy alto
CLI-100033,Cusco,4737.52,1340.5,209,1,30,89,Medio,1.0,0,0.8949527962279724,1,Denegar/Revisar,Muy alto
CLI-100034,Cusco,1038.72,2786.75,705,0,45,47,Medio,1.0,0,0.20638622108987664,1,Denegar/Revisar,Bajo
CLI-100035,Loreto,3600.67,917.08,493,1,51,134,Bajo,0.0,1,0.4233717659234236,1,Denegar/Revisar,Medio
CLI-100036,Lima,4196.59,1409.5,509,0,38,144,Alto,2.0,0,0.379109970088288,1,Denegar/Revisar,Medio
CLI-100037,Lima,4339.41,4641.72,747,0,30,14,Medio,1.0,0,0.10764734980263958,0,Aprobar,Bajo
CLI-100038,Arequipa,3659.34,2245.48,842,0,30,48,Medio,1.0,0,0.033750399570615146,0,Aprobar,Bajo
CLI-100039,Lima,5792.73,3946.11,107,1,47,131,Medio,1.0,1,0.9678487354100638,1,Denegar/Revisar,Muy alto
CLI-100040,Lima,4512.11,6939.45,543,1,48,115,Bajo,0.0,1,0.5701231819057861,1,Denegar/Revisar,Alto
CLI-100041,Lima,5188.24,1667.05,427,1,46,187,Alto,2.0,1,0.5250266174898945,1,Denegar/Revisar,Alto
CLI-100042,Lima,4395.8,3360.47,986,0,32,39,Medio,1.0,0,0.00955872918082297,0,Aprobar,Bajo
CLI-100043,Cusco,2462.63,6012.89,389,1,41,91,Alto,2.0,0,0.8815194213996668,1,Denegar/Revisar,Muy alto
CLI-100044,Lima,3425.81,5022.79,862,0,40,167,Alto,2.0,0,0.05402096264965241,0,Aprobar,Bajo
CLI-100045,Arequipa,5111.5,3104.75,610,0,42,158,Alto,2.0,0,0.2149939733283412,1,Denegar/Revisar,Bajo
CLI-100046,Lima,4579.12,1934.03,460,0,49,120,Bajo,0.0,1,0.4970863259815247,1,Denegar/Revisar,Medio
CLI-100047,Piura,3568.09,2093.63,698,0,41,136,Medio,1.0,1,0.11769110086664557,0,Aprobar,Bajo
CLI-100048,Piura,4837.38,2270.54,815,0,47,50,Bajo,0.0,1,0.03453201450520125,0,Aprobar,Bajo
CLI-100049,Lima,4579.93,1716.03,318,1,40,103,Medio,1.0,1,0.7748181318692948,1,Denegar/Revisar,Muy alto
CLI-100050,Cusco,2664.11,4803.59,505,1,42,118,Alto,2.0,0,0.6494399209700535,1,Denegar/Revisar,Alto
CLI-100051,Arequipa,3688.91,536.02,852,0,46,305,Bajo,0.0,1,0.022365191738237773,0,Aprobar,Bajo
CLI-100052,Cusco,5031.96,12653.938750000001,931,0,24,8,Alto,2.0,0,0.08944048068576908,0,Aprobar,Bajo
CLI-100053,Loreto,1555.01,6038.11,869,0,35,133,Alto,2.0,0,0.09279387043263888,0,Aprobar,Bajo
CLI-100054,Piura,4638.39,1416.22,720,0,34,101,Alto,2.0,0,0.07084448444496416,0,Aprobar,Bajo
CLI-100055,Cusco,2546.43,173.92,867,0,32,13,Medio,1.0,0,0.022572470509849236,0,Aprobar,Bajo
CLI-100056,Lima,5698.48,4969.51,893,0,37,90,Alto,2.0,0,0.024309872896616055,0,Aprobar,Bajo
CLI-100057,Lima,3655.12,5302.44,319,1,55,301,Bajo,0.0,1,0.9035070953522983,1,Denegar/Revisar,Muy alto
CLI-100058,Lima,2842.25,12653.938750000001,694,0,29,55,Bajo,0.0,0,0.6013003339836145,1,Denegar/Revisar,Alto
CLI-100059,Lima,1025.0,1170.54,206,1,49,254,Bajo,0.0,1,0.9541110028637253,1,Denegar/Revisar,Muy alto
CLI-100060,Lima,3655.12,345.39,680,0,20,12,Alto,2.0,0,0.10006183346848403,0,Aprobar,Bajo
CLI-100061,Lima,3518.11,9866.76,708,0,35,72,Alto,2.0,0,0.39732220209151964,1,Denegar/Revisar,Medio
CLI-100062,Loreto,5137.09,1197.12,823,0,41,11,Alto,2.0,0,0.024079761915884887,0,Aprobar,Bajo
CLI-100063,Lima,3621.09,5113.8,385,1,45,181,Bajo,0.0,1,0.830015229840109,1,Denegar/Revisar,Muy alto
CLI-100064,Lima,3751.5,250.31,848,0,47,174,Medio,1.0,1,0.02076605142790414,0,Aprobar,Bajo
CLI-100065,Piura,2849.92,5718.22,107,0,47,272,Medio,1.0,1,0.988589258811135,1,Denegar/Revisar,Muy alto
CLI-100066,Lima,2626.77,543.4,905,0,35,148,Medio,1.0,1,0.016868751236566067,0,Aprobar,Bajo
CLI-100067,Loreto,4319.82,4757.47,288,1,34,54,Alto,2.0,0,0.9053635110660069,1,Denegar/Revisar,Muy alto
CLI-100068,Lima,5286.94,3040.08,180,1,49,210,Bajo,0.0,1,0.9360954783131272,1,Denegar/Revisar,Muy alto
CLI-100069,Cusco,1117.6,12448.0,207,1,36,84,Alto,2.0,0,0.9954113169405616,1,Denegar/Revisar,Muy alto
CLI-100070,Arequipa,1025.0,150.47,420,1,24,20,Alto,2.0,0,0.6924554117993802,1,Denegar/Revisar,Alto
CLI-100071,Lima,3252.87,1381.52,678,0,26,39,Alto,2.0,0,0.13404917190987703,0,Aprobar,Bajo
CLI-100072,Lima,2237.79,288.17,785,0,28,51,Alto,2.0,0,0.0539247175135667,0,Aprobar,Bajo
CLI-100073,Loreto,1475.67,8454.4,445,1,44,81,Medio,1.0,1,0.8991407789056195,1,Denegar/Revisar,Muy alto
CLI-100074,Arequipa,2320.97,3604.63,962,0,40,139,Bajo,0.0,1,0.02095786007500458,0,Aprobar,Bajo
CLI-100075,Arequipa,3063.6,3062.61,427,1,46,148,Bajo,0.0,1,0.7084603719665256,1,Denegar/Revisar,Alto
CLI-100076,Arequipa,3190.87,563.76,654,0,34,139,Medio,1.0,1,0.13737380334047003,0,Aprobar,Bajo
CLI-100077,Lima,4655.89,2685.8,798,0,41,110,Medio,1.0,1,0.04394301211777539,0,Aprobar,Bajo
CLI-100078,Lima,2457.48,2034.67,401,1,45,49,Medio,1.0,0,0.7343678151832685,1,Denegar/Revisar,Alto
CLI-100079,Lima,1273.04,1517.74,299,1,35,103,Alto,2.0,0,0.8982474108287205,1,Denegar/Revisar,Muy alto
CLI-100080,Loreto,4458.68,5916.95,992,0,44,155,Medio,1.0,1,0.015191959563802943,0,Aprobar,Bajo
CLI-100081,Piura,1948.17,252.94,518,1,31,43,Medio,1.0,0,0.41611099604493884,1,Denegar/Revisar,Medio
CLI-100082,Lima,3544.26,4161.59,138,1,35,80,Alto,2.0,0,0.9763289281483608,1,Denegar/Revisar,Muy alto
CLI-100083,Lima,3655.12,6926.26,831,0,35,35,Alto,2.0,0,0.09768060269841333,0,Aprobar,Bajo
CLI-100084,Lima,1025.0,9513.86,406,0,25,27,Medio,1.0,0,0.946943646760325,1,Denegar/Revisar,Muy alto
CLI-100085,Lima,1025.0,5480.37,103,1,43,79,Bajo,0.0,1,0.9926884243731527,1,Denegar/Revisar,Muy alto
CLI-100086,Arequipa,3336.52,1327.68,732,0,34,63,Medio,1.0,0,0.08006589776202444,0,Aprobar,Bajo
CLI-100087,Piura,3963.31,3670.24,947,0,39,129,Alto,2.0,0,0.016781009219383154,0,Aprobar,Bajo
CLI-100088,Loreto,3600.67,609.83,176,0,44,239,Alto,2.0,1,0.9308553417063911,1,Denegar/Revisar,Muy alto
CLI-100089,Lima,2786.95,497.99,567,1,44,44,Medio,1.0,0,0.28063722440039546,1,Denegar/Revisar,Medio
CLI-100090,Lima,1786.24,4071.35,278,1,46,284,Bajo,0.0,1,0.9424105109229032,1,Denegar/Revisar,Muy alto
CLI-100091,Arequipa,6137.91,7618.13,744,0,39,104,Alto,2.0,0,0.13739124477511172,0,Aprobar,Bajo
CLI-100092,Arequipa,6097.33,278.46,922,0,35,44,Medio,1.0,0,0.006144574554929196,0,Aprobar,Bajo
CLI-100093,Piura,5659.3,448.21,840,0,39,174,Medio,1.0,1,0.015078375037205856,0,Aprobar,Bajo
CLI-100094,Arequipa,3713.34,3335.23,375,1,20,16,Alto,2.0,0,0.7828801180956512,1,Denegar/Revisar,Muy alto
CLI-100095,Lima,3584.76,984.69,251,1,23,47,Alto,2.0,0,0.8785952521692211,1,Denegar/Revisar,Muy alto
CLI-100096,Piura,1818.2,3785.13,263,1,24,53,Alto,2.0,0,0.9462392821545703,1,Denegar/Revisar,Muy alto
CLI-100097,Lima,3494.54,965.96,389,1,28,12,Bajo,0.0,0,0.668545328977416,1,Denegar/Revisar,Alto
CLI-100098,Lima,2044.2,495.37,477,0,43,138,Medio,1.0,1,0.5186842048922504,1,Denegar/Revisar,Alto
CLI-100099,Lima,2360.09,3154.89,720,0,29,55,Alto,2.0,0,0.1573676989854263,0,Aprobar,Bajo
CLI-100100,Lima,1547.77,7927.67,737,0,34,130,Medio,1.0,0,0.3363798074473869,1,Denegar/Revisar,Medio
CLI-100101,Piura,4811.11,4622.28,851,0,54,171,Bajo,0.0,1,0.04047753908953645,0,Aprobar,Bajo
CLI-100102,Lima,3563.51,6830.96,409,1,35,93,Medio,1.0,0,0.8452879364996022,1,Denegar/Revisar,Muy alto
CLI-100103,Piura,3021.67,1238.81,488,1,47,73,Medio,1.0,1,0.4754626064916883,1,Denegar/Revisar,Medio
CLI-100104,Cusco,3761.29,8685.48,956,0,29,89,Medio,1.0,0,0.04362699779874413,0,Aprobar,Bajo
CLI-100105,Lima,3655.12,1893.09,757,0,37,6,Medio,1.0,0,0.06720134497461477,0,Aprobar,Bajo
CLI-100106,Lima,4610.6,7654.29,863,0,29,44,Medio,1.0,0,0.06723880721855875,0,Aprobar,Bajo
CLI-100107,Arequipa,2590.69,2548.4,282,1,35,38,Alto,2.0,0,0.9045889470510146,1,Denegar/Revisar,Muy alto
CLI-100108,Lima,5684.0,1247.12,920,0,49,156,Alto,2.0,1,0.008763995502784063,0,Aprobar,Bajo
CLI-100109,Lima,3529.32,1205.82,405,0,20,3,Alto,2.0,0,0.6443061663223906,1,Denegar/Revisar,Alto
CLI-100110,Lima,3900.68,3354.24,171,1,44,49,Medio,1.0,0,0.957640880535349,1,Denegar/Revisar,Muy alto
CLI-100111,Lima,3125.14,329.23,318,0,41,73,Alto,2.0,0,0.7889992035140667,1,Denegar/Revisar,Muy alto
CLI-100112,Cusco,4408.52,10640.25,818,0,33,92,Alto,2.0,0,0.1836526019771659,0,Aprobar,Bajo
CLI-100113,Loreto,4440.69,1266.87,272,1,23,28,Alto,2.0,0,0.837966698984373,1,Denegar/Revisar,Muy alto
CLI-100114,Piura,3715.42,1635.63,752,0,40,106,Medio,1.0,1,0.06586857359835671,0,Aprobar,Bajo
CLI-100115,Loreto,3949.78,1062.65,371,1,33,59,Alto,2.0,0,0.6868112622474363,1,Denegar/Revisar,Alto
CLI-100116,Loreto,3484.71,12.05,825,0,41,183,Alto,2.0,0,0.0269194277001579,0,Aprobar,Bajo
CLI-100117,Lima,3437.34,4717.77,567,0,39,82,Medio,1.0,0,0.4499024937018846,1,Denegar/Revisar,Medio
CLI-100118,Loreto,5626.29,3571.79,368,1,57,303,Bajo,0.0,1,0.7219729109754177,1,Denegar/Revisar,Alto
CLI-100119,Piura,3698.76,6635.45,119,1,36,55,Alto,2.0,0,0.987682924779735,1,Denegar/Revisar,Muy alto
CLI-100120,Loreto,3041.81,167.5,677,0,27,57,Alto,2.0,0,0.11268046143353432,0,Aprobar,Bajo
CLI-100121,Loreto,4962.38,10560.95,914,0,41,67,Medio,1.0,0,0.07069207689790871,0,Aprobar,Bajo
CLI-100122,Lima,3655.12,1607.21,602,0,41,181,Medio,1.0,1,0.22498748071613162,1,Denegar/Revisar,Bajo
CLI-100123,Lima,2660.21,9770.6,246,1,54,233,Medio,1.0,1,0.9830035269724019,1,Denegar/Revisar,Muy alto
CLI-100124,Lima,3655.12,453.26,528,0,48,228,Alto,2.0,1,0.32128681870671094,1,Denegar/Revisar,Medio
CLI-100125,Lima,3705.86,5449.07,264,0,43,60,Alto,2.0,0,0.9411413664723893,1,Denegar/Revisar,Muy alto
CLI-100126,Loreto,4194.6,3463.89,989,0,55,118,Medio,1.0,1,0.009948740816896267,0,Aprobar,Bajo
CLI-100127,Loreto,3743.22,1773.86,409,1,26,22,Alto,2.0,0,0.6517880680736334,1,Denegar/Revisar,Alto
CLI-100128,Lima,4895.27,329.8,617,0,32,19,Alto,2.0,0,0.13049352902418515,0,Aprobar,Bajo
CLI-100129,Piura,2035.68,3712.81,113,1,28,19,Medio,1.0,0,0.9847958078342349,1,Denegar/Revisar,Muy alto
CLI-100130,Lima,2325.27,107.18,231,1,34,74,Alto,2.0,0,0.9066794989409704,1,Denegar/Revisar,Muy alto
CLI-100131,Lima,4350.44,2782.86,953,0,24,20,Alto,2.0,0,0.012079391767263891,0,Aprobar,Bajo
CLI-100132,Lima,2917.26,3707.47,854,1,46,118,Alto,2.0,0,0.04985135869390876,0,Aprobar,Bajo
CLI-100133,Lima,3559.18,5274.9,538,1,37,61,Alto,2.0,0,0.549549156200175,1,Denegar/Revisar,Alto
CLI-100134,Cusco,4246.34,12653.938750000001,842,0,23,16,Alto,2.0,0,0.21361163434745462,1,Denegar/Revisar,Bajo
CLI-100135,Lima,4521.41,1204.93,839,0,28,53,Alto,2.0,0,0.023948958602404532,0,Aprobar,Bajo
CLI-100136,Piura,4675.33,1556.73,773,0,43,69,Medio,1.0,1,0.04359011621241705,0,Aprobar,Bajo
CLI-100137,Arequipa,1883.33,1669.01,894,0,48,115,Bajo,0.0,1,0.028933765412785306,0,Aprobar,Bajo
CLI-100138,Lima,1296.32,5260.85,362,1,60,66,Bajo,0.0,1,0.9146666799572155,1,Denegar/Revisar,Muy alto
CLI-100139,Cusco,2233.22,10742.37,742,0,70,139,Bajo,0.0,1,0.4372033009592192,1,Denegar/Revisar,Medio
CLI-100140,Cusco,3286.91,12653.938750000001,324,1,43,153,Alto,2.0,0,0.977656642282152,1,Denegar/Revisar,Muy alto
CLI-100141,Lima,2787.44,11661.14,357,1,28,84,Alto,2.0,0,0.9684628712972252,1,Denegar/Revisar,Muy alto
CLI-100142,Lima,1025.0,8460.54,333,1,18,1,Alto,2.0,0,0.9671602880215543,1,Denegar/Revisar,Muy alto
CLI-100143,Lima,6290.57,12653.938750000001,435,1,43,186,Alto,2.0,1,0.8849716309408987,1,Denegar/Revisar,Muy alto
CLI-100144,Lima,1025.0,1886.07,508,1,29,9,Medio,1.0,0,0.5778997401503038,1,Denegar/Revisar,Alto
CLI-100145,Lima,4399.64,11850.84,927,0,35,58,Bajo,0.0,1,0.09478256259837835,0,Aprobar,Bajo
CLI-100146,Piura,3591.06,5725.5,123,1,32,27,Medio,1.0,0,0.9843450842781715,1,Denegar/Revisar,Muy alto
CLI-100147,Piura,3660.39,737.9,370,1,37,61,Medio,1.0,0,0.680206232967615,1,Denegar/Revisar,Alto
CLI-100148,Lima,3847.94,186.12,194,1,51,19,Medio,1.0,1,0.9042795028278326,1,Denegar/Revisar,Muy alto
CLI-100149,Lima,1469.73,965.66,241,1,40,60,Medio,1.0,0,0.9256200507469609,1,Denegar/Revisar,Muy alto
CLI-100150,Cusco,4342.65,6033.87,793,0,38,77,Medio,1.0,0,0.09506769234392018,0,Aprobar,Bajo
CLI-100151,Lima,1025.0,3995.4,817,0,27,47,Medio,1.0,0,0.10535677609788009,0,Aprobar,Bajo
CLI-100152,Lima,4619.84,1016.25,180,1,21,18,Medio,1.0,0,0.9147635400655353,1,Denegar/Revisar,Muy alto
CLI-100153,Lima,3247.31,5417.97,373,0,33,36,Alto,2.0,0,0.8640419193104947,1,Denegar/Revisar,Muy alto
CLI-100154,Cusco,1025.0,609.45,375,1,37,156,Alto,2.0,0,0.790955238487798,1,Denegar/Revisar,Muy alto
CLI-100155,Lima,5407.13,6900.32,982,0,59,351,Bajo,0.0,1,0.017093835672968644,0,Aprobar,Bajo
CLI-100156,Arequipa,6076.23,6322.64,564,0,41,219,Medio,1.0,1,0.39023357316785146,1,Denegar/Revisar,Medio
CLI-100157,Arequipa,3638.81,12653.938750000001,307,1,50,283,Medio,1.0,1,0.9784999568272279,1,Denegar/Revisar,Muy alto
CLI-100158,Lima,2974.68,651.39,395,1,33,64,Medio,1.0,0,0.659494386467447,1,Denegar/Revisar,Alto
CLI-100159,Arequipa,2003.76,9484.01,138,1,25,29,Alto,2.0,0,0.9945192880042062,1,Denegar/Revisar,Muy alto
CLI-100160,Lima,2118.67,1668.75,387,1,28,16,Alto,2.0,0,0.7663927950550943,1,Denegar/Revisar,Muy alto
CLI-100161,Piura,1632.66,2151.83,223,1,30,82,Alto,2.0,0,0.949851223705113,1,Denegar/Revisar,Muy alto
CLI-100162,Piura,3660.39,2527.79,975,0,62,206,Bajo,0.0,1,0.01094110467127474,0,Aprobar,Bajo
CLI-100163,Piura,2375.43,3943.68,382,1,29,108,Alto,2.0,0,0.8396748914920428,1,Denegar/Revisar,Muy alto
CLI-100164,Lima,3919.3,12653.938750000001,977,0,48,80,Medio,1.0,1,0.07362428756631814,0,Aprobar,Bajo
CLI-100165,Loreto,2414.39,3664.75,279,1,29,54,Medio,1.0,0,0.9252290495164179,1,Denegar/Revisar,Muy alto
CLI-100166,Lima,4033.76,10453.64,196,1,49,113,Medio,1.0,1,0.9872850102362918,1,Denegar/Revisar,Muy alto
CLI-100167,Lima,4087.81,1177.64,290,0,43,118,Medio,1.0,1,0.8174069022993624,1,Denegar/Revisar,Muy alto
CLI-100168,Lima,1025.0,2032.73,173,1,36,164,Medio,1.0,1,0.9703364140080444,1,Denegar/Revisar,Muy alto
CLI-100169,Piura,2701.61,2808.75,546,0,38,43,Medio,1.0,0,0.441148253178783,1,Denegar/Revisar,Medio
CLI-100170,Arequipa,6143.84,1559.76,884,0,33,51,Alto,2.0,0,0.01175947827506604,0,Aprobar,Bajo
CLI-100171,Lima,4133.04,12653.938750000001,596,1,44,116,Medio,1.0,1,0.7295244508047815,1,Denegar/Revisar,Alto
CLI-100172,Piura,4321.71,5173.89,660,0,34,90,Bajo,0.0,1,0.24160719315732243,1,Denegar/Revisar,Bajo
CLI-100173,Lima,4024.47,2607.11,583,0,26,25,Alto,2.0,0,0.2901500548090887,1,Denegar/Revisar,Medio
CLI-100174,Piura,4003.51,5566.11,948,0,25,41,Medio,1.0,0,0.023490332828640176,0,Aprobar,Bajo
CLI-100175,Lima,4080.43,2520.26,821,0,41,86,Medio,1.0,1,0.03927452283867033,0,Aprobar,Bajo
CLI-100176,Arequipa,2324.15,69.5,215,1,56,282,Medio,1.0,1,0.9151080393022104,1,Denegar/Revisar,Muy alto
CLI-100177,Lima,5051.6,3133.98,634,0,41,33,Medio,1.0,0,0.17673409123612135,0,Aprobar,Bajo
CLI-100178,Cusco,2301.83,3925.29,197,1,37,9,Alto,2.0,0,0.96784385792259,1,Denegar/Revisar,Muy alto
CLI-100179,Lima,3184.57,12653.938750000001,427,1,42,83,Medio,1.0,1,0.9425494498112423,1,Denegar/Revisar,Muy alto
CLI-100180,Lima,4615.01,166.59,506,0,54,178,Bajo,0.0,1,0.30475404552324903,1,Denegar/Revisar,Medio
CLI-100181,Lima,2832.31,2870.55,412,0,41,41,Alto,2.0,0,0.7391856068200106,1,Denegar/Revisar,Alto
CLI-100182,Cusco,3995.92,413.25,801,0,35,121,Alto,2.0,0,0.03240903082925575,0,Aprobar,Bajo
CLI-100183,Loreto,3548.7,645.35,793,0,51,242,Bajo,0.0,1,0.04036711566056043,0,Aprobar,Bajo
CLI-100184,Lima,2860.0,3771.19,247,1,43,44,Medio,1.0,0,0.93905361977753,1,Denegar/Revisar,Muy alto
CLI-100185,Arequipa,2895.52,1053.61,441,1,56,197,Bajo,0.0,1,0.5917769335849954,1,Denegar/Revisar,Alto
CLI-100186,Loreto,2884.21,5531.99,594,0,41,52,Medio,1.0,0,0.4615641391425616,1,Denegar/Revisar,Medio
CLI-100187,Piura,1682.07,2887.82,122,1,25,42,Alto,2.0,0,0.9825831126173528,1,Denegar/Revisar,Muy alto
CLI-100188,Piura,2649.32,984.69,204,1,24,8,Medio,1.0,0,0.9307761934047473,1,Denegar/Revisar,Muy alto
CLI-100189,Lima,5575.36,2723.23,774,0,58,83,Bajo,0.0,1,0.04645284395320972,0,Aprobar,Bajo
CLI-100190,Lima,3655.12,3.53,678,0,58,84,Bajo,0.0,1,0.09535189375242019,0,Aprobar,Bajo
CLI-100191,Loreto,1933.23,7943.51,901,0,36,82,Alto,2.0,0,0.09401680163696574,0,Aprobar,Bajo
CLI-100192,Cusco,3656.28,51.04,900,0,35,40,Alto,2.0,0,0.01308959655435152,0,Aprobar,Bajo
CLI-100193,Piura,2856.49,28.14,657,0,55,218,Medio,1.0,1,0.13000175108307785,0,Aprobar,Bajo
CLI-100194,Lima,1540.52,3781.89,692,1,26,49,Alto,2.0,0,0.251111495138331,1,Denegar/Revisar,Medio
CLI-100195,Lima,4428.92,12653.938750000001,758,1,29,100,Alto,2.0,0,0.36408811799290614,1,Denegar/Revisar,Medio
CLI-100196,Arequipa,2997.86,7749.92,321,1,46,95,Alto,2.0,0,0.9472218945993022,1,Denegar/Revisar,Muy alto
CLI-100197,Loreto,7442.41,1161.51,954,0,36,112,Alto,2.0,0,0.00417958388146927,0,Aprobar,Bajo
CLI-100198,Loreto,2226.97,875.94,114,1,38,157,Medio,1.0,1,0.971195305663783,1,Denegar/Revisar,Muy alto
CLI-100199,Arequipa,3638.81,3935.2,990,0,37,21,Alto,2.0,0,0.012834406645793911,0,Aprobar,Bajo
CLI-100200,Piura,2654.59,6918.24,732,0,42,78,Bajo,0.0,1,0.25652907069356184,1,Denegar/Revisar,Medio
CLI-100201,Lima,2176.61,1798.16,177,1,54,285,Medio,1.0,1,0.958251201450245,1,Denegar/Revisar,Muy alto
CLI-100202,Lima,4227.49,2265.03,421,0,40,129,Medio,1.0,1,0.6147235997998611,1,Denegar/Revisar,Alto
CLI-100203,Loreto,5369.3,490.88,906,0,47,104,Medio,1.0,1,0.00881772441521214,0,Aprobar,Bajo
CLI-100204,Piura,7569.24,663.4,340,1,18,0,Alto,2.0,0,0.5378965747996968,1,Denegar/Revisar,Alto
CLI-100205,Lima,1025.0,3360.58,117,1,37,76,Medio,1.0,0,0.9865266160588366,1,Denegar/Revisar,Muy alto
CLI-100206,Lima,4363.35,433.26,867,0,30,20,Alto,2.0,0,0.016358024665199478,0,Aprobar,Bajo
CLI-100207,Arequipa,2579.58,902.82,553,1,25,51,Alto,2.0,0,0.34572703706770574,1,Denegar/Revisar,Medio
CLI-100208,Lima,3655.12,1069.83,542,0,29,59,Alto,2.0,0,0.321042287925505,1,Denegar/Revisar,Medio
CLI-100209,Lima,5326.74,2347.41,376,0,36,73,Bajo,0.0,1,0.6660023065881313,1,Denegar/Revisar,Alto
CLI-100210,Piura,4839.17,186.74,523,1,50,168,Medio,1.0,1,0.25531228296687775,1,Denegar/Revisar,Medio
CLI-100211,Arequipa,1838.59,2770.76,575,0,24,12,Alto,2.0,0,0.43098546117150516,1,Denegar/Revisar,Medio
CLI-100212,Arequipa,3638.81,10562.0,126,1,39,126,Medio,1.0,1,0.9940793300903235,1,Denegar/Revisar,Muy alto
CLI-100213,Lima,1025.0,99.07,613,0,33,52,Medio,1.0,0,0.25956655492942776,1,Denegar/Revisar,Medio
CLI-100214,Arequipa,1025.0,3987.67,964,0,34,115,Alto,2.0,0,0.02985160182902877,0,Aprobar,Bajo
CLI-100215,Lima,3252.42,7227.71,563,0,50,143,Medio,1.0,1,0.6009514100177513,1,Denegar/Revisar,Alto
CLI-100216,Lima,5228.02,1498.55,906,0,46,144,Alto,2.0,1,0.01168075003282082,0,Aprobar,Bajo
CLI-100217,Arequipa,4868.3,564.04,923,0,54,324,Bajo,0.0,1,0.008911836485414795,0,Aprobar,Bajo
CLI-100218,Piura,6282.68,177.23,462,0,38,10,Medio,1.0,0,0.30254504384483516,1,Denegar/Revisar,Medio
CLI-100219,Loreto,3627.99,4130.21,482,0,31,16,Medio,1.0,0,0.605392788086115,1,Denegar/Revisar,Alto
CLI-100220,Arequipa,4039.71,3213.94,850,0,37,38,Alto,2.0,0,0.03644830274932024,0,Aprobar,Bajo
CLI-100221,Piura,5480.79,1041.8,624,0,42,24,Bajo,0.0,1,0.12479677366555716,0,Aprobar,Bajo
CLI-100222,Lima,2900.8,7126.06,481,1,41,67,Bajo,0.0,1,0.7819845476444546,1,Denegar/Revisar,Muy alto
CLI-100223,Lima,3655.12,5319.75,283,1,27,5,Medio,1.0,0,0.9268784075972373,1,Denegar/Revisar,Muy alto
CLI-100224,Lima,3655.12,1294.23,293,0,40,42,Alto,2.0,0,0.8367498560275859,1,Denegar/Revisar,Muy alto
CLI-100225,Lima,2164.35,5599.35,561,1,41,168,Bajo,0.0,1,0.5927312092944887,1,Denegar/Revisar,Alto
CLI-100226,Cusco,3391.2,1124.12,155,1,67,96,Bajo,0.0,1,0.9504577494803199,1,Denegar/Revisar,Muy alto
CLI-100227,Lima,6435.54,4499.01,329,0,61,269,Bajo,0.0,1,0.7905358521155293,1,Denegar/Revisar,Muy alto
CLI-100228,Loreto,5380.97,504.73,588,0,30,110,Bajo,0.0,1,0.1544238677215039,0,Aprobar,Bajo
CLI-100229,Piura,1495.07,4713.73,127,1,35,76,Alto,2.0,0,0.9880480609895569,1,Denegar/Revisar,Muy alto
CLI-100230,Arequipa,7869.98,1091.3,931,0,25,8,Alto,2.0,0,0.00462502963426957,0,Aprobar,Bajo
CLI-100231,Piura,4897.9,3398.92,682,0,33,92,Alto,2.0,0,0.1348411560809922,0,Aprobar,Bajo
CLI-100232,Piura,4778.37,757.21,821,0,43,46,Medio,1.0,0,0.023398776135091198,0,Aprobar,Bajo
CLI-100233,Lima,2920.17,5178.03,283,1,52,117,Bajo,0.0,1,0.9381264356629513,1,Denegar/Revisar,Muy alto
CLI-100234,Lima,4572.06,251.25,524,0,31,118,Medio,1.0,0,0.2681058473574646,1,Denegar/Revisar,Medio
CLI-100235,Arequipa,3615.68,723.3,474,1,32,21,Alto,2.0,0,0.4563322972846494,1,Denegar/Revisar,Medio
CLI-100236,Lima,4463.47,814.03,967,0,18,0,Alto,2.0,0,0.006844446419222193,0,Aprobar,Bajo
CLI-100237,Lima,2580.34,168.89,140,1,37,72,Alto,2.0,0,0.9561128322302878,1,Denegar/Revisar,Muy alto
CLI-100238,Piura,5126.65,5466.16,583,0,28,44,Alto,2.0,0,0.3666494621560529,1,Denegar/Revisar,Medio
CLI-100239,Lima,4512.41,12653.938750000001,359,1,34,42,Alto,2.0,0,0.9595318876369023,1,Denegar/Revisar,Muy alto
CLI-100240,Cusco,3355.91,6027.49,540,0,29,83,Alto,2.0,0,0.5953653751953899,1,Denegar/Revisar,Alto
CLI-100241,Cusco,2131.52,7882.55,955,0,37,97,Medio,1.0,0,0.05368292088589601,0,Aprobar,Bajo
CLI-100242,Cusco,2920.1,24.1,183,1,19,6,Alto,2.0,0,0.9288039419094256,1,Denegar/Revisar,Muy alto
CLI-100243,Lima,1713.19,501.66,145,1,22,4,Alto,2.0,0,0.9646286527088436,1,Denegar/Revisar,Muy alto
CLI-100244,Lima,2867.63,3275.03,539,0,62,9,Medio,1.0,1,0.47230607290287585,1,Denegar/Revisar,Medio
CLI-100245,Cusco,3852.72,12653.938750000001,770,1,25,46,Alto,2.0,0,0.36899472236570885,1,Denegar/Revisar,Medio
CLI-100246,Lima,2819.53,4323.63,955,0,27,44,Alto,2.0,0,0.023152237420390492,0,Aprobar,Bajo
CLI-100247,Cusco,1320.55,1874.49,618,0,58,44,Bajo,0.0,1,0.32076001608685534,1,Denegar/Revisar,Medio
CLI-100248,Cusco,4825.96,632.0,944,0,70,343,Bajo,0.0,1,0.0075080384450624755,0,Aprobar,Bajo
CLI-100249,Loreto,3614.24,663.44,537,0,26,57,Alto,2.0,0,0.31466064084573014,1,Denegar/Revisar,Medio
CLI-100250,Lima,2952.89,1802.39,235,1,35,50,Medio,1.0,0,0.9175951713052267,1,Denegar/Revisar,Muy alto
CLI-100251,Lima,3830.15,5004.4,282,1,43,181,Alto,2.0,1,0.9227528032571031,1,Denegar/Revisar,Muy alto
CLI-100252,Loreto,3126.69,129.35,808,0,58,310,Alto,2.0,1,0.03488144199045995,0,Aprobar,Bajo
CLI-100253,Lima,3540.71,7646.97,271,1,28,32,Alto,2.0,0,0.9611631639393164,1,Denegar/Revisar,Muy alto
CLI-100254,Lima,6426.13,11358.43,960,0,37,146,Medio,1.0,1,0.03996896567963263,0,Aprobar,Bajo
CLI-100255,Piura,3891.94,8786.29,887,0,48,137,Medio,1.0,1,0.07949573498370353,0,Aprobar,Bajo
CLI-100256,Cusco,3560.7650000000003,9768.63,689,0,44,180,Alto,2.0,1,0.4331477069874226,1,Denegar/Revisar,Medio
CLI-100257,Arequipa,4152.99,61.83,789,0,35,150,Medio,1.0,1,0.03128152504583879,0,Aprobar,Bajo
CLI-100258,Piura,2497.43,12653.938750000001,638,1,37,35,Bajo,0.0,1,0.7342371697900689,1,Denegar/Revisar,Alto
CLI-100259,Lima,4212.53,1825.08,219,1,24,15,Medio,1.0,0,0.90659140418961,1,Denegar/Revisar,Muy alto
CLI-100260,Piura,3091.16,8138.82,380,1,36,172,Medio,1.0,1,0.9134070360375234,1,Denegar/Revisar,Muy alto
CLI-100261,Cusco,4892.83,827.16,407,1,37,78,Alto,2.0,0,0.5446265988451573,1,Denegar/Revisar,Alto
CLI-100262,Lima,4734.02,2366.16,807,0,42,130,Medio,1.0,1,0.037327442850128456,0,Aprobar,Bajo
CLI-100263,Piura,2760.26,180.68,376,1,33,69,Alto,2.0,0,0.6959548709739504,1,Denegar/Revisar,Alto
CLI-100264,Loreto,6039.52,163.6,629,0,45,56,Medio,1.0,1,0.08720348203454496,0,Aprobar,Bajo
CLI-100265,Arequipa,2538.94,11478.24,394,1,50,214,Bajo,0.0,1,0.9567476845970909,1,Denegar/Revisar,Muy alto
CLI-100266,Arequipa,1025.0,6655.72,882,0,40,124,Medio,1.0,1,0.10092321900595418,0,Aprobar,Bajo
CLI-100267,Arequipa,4124.87,3018.61,152,1,43,114,Bajo,0.0,1,0.9612873467581339,1,Denegar/Revisar,Muy alto
CLI-100268,Lima,3655.12,2981.62,905,1,40,34,Alto,2.0,0,0.02296612970173799,0,Aprobar,Bajo
CLI-100269,Lima,5487.58,5525.3,531,0,40,44,Alto,2.0,0,0.467527313067421,1,Denegar/Revisar,Medio
CLI-100270,Loreto,1479.49,1672.19,151,1,30,41,Alto,2.0,0,0.9721040964478146,1,Denegar/Revisar,Muy alto
CLI-100271,Loreto,3783.27,5739.74,827,0,43,215,Medio,1.0,1,0.07554073779964648,0,Aprobar,Bajo
CLI-100272,Loreto,2301.94,2654.42,171,1,37,165,Alto,2.0,0,0.9670721790323051,1,Denegar/Revisar,Muy alto
CLI-100273,Cusco,4154.64,4063.53,127,1,62,186,Medio,1.0,1,0.9739643984068899,1,Denegar/Revisar,Muy alto
CLI-100274,Piura,4612.28,12653.938750000001,568,1,57,48,Bajo,0.0,1,0.7653349908351885,1,Denegar/Revisar,Muy alto
CLI-100275,Piura,4548.2,2549.45,863,0,44,118,Bajo,0.0,1,0.0252094344283188,0,Aprobar,Bajo
CLI-100276,Arequipa,4801.87,2167.92,985,0,31,55,Medio,1.0,0,0.006844855898268273,0,Aprobar,Bajo
CLI-100277,Piura,2065.54,9447.18,646,0,26,52,Medio,1.0,0,0.5926531682916231,1,Denegar/Revisar,Alto
CLI-100278,Arequipa,4653.02,9314.92,500,1,52,244,Medio,1.0,1,0.7532861696311498,1,Denegar/Revisar,Muy alto
CLI-100279,Arequipa,4283.68,12653.938750000001,300,1,42,58,Medio,1.0,0,0.97666056851699,1,Denegar/Revisar,Muy alto
CLI-100280,Loreto,7656.66,3201.71,860,0,46,41,Medio,1.0,1,0.01407902013110682,0,Aprobar,Bajo
CLI-100281,Lima,4626.18,1687.97,710,0,20,14,Alto,2.0,0,0.08167845086940564,0,Aprobar,Bajo
CLI-100282,Lima,5286.69,1099.8,919,0,50,189,Medio,1.0,1,0.00904621090012038,0,Aprobar,Bajo
CLI-100283,Lima,4346.4,138.76,565,0,44,156,Medio,1.0,1,0.20419748255826273,1,Denegar/Revisar,Bajo
CLI-100284,Piura,2956.94,5189.16,751,0,27,7,Alto,2.0,0,0.15740838865642057,0,Aprobar,Bajo
CLI-100285,Lima,3655.12,1063.56,694,0,34,54,Alto,2.0,0,0.10190792439343457,0,Aprobar,Bajo
CLI-100286,Lima,3734.38,3732.13,659,0,42,53,Bajo,0.0,1,0.2137108282883874,1,Denegar/Revisar,Bajo
CLI-100287,Piura,3988.56,9936.06,889,0,40,62,Bajo,0.0,1,0.09893606807301265,0,Aprobar,Bajo
CLI-100288,Lima,3655.12,12000.05,478,1,36,41,Medio,1.0,0,0.8929477077265305,1,Denegar/Revisar,Muy alto
CLI-100289,Piura,4119.08,17.68,859,0,38,107,Medio,1.0,1,0.016446444098917712,0,Aprobar,Bajo
CLI-100290,Lima,3758.39,1525.48,994,0,36,14,Alto,2.0,0,0.007268739233385487,0,Aprobar,Bajo
CLI-100291,Lima,3374.86,7265.31,276,1,41,141,Alto,2.0,0,0.9577002547473104,1,Denegar/Revisar,Muy alto
CLI-100292,Loreto,2657.09,3075.32,151,1,55,118,Medio,1.0,1,0.9716830199073367,1,Denegar/Revisar,Muy alto
CLI-100293,Lima,2583.44,6590.82,178,1,18,0,Alto,2.0,0,0.9833782161063703,1,Denegar/Revisar,Muy alto
CLI-100294,Lima,4202.74,7678.1,484,0,37,160,Alto,2.0,0,0.7433787288773808,1,Denegar/Revisar,Alto
CLI-100295,Piura,4479.68,12653.938750000001,933,1,41,64,Alto,2.0,0,0.09875853404206492,0,Aprobar,Bajo
CLI-100296,Arequipa,3018.8,1778.8,675,0,42,82,Medio,1.0,1,0.1495992290906301,0,Aprobar,Bajo
CLI-100297,Lima,1568.69,2431.06,107,1,34,51,Bajo,0.0,1,0.983750427390791,1,Denegar/Revisar,Muy alto
CLI-100298,Piura,3273.6,4231.36,313,1,20,20,Alto,2.0,0,0.8961752792223171,1,Denegar/Revisar,Muy alto
CLI-100299,Lima,1628.05,1830.15,124,1,42,64,Medio,1.0,0,0.9773496781344243,1,Denegar/Revisar,Muy alto
CLI-100300,Lima,3655.12,5966.41,549,1,58,210,Alto,2.0,1,0.5546395273027945,1,Denegar/Revisar,Alto
CLI-100301,Piura,3027.28,9373.33,867,0,22,9,Alto,2.0,0,0.13027765233679217,0,Aprobar,Bajo
CLI-100302,Piura,4590.48,1326.88,854,0,49,73,Bajo,0.0,1,0.021070694786599994,0,Aprobar,Bajo
CLI-100303,Piura,5402.31,12653.938750000001,556,1,36,20,Alto,2.0,0,0.7523909284409735,1,Denegar/Revisar,Muy alto
CLI-100304,Arequipa,4141.64,3899.13,560,0,39,52,Medio,1.0,0,0.38421142465758046,1,Denegar/Revisar,Medio
CLI-100305,Cusco,4424.23,8420.47,297,1,28,11,Alto,2.0,0,0.9489819543191673,1,Denegar/Revisar,Muy alto
CLI-100306,Piura,2781.45,438.89,193,1,35,52,Alto,2.0,0,0.9305017087453596,1,Denegar/Revisar,Muy alto
CLI-100307,Lima,4349.34,1158.73,818,0,54,25,Bajo,0.0,1,0.02987447667301349,0,Aprobar,Bajo
CLI-100308,Arequipa,6051.49,1548.65,536,0,46,134,Alto,2.0,0,0.24092045713635168,1,Denegar/Revisar,Bajo
CLI-100309,Lima,4995.06,1442.86,626,0,59,325,Medio,1.0,1,0.14092767998196462,0,Aprobar,Bajo
CLI-100310,Lima,5483.54,754.3,789,0,53,168,Medio,1.0,1,0.02671503391331059,0,Aprobar,Bajo
CLI-100311,Lima,3057.69,8105.91,477,1,44,31,Alto,2.0,0,0.8153744167222762,1,Denegar/Revisar,Muy alto
CLI-100312,Lima,3864.1,2169.35,686,0,58,156,Bajo,0.0,1,0.12829471634040432,0,Aprobar,Bajo
CLI-100313,Cusco,3514.5,12653.938750000001,203,1,44,36,Alto,2.0,0,0.9923160251899787,1,Denegar/Revisar,Muy alto
CLI-100314,Loreto,3400.4,3503.21,905,0,48,51,Medio,1.0,1,0.026091044852212354,0,Aprobar,Bajo
CLI-100315,Arequipa,1025.0,595.83,779,0,35,105,Medio,1.0,0,0.07582039475605605,0,Aprobar,Bajo
CLI-100316,Lima,4546.7,3157.79,726,0,40,52,Medio,1.0,0,0.09283615528048389,0,Aprobar,Bajo
CLI-100317,Lima,4218.05,12653.938750000001,138,1,32,48,Alto,2.0,0,0.9950696766812654,1,Denegar/Revisar,Muy alto
CLI-100318,Lima,3696.8,3331.22,557,0,50,291,Alto,2.0,1,0.39608660334888185,1,Denegar/Revisar,Medio
CLI-100319,Lima,2532.14,7.48,463,0,26,5,Alto,2.0,0,0.5070817301882148,1,Denegar/Revisar,Alto
CLI-100320,Piura,3771.96,10817.02,884,0,48,226,Bajo,0.0,1,0.1272060034626744,0,Aprobar,Bajo
CLI-100321,Arequipa,1025.0,1070.97,234,1,36,110,Alto,2.0,0,0.9399620393922935,1,Denegar/Revisar,Muy alto
CLI-100322,Arequipa,2946.16,4665.8,473,1,52,270,Bajo,0.0,1,0.6947072648999271,1,Denegar/Revisar,Alto
CLI-100323,Lima,1489.37,2895.09,331,1,46,122,Alto,2.0,0,0.8926779682952029,1,Denegar/Revisar,Muy alto
CLI-100324,Cusco,1726.54,1574.74,138,1,58,363,Medio,1.0,1,0.9722545421365477,1,Denegar/Revisar,Muy alto
CLI-100325,Arequipa,2555.48,1328.71,902,0,47,57,Alto,2.0,0,0.02153583367735328,0,Aprobar,Bajo
CLI-100326,Piura,2414.53,10566.8,918,0,21,20,Alto,2.0,0,0.12103096204838787,0,Aprobar,Bajo
CLI-100327,Piura,1285.83,9718.31,146,1,37,90,Medio,1.0,0,0.9950507878957011,1,Denegar/Revisar,Muy alto
CLI-100328,Lima,3719.23,2879.07,135,1,26,1,Alto,2.0,0,0.968818081695342,1,Denegar/Revisar,Muy alto
CLI-100329,Lima,3597.32,1196.29,931,0,33,34,Alto,2.0,0,0.012641761104356187,0,Aprobar,Bajo
CLI-100330,Lima,3655.12,431.86,194,1,56,204,Medio,1.0,1,0.9123238505578855,1,Denegar/Revisar,Muy alto
CLI-100331,Arequipa,4551.02,681.14,460,0,46,216,Bajo,0.0,1,0.43297421649444284,1,Denegar/Revisar,Medio
CLI-100332,Lima,3655.12,2954.69,624,0,31,135,Alto,2.0,0,0.24598112606220923,1,Denegar/Revisar,Bajo
CLI-100333,Lima,1025.0,1471.69,245,1,27,61,Medio,1.0,0,0.9366607654042325,1,Denegar/Revisar,Muy alto
CLI-100334,Lima,4927.44,171.91,467,0,40,102,Medio,1.0,1,0.3615223399014152,1,Denegar/Revisar,Medio
CLI-100335,Lima,3655.12,2429.11,164,1,26,10,Alto,2.0,0,0.9562297711756877,1,Denegar/Revisar,Muy alto
CLI-100336,Loreto,4309.56,5484.67,327,1,32,10,Bajo,0.0,0,0.8857852576614055,1,Denegar/Revisar,Muy alto
CLI-100337,Arequipa,3638.81,8891.22,853,0,42,127,Medio,1.0,1,0.11411584778506882,0,Aprobar,Bajo
CLI-100338,Lima,3655.12,3520.65,619,1,52,146,Alto,2.0,1,0.27813416368143,1,Denegar/Revisar,Medio
CLI-100339,Lima,3757.17,5139.17,915,0,46,118,Medio,1.0,1,0.030744142880595036,0,Aprobar,Bajo
CLI-100340,Lima,1025.0,1810.67,952,0,18,1,Alto,2.0,0,0.0212818144838998,0,Aprobar,Bajo
CLI-100341,Lima,2473.94,2742.61,654,0,42,167,Medio,1.0,1,0.22956371529539282,1,Denegar/Revisar,Bajo
CLI-100342,Lima,4963.21,5231.81,855,0,40,14,Alto,2.0,0,0.042705566880312025,0,Aprobar,Bajo
CLI-100343,Lima,3298.63,5202.79,280,1,43,131,Medio,1.0,1,0.9325075655162185,1,Denegar/Revisar,Muy alto
CLI-100344,Lima,3516.23,2210.25,600,0,57,269,Bajo,0.0,1,0.26502580352511007,1,Denegar/Revisar,Medio
CLI-100345,Piura,3660.39,3138.13,696,1,18,0,Alto,2.0,0,0.14703241402940398,0,Aprobar,Bajo
CLI-100346,Piura,3035.63,10300.48,254,1,32,5,Alto,2.0,0,0.9828056817198123,1,Denegar/Revisar,Muy alto
CLI-100347,Lima,4250.44,3998.66,886,0,46,186,Bajo,0.0,1,0.029437127168263126,0,Aprobar,Bajo
CLI-100348,Lima,3731.03,4115.31,634,0,22,30,Alto,2.0,0,0.27160798836284494,1,Denegar/Revisar,Medio
CLI-100349,Piura,4758.51,6141.41,726,0,56,132,Medio,1.0,1,0.15465623002105655,0,Aprobar,Bajo
CLI-100350,Piura,4606.65,489.68,917,0,43,69,Alto,2.0,0,0.009852508269432078,0,Aprobar,Bajo
CLI-100351,Loreto,3189.56,2959.98,534,0,48,173,Bajo,0.0,1,0.45841198821809886,1,Denegar/Revisar,Medio
CLI-100352,Arequipa,2816.15,12653.938750000001,910,0,32,48,Bajo,0.0,0,0.1666821755219011,0,Aprobar,Bajo
CLI-100353,Lima,4935.99,1795.54,198,1,48,127,Medio,1.0,1,0.9085115780595536,1,Denegar/Revisar,Muy alto
CLI-100354,Lima,6902.4,1397.81,715,0,52,25,Alto,2.0,0,0.044954063352163384,0,Aprobar,Bajo
CLI-100355,Piura,6058.31,3677.26,471,1,43,42,Medio,1.0,0,0.46793982661956673,1,Denegar/Revisar,Medio
CLI-100356,Lima,4872.62,999.59,662,0,42,145,Alto,2.0,0,0.10228994321426743,0,Aprobar,Bajo
CLI-100357,Piura,1025.0,3247.23,461,1,41,92,Alto,2.0,0,0.7466829212474448,1,Denegar/Revisar,Alto
CLI-100358,Cusco,1025.0,676.76,211,1,28,71,Alto,2.0,0,0.9470182636129839,1,Denegar/Revisar,Muy alto
CLI-100359,Piura,2781.37,3468.04,552,0,37,65,Medio,1.0,0,0.45708989096594105,1,Denegar/Revisar,Medio
CLI-100360,Lima,4127.87,3689.03,855,0,38,25,Alto,2.0,0,0.03762409892370097,0,Aprobar,Bajo
CLI-100361,Piura,2892.26,2167.89,268,1,43,93,Medio,1.0,1,0.8995107677266589,1,Denegar/Revisar,Muy alto
CLI-100362,Lima,4156.63,1929.9,683,0,50,174,Medio,1.0,1,0.11456779081435857,0,Aprobar,Bajo
CLI-100363,Piura,1025.0,1126.58,238,1,26,37,Alto,2.0,0,0.9384906086669784,1,Denegar/Revisar,Muy alto
CLI-100364,Cusco,6805.13,1607.42,947,0,39,210,Medio,1.0,1,0.005463829918904905,0,Aprobar,Bajo
CLI-100365,Lima,5417.86,2759.38,330,1,56,362,Bajo,0.0,1,0.7663003805360774,1,Denegar/Revisar,Muy alto
CLI-100366,Cusco,1208.97,1138.26,338,1,30,98,Alto,2.0,0,0.8515453823047522,1,Denegar/Revisar,Muy alto
CLI-100367,Cusco,3560.7650000000003,6108.38,352,1,30,100,Medio,1.0,0,0.8890289004621568,1,Denegar/Revisar,Muy alto
CLI-100368,Lima,3435.38,4938.21,535,0,41,196,Medio,1.0,1,0.536468078745401,1,Denegar/Revisar,Alto
CLI-100369,Lima,5713.14,1255.04,660,0,49,244,Bajo,0.0,1,0.09159091196649942,0,Aprobar,Bajo
CLI-100370,Lima,3493.73,410.06,521,0,39,59,Medio,1.0,0,0.3335093818206037,1,Denegar/Revisar,Medio
CLI-100371,Lima,3693.93,0.72,402,0,54,118,Medio,1.0,1,0.572257425981542,1,Denegar/Revisar,Alto
CLI-100372,Lima,2182.43,12653.938750000001,171,1,48,158,Bajo,0.0,1,0.9958072170683205,1,Denegar/Revisar,Muy alto
CLI-100373,Arequipa,3443.42,949.8,362,0,48,175,Medio,1.0,1,0.7160319577924441,1,Denegar/Revisar,Alto
CLI-100374,Lima,3655.12,50.65,933,0,45,211,Medio,1.0,1,0.009279485353518213,0,Aprobar,Bajo
CLI-100375,Lima,3760.16,1779.44,321,1,65,245,Bajo,0.0,1,0.8099480497432417,1,Denegar/Revisar,Muy alto
CLI-100376,Loreto,3715.26,12653.938750000001,176,1,37,71,Medio,1.0,0,0.9934979895070802,1,Denegar/Revisar,Muy alto
CLI-100377,Lima,1025.0,4683.99,161,1,18,0,Alto,2.0,0,0.9852067935419222,1,Denegar/Revisar,Muy alto
CLI-100378,Loreto,6847.42,7801.06,570,0,58,198,Bajo,0.0,1,0.41803122766316636,1,Denegar/Revisar,Medio
CLI-100379,Lima,1025.0,625.39,256,1,33,43,Alto,2.0,0,0.9205894702772168,1,Denegar/Revisar,Muy alto
CLI-100380,Lima,4544.63,304.45,905,0,41,66,Medio,1.0,0,0.010345882847487872,0,Aprobar,Bajo
CLI-100381,Arequipa,2722.33,46.39,224,1,53,126,Medio,1.0,1,0.8998861161604467,1,Denegar/Revisar,Muy alto
CLI-100382,Piura,3660.39,12463.68,840,0,21,7,Alto,2.0,0,0.24075140557512908,1,Denegar/Revisar,Bajo
CLI-100383,Loreto,5706.74,1427.86,951,0,26,27,Medio,1.0,0,0.00653064394067877,0,Aprobar,Bajo
CLI-100384,Arequipa,1958.28,2461.08,260,1,21,14,Alto,2.0,0,0.9298227947087307,1,Denegar/Revisar,Muy alto
CLI-100385,Loreto,3130.94,2006.96,640,0,30,36,Alto,2.0,0,0.20607128664880336,1,Denegar/Revisar,Bajo
CLI-100386,Lima,2230.09,5244.11,725,0,43,221,Alto,2.0,1,0.2220997693050401,1,Denegar/Revisar,Bajo
CLI-100387,Lima,5563.24,1484.05,690,0,46,182,Medio,1.0,1,0.07370479423627703,0,Aprobar,Bajo
CLI-100388,Arequipa,4167.13,3066.77,634,0,42,142,Medio,1.0,1,0.20626426076461674,1,Denegar/Revisar,Bajo
CLI-100389,Loreto,3865.83,12653.938750000001,205,1,24,29,Alto,2.0,0,0.9915123526490165,1,Denegar/Revisar,Muy alto
CLI-100390,Cusco,4177.98,2348.41,230,1,18,0,Alto,2.0,0,0.9110512251012834,1,Denegar/Revisar,Muy alto
CLI-100391,Lima,6399.12,3205.35,456,1,41,118,Medio,1.0,1,0.4584841565510068,1,Denegar/Revisar,Medio
CLI-100392,Lima,6793.42,2792.86,784,0,35,130,Medio,1.0,1,0.0316155771767519,0,Aprobar,Bajo
CLI-100393,Arequipa,4734.56,6501.99,875,0,44,59,Medio,1.0,1,0.046771434316752555,0,Aprobar,Bajo
CLI-100394,Lima,4642.94,1241.56,953,0,47,46,Medio,1.0,1,0.007876555589933339,0,Aprobar,Bajo
CLI-100395,Cusco,3669.79,747.43,984,0,41,84,Medio,1.0,1,0.006657673911618664,0,Aprobar,Bajo
CLI-100396,Loreto,3600.67,5611.21,896,0,47,69,Bajo,0.0,1,0.04318540367585531,0,Aprobar,Bajo
CLI-100397,Lima,3762.67,2148.8,101,1,42,140,Medio,1.0,1,0.9721425763074499,1,Denegar/Revisar,Muy alto
CLI-100398,Arequipa,2069.91,9800.91,332,1,44,101,Bajo,0.0,1,0.968711314691735,1,Denegar/Revisar,Muy alto
CLI-100399,Arequipa,4515.67,4133.09,468,0,32,96,Alto,2.0,0,0.5968677175377254,1,Denegar/Revisar,Alto
CLI-100400,Lima,4712.53,3323.6,350,1,37,11,Alto,2.0,0,0.7829160778566896,1,Denegar/Revisar,Muy alto
CLI-100401,Cusco,2681.53,292.25,932,0,41,191,Bajo,0.0,1,0.012794961035877355,0,Aprobar,Bajo
CLI-100402,Piura,3198.87,5243.44,207,1,48,130,Medio,1.0,1,0.9658550387038661,1,Denegar/Revisar,Muy alto
CLI-100403,Loreto,3151.41,4633.96,375,1,34,72,Medio,1.0,0,0.8387168154134118,1,Denegar/Revisar,Muy alto
CLI-100404,Lima,3049.92,4087.4,279,1,44,154,Alto,2.0,0,0.9238526663047165,1,Denegar/Revisar,Muy alto
CLI-100405,Loreto,2719.02,1247.4,824,0,36,30,Medio,1.0,0,0.039995910603161156,0,Aprobar,Bajo
CLI-100406,Lima,1025.0,11730.23,392,1,37,112,Alto,2.0,0,0.9712449467281723,1,Denegar/Revisar,Muy alto
CLI-100407,Lima,2732.88,1552.4,683,0,48,130,Medio,1.0,1,0.14255101981815876,0,Aprobar,Bajo
CLI-100408,Cusco,2944.81,660.59,894,0,18,0,Alto,2.0,0,0.018475578027333926,0,Aprobar,Bajo
CLI-100409,Lima,3577.83,12653.938750000001,274,1,25,19,Alto,2.0,0,0.9849344946411314,1,Denegar/Revisar,Muy alto
CLI-100410,Lima,3498.27,5485.56,222,1,23,13,Alto,2.0,0,0.9616474652273383,1,Denegar/Revisar,Muy alto
CLI-100411,Cusco,3620.89,2143.12,326,1,18,0,Alto,2.0,0,0.8193409466626246,1,Denegar/Revisar,Muy alto
CLI-100412,Cusco,1490.9,10990.27,543,1,31,48,Alto,2.0,0,0.8628157270054566,1,Denegar/Revisar,Muy alto
CLI-100413,Piura,2644.66,382.16,912,1,47,27,Bajo,0.0,1,0.01581794585356873,0,Aprobar,Bajo
CLI-100414,Piura,2628.99,366.98,527,1,35,125,Alto,2.0,0,0.3731798471324827,1,Denegar/Revisar,Medio
CLI-100415,Lima,2898.71,4588.49,182,1,41,56,Alto,2.0,0,0.9719887300591914,1,Denegar/Revisar,Muy alto
CLI-100416,Lima,3725.34,783.92,864,0,51,229,Medio,1.0,1,0.020138375278226362,0,Aprobar,Bajo
CLI-100417,Lima,4479.96,9962.39,757,0,54,174,Bajo,0.0,1,0.2536400144838634,1,Denegar/Revisar,Medio
CLI-100418,Arequipa,5425.21,7339.32,731,0,39,151,Medio,1.0,1,0.1614925743886973,0,Aprobar,Bajo
CLI-100419,Arequipa,1329.06,1463.25,164,1,53,44,Bajo,0.0,1,0.9683180259461318,1,Denegar/Revisar,Muy alto
CLI-100420,Arequipa,1818.09,8787.12,380,1,39,88,Alto,2.0,0,0.944105045594655,1,Denegar/Revisar,Muy alto
CLI-100421,Arequipa,4491.04,175.34,894,0,30,34,Alto,2.0,0,0.011728619150597091,0,Aprobar,Bajo
CLI-100422,Lima,3356.95,3181.94,490,0,32,58,Medio,1.0,0,0.5536851328551958,1,Denegar/Revisar,Alto
CLI-100423,Lima,4669.05,10968.26,527,0,23,18,Medio,1.0,0,0.7700111671318736,1,Denegar/Revisar,Muy alto
CLI-100424,Lima,3945.36,7734.67,717,1,29,49,Bajo,0.0,0,0.25913496329164404,1,Denegar/Revisar,Medio
CLI-100425,Piura,6932.78,1760.68,911,0,36,53,Alto,2.0,0,0.007961171715988258,0,Aprobar,Bajo
CLI-100426,Lima,1025.0,807.83,206,1,47,137,Medio,1.0,1,0.9488006900699825,1,Denegar/Revisar,Muy alto
CLI-100427,Loreto,5054.33,945.63,647,0,58,372,Medio,1.0,1,0.10684647594749126,0,Aprobar,Bajo
CLI-100428,Lima,4314.99,2890.37,758,0,24,30,Alto,2.0,0,0.0728373099614962,0,Aprobar,Bajo
CLI-100429,Lima,1117.5,3633.02,361,1,42,157,Alto,2.0,0,0.8888546909354385,1,Denegar/Revisar,Muy alto
CLI-100430,Lima,1025.0,133.46,258,1,26,16,Medio,1.0,0,0.9079828185623431,1,Denegar/Revisar,Muy alto
CLI-100431,Arequipa,1540.47,2134.68,364,1,43,172,Medio,1.0,1,0.831724027364121,1,Denegar/Revisar,Muy alto
CLI-100432,Piura,3660.39,7096.95,567,0,38,116,Alto,2.0,0,0.5715332256858017,1,Denegar/Revisar,Alto
CLI-100433,Lima,4744.85,2350.32,301,1,19,8,Medio,1.0,0,0.8162102051047743,1,Denegar/Revisar,Muy alto
CLI-100434,Lima,2815.02,741.35,254,1,49,174,Bajo,0.0,1,0.8887735202853226,1,Denegar/Revisar,Muy alto
CLI-100435,Arequipa,3638.81,12391.97,112,1,32,35,Medio,1.0,0,0.9964638091214602,1,Denegar/Revisar,Muy alto
CLI-100436,Lima,2007.85,1238.49,396,0,32,59,Alto,2.0,0,0.7385558661696546,1,Denegar/Revisar,Alto
CLI-100437,Loreto,4208.92,6406.44,995,0,27,57,Alto,2.0,0,0.017985995056865177,0,Aprobar,Bajo
CLI-100438,Arequipa,3654.76,861.66,933,0,32,79,Alto,2.0,0,0.011421319869138798,0,Aprobar,Bajo
CLI-100439,Lima,3655.12,2200.85,597,1,44,225,Medio,1.0,1,0.25643863161886227,1,Denegar/Revisar,Medio
CLI-100440,Lima,2037.17,2696.69,696,0,36,37,Alto,2.0,0,0.18623857003348726,0,Aprobar,Bajo
CLI-100441,Cusco,4870.66,2777.67,891,0,43,69,Medio,1.0,1,0.01829291378800723,0,Aprobar,Bajo
CLI-100442,Lima,5823.61,2906.6,344,1,44,32,Medio,1.0,0,0.7220518076112739,1,Denegar/Revisar,Alto
CLI-100443,Lima,4459.87,1019.3,399,1,54,165,Alto,2.0,1,0.5975030337642844,1,Denegar/Revisar,Alto
CLI-100444,Loreto,3600.67,2901.98,461,1,35,21,Medio,1.0,0,0.5919276745678218,1,Denegar/Revisar,Alto
CLI-100445,Cusco,3560.7650000000003,2628.9,453,1,23,15,Alto,2.0,0,0.6075580261465737,1,Denegar/Revisar,Alto
CLI-100446,Cusco,4765.6,936.41,927,0,51,182,Bajo,0.0,1,0.009504153158133756,0,Aprobar,Bajo
CLI-100447,Arequipa,3965.78,12653.938750000001,620,1,35,45,Alto,2.0,0,0.6993836229332108,1,Denegar/Revisar,Alto
CLI-100448,Lima,5318.61,8026.65,485,1,52,38,Bajo,0.0,1,0.7045174377737432,1,Denegar/Revisar,Alto
CLI-100449,Lima,5038.67,8741.92,858,0,44,83,Medio,1.0,1,0.0792462226553841,0,Aprobar,Bajo
CLI-100450,Arequipa,2594.74,4627.99,411,0,37,117,Alto,2.0,0,0.8141784755505427,1,Denegar/Revisar,Muy alto
CLI-100451,Piura,2696.93,696.92,513,1,42,61,Bajo,0.0,1,0.4174249190836169,1,Denegar/Revisar,Medio
CLI-100452,Lima,1294.76,3358.17,377,1,60,162,Medio,1.0,1,0.8570917773946118,1,Denegar/Revisar,Muy alto
CLI-100453,Cusco,4392.05,6891.31,849,0,62,116,Bajo,0.0,1,0.0710612236981067,0,Aprobar,Bajo
CLI-100454,Lima,3655.12,158.03,814,0,40,174,Bajo,0.0,1,0.02950797897963361,0,Aprobar,Bajo
CLI-100455,Lima,5580.99,2739.47,858,0,42,128,Medio,1.0,1,0.020915976496353142,0,Aprobar,Bajo
CLI-100456,Lima,5075.73,2017.54,846,0,51,306,Alto,2.0,1,0.02342448275489246,0,Aprobar,Bajo
CLI-100457,Lima,4720.18,953.66,692,0,30,82,Alto,2.0,0,0.08107802700373533,0,Aprobar,Bajo
CLI-100458,Lima,3655.12,1900.87,455,1,43,62,Medio,1.0,0,0.5508660983597133,1,Denegar/Revisar,Alto
CLI-100459,Lima,3523.05,12653.938750000001,624,0,39,55,Alto,2.0,0,0.7129127718303814,1,Denegar/Revisar,Alto
CLI-100460,Lima,3792.04,5138.47,938,0,43,261,Bajo,0.0,1,0.025672040429225787,0,Aprobar,Bajo
CLI-100461,Piura,2884.21,1424.06,115,1,30,55,Bajo,0.0,0,0.9709805123929677,1,Denegar/Revisar,Muy alto
CLI-100462,Arequipa,3638.81,3719.08,144,1,22,22,Alto,2.0,0,0.9720195356376481,1,Denegar/Revisar,Muy alto
CLI-100463,Piura,2569.6,1132.93,420,1,18,1,Alto,2.0,0,0.6594159886279455,1,Denegar/Revisar,Alto
CLI-100464,Cusco,3286.02,3775.1,750,0,27,78,Alto,2.0,0,0.11473649144345908,0,Aprobar,Bajo
CLI-100465,Lima,3655.12,9059.87,425,1,34,55,Alto,2.0,0,0.8845208900219302,1,Denegar/Revisar,Muy alto
CLI-100466,Lima,1299.75,3255.63,247,1,35,63,Alto,2.0,0,0.9537581964569746,1,Denegar/Revisar,Muy alto
CLI-100467,Loreto,2288.01,5287.12,454,1,60,269,Bajo,0.0,1,0.7831958414679543,1,Denegar/Revisar,Muy alto
CLI-100468,Lima,3178.76,2415.71,335,1,51,36,Medio,1.0,1,0.8247891728436947,1,Denegar/Revisar,Muy alto
CLI-100469,Cusco,5453.58,2970.39,802,0,29,47,Alto,2.0,0,0.039016936750640975,0,Aprobar,Bajo
CLI-100470,Lima,2470.84,4750.76,712,0,42,105,Bajo,0.0,1,0.21558673024548355,1,Denegar/Revisar,Bajo
CLI-100471,Cusco,5592.55,6693.88,204,1,35,107,Alto,2.0,0,0.9592970979769935,1,Denegar/Revisar,Muy alto
CLI-100472,Lima,1620.01,4308.79,573,0,35,72,Bajo,0.0,1,0.5290820037795009,1,Denegar/Revisar,Alto
CLI-100473,Loreto,6547.42,12653.938750000001,861,0,42,157,Alto,2.0,0,0.11758766386681992,0,Aprobar,Bajo
CLI-100474,Piura,5289.39,6855.25,495,0,46,152,Medio,1.0,1,0.6215210401775183,1,Denegar/Revisar,Alto
CLI-100475,Cusco,1444.85,6005.21,545,0,34,135,Medio,1.0,0,0.6768963075637136,1,Denegar/Revisar,Alto
CLI-100476,Lima,3655.12,7459.94,705,1,51,72,Bajo,0.0,1,0.28321491191492093,1,Denegar/Revisar,Medio
CLI-100477,Piura,4217.8,1320.75,319,1,27,31,Alto,2.0,0,0.7799498206067345,1,Denegar/Revisar,Muy alto
CLI-100478,Cusco,3751.9,2262.87,909,0,39,105,Medio,1.0,1,0.017972901401207823,0,Aprobar,Bajo
CLI-100479,Piura,2889.58,3324.7,950,0,67,368,Medio,1.0,1,0.018687576545761034,0,Aprobar,Bajo
CLI-100480,Piura,6299.55,2482.46,541,0,43,16,Bajo,0.0,1,0.258285776955512,1,Denegar/Revisar,Medio
CLI-100481,Arequipa,2197.15,7521.26,744,0,54,186,Bajo,0.0,1,0.2802617248676177,1,Denegar/Revisar,Medio
CLI-100482,Lima,3353.59,109.77,972,0,40,94,Medio,1.0,1,0.007005514412416273,0,Aprobar,Bajo
CLI-100483,Piura,3119.4,938.72,766,0,45,121,Bajo,0.0,1,0.059879122063954224,0,Aprobar,Bajo
CLI-100484,Piura,1025.0,8538.35,127,1,37,52,Medio,1.0,0,0.9949991557267194,1,Denegar/Revisar,Muy alto
CLI-100485,Cusco,4423.05,243.67,893,0,37,99,Medio,1.0,0,0.011741432508343882,0,Aprobar,Bajo
CLI-100486,Lima,2280.66,1029.84,574,0,30,40,Alto,2.0,0,0.32329141154585317,1,Denegar/Revisar,Medio
CLI-100487,Lima,5169.8,1730.83,727,0,44,89,Medio,1.0,1,0.06095048222357863,0,Aprobar,Bajo
CLI-100488,Cusco,4719.89,5557.04,404,1,30,32,Alto,2.0,0,0.7766303633796995,1,Denegar/Revisar,Muy alto
CLI-100489,Loreto,4537.58,3285.57,845,0,47,134,Medio,1.0,1,0.033352236175490345,0,Aprobar,Bajo
CLI-100490,Lima,3872.57,12369.39,504,1,51,150,Bajo,0.0,1,0.8747177886603328,1,Denegar/Revisar,Muy alto
CLI-100491,Piura,3969.38,1034.44,612,0,43,45,Alto,2.0,0,0.18451646190816887,0,Aprobar,Bajo
CLI-100492,Lima,2651.39,8226.66,601,0,35,32,Alto,2.0,0,0.6087041831854182,1,Denegar/Revisar,Alto
CLI-100493,Lima,2471.76,1330.24,447,0,44,56,Medio,1.0,0,0.6066609987634003,1,Denegar/Revisar,Alto
CLI-100494,Lima,5162.84,12653.938750000001,339,1,36,77,Alto,2.0,0,0.9609328111385748,1,Denegar/Revisar,Muy alto
CLI-100495,Lima,4940.86,2759.61,669,0,50,174,Medio,1.0,1,0.12782491892956055,0,Aprobar,Bajo
CLI-100496,Piura,4701.13,295.47,946,0,19,8,Alto,2.0,0,0.007067816014699328,0,Aprobar,Bajo
CLI-100497,Lima,4988.1,1940.03,794,0,36,161,Alto,2.0,0,0.03774232780706924,0,Aprobar,Bajo
CLI-100498,Cusco,3280.37,1758.21,436,0,18,0,Medio,1.0,0,0.608077295718516,1,Denegar/Revisar,Alto
CLI-100499,Cusco,3027.42,697.9,125,1,22,10,Alto,2.0,0,0.9619457354038845,1,Denegar/Revisar,Muy alto
CLI-100500,Arequipa,4407.78,7887.23,508,1,54,254,Bajo,0.0,1,0.6974217990636942,1,Denegar/Revisar,Alto
CLI-100501,Piura,3660.39,1950.32,176,1,49,192,Medio,1.0,1,0.944310039505207,1,Denegar/Revisar,Muy alto
CLI-100502,Lima,4491.21,12653.938750000001,316,1,31,84,Alto,2.0,0,0.9727275788761494,1,Denegar/Revisar,Muy alto
CLI-100503,Loreto,4605.51,9198.68,427,1,23,40,Alto,2.0,0,0.8612819979004633,1,Denegar/Revisar,Muy alto
CLI-100504,Arequipa,3200.97,866.71,936,0,18,0,Alto,2.0,0,0.012339126120087198,0,Aprobar,Bajo
CLI-100505,Lima,6112.15,2813.78,873,0,34,57,Bajo,0.0,1,0.017025135835075554,0,Aprobar,Bajo
CLI-100506,Cusco,1025.0,3683.25,122,1,65,389,Bajo,0.0,1,0.9872977915607907,1,Denegar/Revisar,Muy alto
CLI-100507,Loreto,4739.43,6836.16,855,0,44,58,Medio,1.0,1,0.05966319379940543,0,Aprobar,Bajo
CLI-100508,Cusco,3560.7650000000003,8673.71,769,1,33,80,Alto,2.0,0,0.2225753497485971,1,Denegar/Revisar,Bajo
CLI-100509,Arequipa,3669.79,3912.86,817,0,44,256,Alto,2.0,1,0.06112716633963542,0,Aprobar,Bajo
CLI-100510,Piura,3347.05,143.07,409,1,22,20,Alto,2.0,0,0.5925307163530787,1,Denegar/Revisar,Alto
CLI-100511,Lima,4770.1,2625.54,698,0,36,102,Bajo,0.0,1,0.1050265137952154,0,Aprobar,Bajo
CLI-100512,Cusco,1025.0,8644.46,366,1,39,89,Alto,2.0,0,0.9573849520910604,1,Denegar/Revisar,Muy alto
CLI-100513,Loreto,5029.45,5008.31,514,1,39,116,Bajo,0.0,1,0.5066310382613866,1,Denegar/Revisar,Alto
CLI-100514,Lima,3374.59,8165.25,745,0,48,162,Alto,2.0,1,0.25166366616962565,1,Denegar/Revisar,Medio
CLI-100515,Lima,4755.18,4484.41,366,1,43,66,Medio,1.0,0,0.7907437284169202,1,Denegar/Revisar,Muy alto
CLI-100516,Lima,4329.28,180.14,432,0,47,148,Alto,2.0,1,0.4846515657572294,1,Denegar/Revisar,Medio
CLI-100517,Loreto,3611.39,12653.938750000001,879,0,31,61,Medio,1.0,0,0.17631278930686758,0,Aprobar,Bajo
CLI-100518,Cusco,3479.01,10005.05,549,1,49,68,Medio,1.0,1,0.7454932123041095,1,Denegar/Revisar,Alto
CLI-100519,Lima,3797.13,541.35,664,0,57,308,Medio,1.0,1,0.11140245941183505,0,Aprobar,Bajo
CLI-100520,Piura,6329.39,478.25,710,0,29,5,Alto,2.0,0,0.0443427899952086,0,Aprobar,Bajo
CLI-100521,Lima,1481.33,3098.11,346,1,28,28,Medio,1.0,0,0.8791001664299326,1,Denegar/Revisar,Muy alto
CLI-100522,Cusco,2112.89,5659.61,135,1,53,195,Alto,2.0,1,0.9878257909905921,1,Denegar/Revisar,Muy alto
CLI-100523,Loreto,1126.72,1926.19,500,0,36,86,Medio,1.0,0,0.5924430197773753,1,Denegar/Revisar,Alto
CLI-100524,Loreto,2939.86,586.5,127,1,54,46,Bajo,0.0,1,0.9611332783434872,1,Denegar/Revisar,Muy alto
CLI-100525,Lima,2202.74,2857.94,319,1,34,32,Medio,1.0,0,0.8827881343527608,1,Denegar/Revisar,Muy alto
CLI-100526,Lima,3655.12,1647.34,505,0,55,235,Medio,1.0,1,0.42106211573011976,1,Denegar/Revisar,Medio
CLI-100527,Lima,6153.04,1734.05,713,0,41,98,Medio,1.0,1,0.055674572233890336,0,Aprobar,Bajo
CLI-100528,Lima,3012.95,4142.39,874,0,42,139,Alto,2.0,0,0.04455105536751926,0,Aprobar,Bajo
CLI-100529,Loreto,3000.72,8672.5,370,1,56,382,Medio,1.0,1,0.9297896813232919,1,Denegar/Revisar,Muy alto
CLI-100530,Loreto,3600.67,3271.14,835,0,35,84,Alto,2.0,0,0.046527699169512736,0,Aprobar,Bajo
CLI-100531,Cusco,3406.25,4653.92,750,0,29,38,Alto,2.0,0,0.13175250003920652,0,Aprobar,Bajo
CLI-100532,Cusco,8439.68,4314.62,891,0,36,76,Medio,1.0,0,0.011136142626224244,0,Aprobar,Bajo
CLI-100533,Piura,1117.54,3204.23,610,0,43,114,Bajo,0.0,1,0.4140359447577046,1,Denegar/Revisar,Medio
CLI-100534,Arequipa,4236.1,1488.65,385,1,22,23,Alto,2.0,0,0.6631688786195854,1,Denegar/Revisar,Alto
CLI-100535,Cusco,7247.06,1897.94,553,0,47,143,Alto,2.0,1,0.18082437500850812,0,Aprobar,Bajo
CLI-100536,Loreto,5840.63,1517.46,861,0,34,158,Alto,2.0,0,0.015457509906017759,0,Aprobar,Bajo
CLI-100537,Lima,4436.41,12653.938750000001,933,1,52,125,Bajo,0.0,1,0.09965579556157743,0,Aprobar,Bajo
CLI-100538,Lima,1572.85,7009.05,416,0,18,1,Bajo,0.0,0,0.8975648407639242,1,Denegar/Revisar,Muy alto
CLI-100539,Lima,5835.16,3463.79,689,1,31,66,Medio,1.0,0,0.10277644602353746,0,Aprobar,Bajo
CLI-100540,Cusco,4698.02,9732.76,396,1,21,6,Medio,1.0,0,0.8974886352154678,1,Denegar/Revisar,Muy alto
CLI-100541,Piura,1079.46,8700.59,437,1,29,23,Bajo,0.0,0,0.9202077398791955,1,Denegar/Revisar,Muy alto
CLI-100542,Lima,2831.58,10507.41,406,1,41,136,Medio,1.0,1,0.9353846355893506,1,Denegar/Revisar,Muy alto
CLI-100543,Arequipa,1744.86,1002.95,527,1,36,53,Alto,2.0,0,0.45533533544333943,1,Denegar/Revisar,Medio
CLI-100544,Piura,1025.0,5056.35,450,1,35,136,Medio,1.0,0,0.8216791053520296,1,Denegar/Revisar,Muy alto
CLI-100545,Lima,1875.96,3758.49,610,1,37,43,Alto,2.0,0,0.39981418452220546,1,Denegar/Revisar,Medio
CLI-100546,Lima,3906.16,5294.49,624,0,41,30,Medio,1.0,0,0.326784276217406,1,Denegar/Revisar,Medio
CLI-100547,Arequipa,5284.48,1222.73,957,0,29,20,Medio,1.0,0,0.006520118456949581,0,Aprobar,Bajo
CLI-100548,Piura,3196.84,4747.27,591,1,47,231,Alto,2.0,1,0.41929049358789955,1,Denegar/Revisar,Medio
CLI-100549,Arequipa,3638.81,2109.37,693,0,46,43,Bajo,0.0,1,0.12540882524674388,0,Aprobar,Bajo
CLI-100550,Piura,4260.16,7185.28,108,1,43,167,Bajo,0.0,1,0.9887203626178035,1,Denegar/Revisar,Muy alto
CLI-100551,Loreto,3600.67,6346.12,596,0,45,184,Medio,1.0,1,0.4583155798425531,1,Denegar/Revisar,Medio
CLI-100552,Piura,3769.1,949.77,824,0,42,207,Medio,1.0,1,0.029751338555413825,0,Aprobar,Bajo
CLI-100553,Piura,4392.11,812.65,659,0,62,328,Medio,1.0,1,0.10809429510991338,0,Aprobar,Bajo
CLI-100554,Loreto,3793.23,5059.59,660,0,38,70,Alto,2.0,0,0.2601099635775404,1,Denegar/Revisar,Medio
CLI-100555,Lima,2201.47,3198.25,920,0,35,98,Alto,2.0,0,0.029081035357529136,0,Aprobar,Bajo
CLI-100556,Lima,3134.93,3258.6,539,1,31,87,Alto,2.0,0,0.46557928697121614,1,Denegar/Revisar,Medio
CLI-100557,Lima,4800.35,5585.63,651,0,28,79,Alto,2.0,0,0.2528307361690166,1,Denegar/Revisar,Medio
CLI-100558,Arequipa,6420.11,7723.28,974,0,26,7,Alto,2.0,0,0.017327082008750105,0,Aprobar,Bajo
CLI-100559,Piura,5722.25,1092.3,891,0,30,23,Alto,2.0,0,0.011010582675945934,0,Aprobar,Bajo
CLI-100560,Arequipa,3638.81,3243.58,837,0,38,66,Medio,1.0,0,0.04343938963512117,0,Aprobar,Bajo
CLI-100561,Lima,5100.06,7063.31,207,1,43,101,Alto,2.0,0,0.9652448987515111,1,Denegar/Revisar,Muy alto
CLI-100562,Lima,3823.93,8247.8,344,1,40,194,Alto,2.0,0,0.9298989938275974,1,Denegar/Revisar,Muy alto
CLI-100563,Lima,3075.17,1355.39,354,1,30,66,Alto,2.0,0,0.7702099681212108,1,Denegar/Revisar,Muy alto
CLI-100564,Lima,4982.07,439.95,132,1,49,137,Medio,1.0,1,0.9319958387709504,1,Denegar/Revisar,Muy alto
CLI-100565,Piura,3824.39,1060.15,122,0,47,160,Medio,1.0,1,0.9573513953293906,1,Denegar/Revisar,Muy alto
CLI-100566,Lima,3655.12,11638.18,944,0,37,115,Medio,1.0,0,0.08893583884612806,0,Aprobar,Bajo
CLI-100567,Lima,2048.59,2483.16,665,0,31,65,Medio,1.0,0,0.21924717066761015,1,Denegar/Revisar,Bajo
CLI-100568,Cusco,3049.6,2169.08,920,0,45,193,Alto,2.0,1,0.01941117328558784,0,Aprobar,Bajo
CLI-100569,Lima,1569.89,52.68,148,1,40,65,Alto,2.0,0,0.9614368633527071,1,Denegar/Revisar,Muy alto
CLI-100570,Piura,3894.66,209.45,561,0,23,34,Alto,2.0,0,0.23784953848600374,1,Denegar/Revisar,Bajo
CLI-100571,Arequipa,6614.52,4418.87,689,0,39,24,Medio,1.0,0,0.10471551815013881,0,Aprobar,Bajo
CLI-100572,Lima,3655.12,3564.71,435,1,42,70,Bajo,0.0,1,0.6860355855970216,1,Denegar/Revisar,Alto
CLI-100573,Piura,4772.05,12653.938750000001,457,1,30,123,Alto,2.0,0,0.8990177675679395,1,Denegar/Revisar,Muy alto
CLI-100574,Loreto,1138.15,467.59,221,1,40,149,Medio,1.0,1,0.9358751604366549,1,Denegar/Revisar,Muy alto
CLI-100575,Cusco,6762.28,1735.84,543,0,24,50,Medio,1.0,0,0.20146065320724582,1,Denegar/Revisar,Bajo
CLI-100576,Lima,1025.0,6692.88,458,0,53,204,Alto,2.0,1,0.8625712851760842,1,Denegar/Revisar,Muy alto
CLI-100577,Cusco,5012.45,769.06,701,0,53,213,Bajo,0.0,1,0.06792425599472118,0,Aprobar,Bajo
CLI-100578,Lima,4710.56,8571.65,445,1,37,142,Bajo,0.0,1,0.8176233158907646,1,Denegar/Revisar,Muy alto
CLI-100579,Lima,4014.01,518.06,292,1,43,107,Alto,2.0,0,0.8016166084138008,1,Denegar/Revisar,Muy alto
CLI-100580,Lima,2214.13,741.22,515,0,18,0,Alto,2.0,0,0.4425721279935576,1,Denegar/Revisar,Medio
CLI-100581,Cusco,1867.48,2598.44,476,0,26,21,Medio,1.0,0,0.638600900429402,1,Denegar/Revisar,Alto
CLI-100582,Lima,5532.6,11623.56,562,1,37,120,Medio,1.0,1,0.693823003756374,1,Denegar/Revisar,Alto
CLI-100583,Lima,5782.61,1599.21,855,0,28,12,Alto,2.0,0,0.016839097852596355,0,Aprobar,Bajo
CLI-100584,Piura,5572.14,4294.33,760,0,48,178,Medio,1.0,1,0.06937297653028393,0,Aprobar,Bajo
CLI-100585,Lima,4723.96,3553.45,245,1,61,366,Bajo,0.0,1,0.9099989365160975,1,Denegar/Revisar,Muy alto
CLI-100586,Lima,1349.88,648.3,577,0,25,18,Alto,2.0,0,0.3471875488473677,1,Denegar/Revisar,Medio
CLI-100587,Lima,2005.04,1140.96,927,0,29,41,Alto,2.0,0,0.018656781447679995,0,Aprobar,Bajo
CLI-100588,Lima,3471.01,10645.78,989,0,42,136,Alto,2.0,0,0.05329153264615637,0,Aprobar,Bajo
CLI-100589,Lima,3284.54,817.43,752,0,57,77,Bajo,0.0,1,0.06378766584183217,0,Aprobar,Bajo
CLI-100590,Lima,3655.12,4749.9,507,0,26,40,Alto,2.0,0,0.5881982138888876,1,Denegar/Revisar,Alto
CLI-100591,Piura,3686.25,12653.938750000001,385,0,42,146,Medio,1.0,1,0.9558601912111797,1,Denegar/Revisar,Muy alto
CLI-100592,Lima,6166.88,509.09,997,0,60,171,Medio,1.0,1,0.0031505567029248695,0,Aprobar,Bajo
CLI-100593,Lima,3959.01,2037.85,950,0,21,19,Alto,2.0,0,0.011630037371305723,0,Aprobar,Bajo
CLI-100594,Loreto,1697.02,1014.06,210,1,24,48,Alto,2.0,0,0.9431091709187999,1,Denegar/Revisar,Muy alto
CLI-100595,Lima,3655.12,1001.86,719,0,34,35,Alto,2.0,0,0.08137911249424035,0,Aprobar,Bajo
CLI-100596,Arequipa,3638.81,506.73,978,0,33,98,Bajo,0.0,1,0.007004448396390646,0,Aprobar,Bajo
CLI-100597,Lima,4444.99,4194.16,892,0,48,121,Bajo,0.0,1,0.02776660757638207,0,Aprobar,Bajo
CLI-100598,Lima,2299.29,12653.938750000001,149,1,41,119,Medio,1.0,1,0.9963558048324619,1,Denegar/Revisar,Muy alto
CLI-100599,Lima,3235.96,4517.86,113,1,19,2,Alto,2.0,0,0.9837110511307775,1,Denegar/Revisar,Muy alto
CLI-100600,Lima,3655.12,10342.79,233,1,45,155,Alto,2.0,0,0.9838255895170379,1,Denegar/Revisar,Muy alto
CLI-100601,Lima,4963.41,629.79,687,0,33,53,Alto,2.0,0,0.07545808131932193,0,Aprobar,Bajo
CLI-100602,Lima,3840.83,1541.74,695,0,53,175,Bajo,0.0,1,0.10643433053443936,0,Aprobar,Bajo
CLI-100603,Lima,2237.53,1689.87,442,1,32,57,Alto,2.0,0,0.6567817884165503,1,Denegar/Revisar,Alto
CLI-100604,Lima,4834.4,1056.29,769,0,32,78,Medio,1.0,0,0.03941374229096578,0,Aprobar,Bajo
CLI-100605,Lima,3655.12,613.56,385,0,45,222,Alto,2.0,1,0.6519118386346842,1,Denegar/Revisar,Alto
CLI-100606,Lima,2244.39,2667.61,413,1,47,206,Alto,2.0,1,0.7550857914780185,1,Denegar/Revisar,Muy alto
CLI-100607,Lima,3655.12,7193.68,705,0,44,178,Medio,1.0,1,0.26438837653370717,1,Denegar/Revisar,Medio
CLI-100608,Piura,1025.0,12363.67,396,1,19,4,Alto,2.0,0,0.9738144998543626,1,Denegar/Revisar,Muy alto
CLI-100609,Arequipa,4711.43,554.02,705,0,45,119,Medio,1.0,1,0.06473116532211376,0,Aprobar,Bajo
CLI-100610,Lima,5584.42,6929.98,668,0,28,9,Medio,1.0,0,0.23513143892149757,1,Denegar/Revisar,Bajo
CLI-100611,Arequipa,2350.1,6962.31,263,1,41,93,Bajo,0.0,1,0.9681855584971193,1,Denegar/Revisar,Muy alto
CLI-100612,Piura,3164.29,1970.49,931,0,23,34,Alto,2.0,0,0.016398253776868196,0,Aprobar,Bajo
CLI-100613,Lima,1025.0,466.27,596,1,43,215,Bajo,0.0,1,0.3158915298751077,1,Denegar/Revisar,Medio
CLI-100614,Loreto,1025.0,12653.938750000001,709,1,29,84,Bajo,0.0,0,0.6663786950914053,1,Denegar/Revisar,Alto
CLI-100615,Cusco,3820.1,4263.73,115,1,25,8,Alto,2.0,0,0.9800205620372104,1,Denegar/Revisar,Muy alto
CLI-100616,Lima,1025.0,12653.938750000001,443,1,46,52,Medio,1.0,0,0.9588567206475359,1,Denegar/Revisar,Muy alto
CLI-100617,Lima,1138.1,2643.92,177,1,41,90,Medio,1.0,0,0.9721595403008282,1,Denegar/Revisar,Muy alto
CLI-100618,Loreto,3815.15,2011.38,445,0,32,128,Medio,1.0,0,0.5705716471026605,1,Denegar/Revisar,Alto
CLI-100619,Arequipa,2976.56,1135.75,171,1,55,47,Bajo,0.0,1,0.9479794465393422,1,Denegar/Revisar,Muy alto
CLI-100620,Lima,3725.05,12653.938750000001,369,1,34,92,Alto,2.0,0,0.9628460411647761,1,Denegar/Revisar,Muy alto
CLI-100621,Lima,3282.38,1168.14,386,1,39,94,Medio,1.0,0,0.6863694699355246,1,Denegar/Revisar,Alto
CLI-100622,Lima,3655.12,96.2,165,1,42,134,Medio,1.0,1,0.9271358894909028,1,Denegar/Revisar,Muy alto
CLI-100623,Lima,2751.2,2873.6,979,0,32,80,Alto,2.0,0,0.01395656811660512,0,Aprobar,Bajo
CLI-100624,Piura,1882.78,1893.16,167,1,43,50,Medio,1.0,0,0.9649564561527794,1,Denegar/Revisar,Muy alto
CLI-100625,Lima,2650.43,1211.9,292,0,33,42,Alto,2.0,0,0.8652230222259446,1,Denegar/Revisar,Muy alto
CLI-100626,Lima,1025.0,4027.14,154,1,33,85,Medio,1.0,0,0.983490136010636,1,Denegar/Revisar,Muy alto
CLI-100627,Arequipa,2276.5,1811.92,478,0,53,156,Medio,1.0,1,0.5718794966190557,1,Denegar/Revisar,Alto
CLI-100628,Lima,3655.12,2058.34,267,0,28,66,Alto,2.0,0,0.8848836845711145,1,Denegar/Revisar,Muy alto
CLI-100629,Lima,2482.55,93.26,508,0,18,0,Alto,2.0,0,0.4099461407479998,1,Denegar/Revisar,Medio
CLI-100630,Arequipa,3200.17,3557.34,607,0,57,361,Bajo,0.0,1,0.3256668714778672,1,Denegar/Revisar,Medio
CLI-100631,Loreto,4775.09,520.76,636,0,67,223,Bajo,0.0,1,0.118509203931999,0,Aprobar,Bajo
CLI-100632,Piura,5171.23,962.2,742,1,35,130,Bajo,0.0,1,0.04743979031191276,0,Aprobar,Bajo
CLI-100633,Piura,6639.03,5050.9,936,0,19,3,Alto,2.0,0,0.013430588038360449,0,Aprobar,Bajo
CLI-100634,Lima,1025.0,1503.1,201,1,35,52,Medio,1.0,0,0.9574342855930065,1,Denegar/Revisar,Muy alto
CLI-100635,Lima,3838.88,712.73,985,0,36,111,Alto,2.0,0,0.006543179877796479,0,Aprobar,Bajo
CLI-100636,Piura,6127.37,3445.55,893,0,38,82,Alto,2.0,0,0.01608549251789998,0,Aprobar,Bajo
CLI-100637,Lima,1695.4,967.8,907,0,26,41,Alto,2.0,0,0.02320714402583539,0,Aprobar,Bajo
CLI-100638,Lima,2545.66,1264.21,905,0,45,307,Medio,1.0,1,0.01995274173834526,0,Aprobar,Bajo
CLI-100639,Lima,2618.4,12653.938750000001,521,1,44,162,Bajo,0.0,1,0.8895074573359316,1,Denegar/Revisar,Muy alto
CLI-100640,Lima,7314.49,5386.17,874,0,24,27,Alto,2.0,0,0.02185954155655504,0,Aprobar,Bajo
CLI-100641,Lima,2192.2,5383.06,577,0,46,183,Medio,1.0,1,0.533587123251837,1,Denegar/Revisar,Alto
CLI-100642,Lima,4563.73,2633.0,219,1,62,270,Bajo,0.0,1,0.9168516338727729,1,Denegar/Revisar,Muy alto
CLI-100643,Lima,4142.15,12653.938750000001,842,1,41,144,Bajo,0.0,1,0.21770095370840403,1,Denegar/Revisar,Bajo
CLI-100644,Lima,1560.32,6197.99,390,1,34,61,Alto,2.0,0,0.9043033414029434,1,Denegar/Revisar,Muy alto
CLI-100645,Loreto,7873.74,857.9,587,0,39,71,Medio,1.0,0,0.09680303553908438,0,Aprobar,Bajo
CLI-100646,Piura,3311.97,660.45,260,1,46,47,Medio,1.0,1,0.8642570972344884,1,Denegar/Revisar,Muy alto
CLI-100647,Arequipa,4608.3,4370.86,772,0,20,6,Medio,1.0,0,0.07805166994526706,0,Aprobar,Bajo
CLI-100648,Arequipa,3655.76,2107.19,177,1,41,108,Medio,1.0,1,0.9456010960756963,1,Denegar/Revisar,Muy alto
CLI-100649,Lima,3459.43,4951.48,137,1,35,108,Bajo,0.0,1,0.9804574312892341,1,Denegar/Revisar,Muy alto
CLI-100650,Lima,6714.11,1186.09,493,1,61,364,Bajo,0.0,1,0.2739674891131381,1,Denegar/Revisar,Medio
CLI-100651,Piura,6258.92,1571.41,540,0,38,7,Medio,1.0,0,0.2197760321971709,1,Denegar/Revisar,Bajo
CLI-100652,Piura,2380.6,9079.61,639,1,57,33,Bajo,0.0,1,0.581360458114107,1,Denegar/Revisar,Alto
CLI-100653,Arequipa,6650.09,2190.35,561,1,28,11,Alto,2.0,0,0.20012003752087018,1,Denegar/Revisar,Bajo
CLI-100654,Lima,3655.12,3575.71,711,0,45,211,Medio,1.0,1,0.13662242015321283,0,Aprobar,Bajo
CLI-100655,Lima,3769.36,451.25,393,1,43,160,Medio,1.0,1,0.6113849888566699,1,Denegar/Revisar,Alto
CLI-100656,Lima,1320.72,788.1,499,0,29,50,Medio,1.0,0,0.524503002589059,1,Denegar/Revisar,Alto
CLI-100657,Lima,5524.91,146.19,735,0,42,87,Alto,2.0,0,0.0396036803779661,0,Aprobar,Bajo
CLI-100658,Piura,2420.96,2209.17,191,1,52,217,Bajo,0.0,1,0.9556674048631534,1,Denegar/Revisar,Muy alto
CLI-100659,Piura,2507.77,12653.938750000001,866,0,35,50,Alto,2.0,0,0.24508303973437157,1,Denegar/Revisar,Bajo
CLI-100660,Lima,5698.75,8281.87,708,0,21,4,Alto,2.0,0,0.22143191743084745,1,Denegar/Revisar,Bajo
CLI-100661,Cusco,4864.3,4008.58,105,1,39,190,Alto,2.0,0,0.9756481993666006,1,Denegar/Revisar,Muy alto
CLI-100662,Piura,3660.39,7895.9,780,0,29,54,Alto,2.0,0,0.17634782481570652,0,Aprobar,Bajo
CLI-100663,Lima,2203.57,3607.28,994,0,35,43,Medio,1.0,0,0.015444605873031364,0,Aprobar,Bajo
CLI-100664,Lima,3655.12,1840.33,370,1,38,76,Medio,1.0,0,0.7288428852643685,1,Denegar/Revisar,Alto
CLI-100665,Lima,3487.23,762.45,719,0,20,14,Alto,2.0,0,0.08051596228826373,0,Aprobar,Bajo
CLI-100666,Lima,7573.26,4234.28,998,0,23,31,Alto,2.0,0,0.005129767146950188,0,Aprobar,Bajo
CLI-100667,Lima,5257.43,857.98,910,0,45,76,Medio,1.0,1,0.009413304095875248,0,Aprobar,Bajo
CLI-100668,Lima,4193.0,2161.21,658,0,33,43,Medio,1.0,0,0.14554513734603694,0,Aprobar,Bajo
CLI-100669,Lima,2908.78,6990.25,198,1,18,1,Alto,2.0,0,0.9801892983548155,1,Denegar/Revisar,Muy alto
CLI-100670,Lima,3729.51,553.51,625,1,48,174,Medio,1.0,1,0.1554628081289818,0,Aprobar,Bajo
CLI-100671,Loreto,2066.73,552.55,293,1,41,142,Medio,1.0,1,0.859083672259351,1,Denegar/Revisar,Muy alto
CLI-100672,Lima,1409.9,1016.49,256,1,30,33,Medio,1.0,0,0.9172216018978738,1,Denegar/Revisar,Muy alto
CLI-100673,Piura,3954.01,3211.11,999,0,25,8,Alto,2.0,0,0.00944113545626012,0,Aprobar,Bajo
CLI-100674,Lima,3655.12,1159.93,765,0,48,106,Medio,1.0,1,0.054147448817524035,0,Aprobar,Bajo
CLI-100675,Cusco,1025.0,2798.25,214,1,42,111,Medio,1.0,1,0.9632003633079064,1,Denegar/Revisar,Muy alto
CLI-100676,Lima,5501.0,1438.05,495,0,66,322,Bajo,0.0,1,0.3410442457733681,1,Denegar/Revisar,Medio
CLI-100677,Lima,4453.08,2822.84,869,0,44,121,Bajo,0.0,1,0.025793978316488296,0,Aprobar,Bajo
CLI-100678,Cusco,5184.21,1300.88,756,0,44,14,Bajo,0.0,1,0.04468036547874004,0,Aprobar,Bajo
CLI-100679,Loreto,5553.74,12653.938750000001,902,0,38,121,Medio,1.0,1,0.09903452924618732,0,Aprobar,Bajo
CLI-100680,Loreto,5134.52,2714.75,621,0,49,144,Medio,1.0,1,0.17880602172505938,0,Aprobar,Bajo
CLI-100681,Lima,4491.6,5444.74,979,0,46,61,Bajo,0.0,1,0.016006743827608243,0,Aprobar,Bajo
CLI-100682,Lima,3204.51,4823.19,313,1,53,201,Bajo,0.0,1,0.9085825692670884,1,Denegar/Revisar,Muy alto
CLI-100683,Arequipa,5529.15,2697.77,844,0,34,161,Medio,1.0,1,0.02385658324186284,0,Aprobar,Bajo
CLI-100684,Cusco,3560.7650000000003,1091.76,782,0,34,124,Alto,2.0,0,0.048620397813925464,0,Aprobar,Bajo
CLI-100685,Piura,1972.31,2859.27,632,0,33,123,Bajo,0.0,1,0.3047291641635008,1,Denegar/Revisar,Medio
CLI-100686,Piura,2030.97,4569.9,114,1,47,75,Bajo,0.0,1,0.987654764206913,1,Denegar/Revisar,Muy alto
CLI-100687,Lima,3968.14,2464.15,518,0,56,210,Alto,2.0,1,0.42506405783239204,1,Denegar/Revisar,Medio
CLI-100688,Arequipa,6315.31,341.91,467,0,35,12,Medio,1.0,0,0.2984048008419949,1,Denegar/Revisar,Medio
CLI-100689,Lima,4045.97,72.59,737,0,34,65,Medio,1.0,0,0.051269174016346605,0,Aprobar,Bajo
CLI-100690,Lima,7404.23,1589.25,952,0,44,127,Bajo,0.0,1,0.004700374391870515,0,Aprobar,Bajo
CLI-100691,Lima,5177.19,651.13,952,0,37,114,Medio,1.0,1,0.0062108042626344406,0,Aprobar,Bajo
CLI-100692,Piura,2443.81,9465.95,312,1,49,191,Medio,1.0,1,0.9684567887386473,1,Denegar/Revisar,Muy alto
CLI-100693,Lima,5818.6,773.53,799,0,18,0,Alto,2.0,0,0.02355769262792826,0,Aprobar,Bajo
CLI-100694,Lima,3701.71,2005.37,783,0,30,34,Alto,2.0,0,0.05609309108678357,0,Aprobar,Bajo
CLI-100695,Piura,4592.81,12653.938750000001,858,1,31,45,Medio,1.0,0,0.17189392555643,0,Aprobar,Bajo
CLI-100696,Lima,1025.0,6758.73,104,1,18,0,Medio,1.0,0,0.9941361358389543,1,Denegar/Revisar,Muy alto
CLI-100697,Piura,1025.0,2598.15,330,1,27,41,Alto,2.0,0,0.8977817541994279,1,Denegar/Revisar,Muy alto
CLI-100698,Lima,3930.48,799.34,300,0,29,119,Medio,1.0,0,0.796033229997863,1,Denegar/Revisar,Muy alto
CLI-100699,Lima,6123.59,1263.75,984,0,38,144,Medio,1.0,1,0.004211773046197798,0,Aprobar,Bajo
CLI-100700,Piura,6420.5,2171.8,501,0,52,100,Alto,2.0,1,0.3157581589072717,1,Denegar/Revisar,Medio
CLI-100701,Lima,1781.94,1813.97,248,1,36,115,Bajo,0.0,1,0.9309129871771261,1,Denegar/Revisar,Muy alto
CLI-100702,Lima,6061.62,1714.97,683,0,29,8,Alto,2.0,0,0.0762901363361129,0,Aprobar,Bajo
CLI-100703,Lima,5653.67,565.58,591,0,39,95,Alto,2.0,0,0.14444063691671447,0,Aprobar,Bajo
CLI-100704,Lima,2413.26,9781.68,325,1,50,74,Bajo,0.0,1,0.9681590583830193,1,Denegar/Revisar,Muy alto
CLI-100705,Cusco,5952.13,120.83,685,0,29,54,Alto,2.0,0,0.056047885718529436,0,Aprobar,Bajo
CLI-100706,Lima,5752.32,2319.29,918,0,30,60,Medio,1.0,0,0.010587384834740643,0,Aprobar,Bajo
CLI-100707,Loreto,4749.27,12653.938750000001,268,1,46,186,Medio,1.0,1,0.980661821200521,1,Denegar/Revisar,Muy alto
CLI-100708,Lima,3655.12,4311.99,860,0,37,111,Medio,1.0,0,0.04369306340499436,0,Aprobar,Bajo
CLI-100709,Arequipa,5932.99,1756.57,891,0,47,13,Bajo,0.0,1,0.012051479571268479,0,Aprobar,Bajo
CLI-100710,Arequipa,1025.0,631.75,251,1,38,30,Medio,1.0,0,0.9213003841908655,1,Denegar/Revisar,Muy alto
CLI-100711,Piura,3660.39,12653.938750000001,323,1,47,115,Alto,2.0,0,0.975904678425524,1,Denegar/Revisar,Muy alto
CLI-100712,Lima,1355.8,56.34,603,0,27,51,Medio,1.0,0,0.2611119136491113,1,Denegar/Revisar,Medio
CLI-100713,Lima,4399.18,4575.12,836,0,39,73,Medio,1.0,0,0.048437427031787196,0,Aprobar,Bajo
CLI-100714,Lima,3655.12,8485.64,649,0,37,84,Medio,1.0,0,0.44395869157925305,1,Denegar/Revisar,Medio
CLI-100715,Cusco,1910.46,101.93,143,1,25,26,Alto,2.0,0,0.9606234011485585,1,Denegar/Revisar,Muy alto
CLI-100716,Loreto,2550.6,5166.48,796,0,21,13,Alto,2.0,0,0.11812783164385036,0,Aprobar,Bajo
CLI-100717,Cusco,3560.7650000000003,12653.938750000001,603,1,47,131,Medio,1.0,1,0.7425638211610788,1,Denegar/Revisar,Alto
CLI-100718,Lima,3655.12,4082.63,340,1,35,4,Alto,2.0,0,0.8559695422221204,1,Denegar/Revisar,Muy alto
CLI-100719,Arequipa,4186.44,2142.38,942,0,28,82,Medio,1.0,0,0.011697659224593699,0,Aprobar,Bajo
CLI-100720,Cusco,3558.15,8298.64,450,0,38,52,Alto,2.0,0,0.840663757379934,1,Denegar/Revisar,Muy alto
CLI-100721,Lima,5019.88,3231.35,821,0,52,114,Bajo,0.0,1,0.03818240847677995,0,Aprobar,Bajo
CLI-100722,Lima,2275.17,5536.24,122,1,18,1,Alto,2.0,0,0.988506667075274,1,Denegar/Revisar,Muy alto
CLI-100723,Arequipa,5889.47,3544.78,735,0,23,10,Alto,2.0,0,0.0720722714798105,0,Aprobar,Bajo
CLI-100724,Piura,3836.64,156.17,697,0,29,19,Alto,2.0,0,0.08031362900855066,0,Aprobar,Bajo
CLI-100725,Loreto,4170.74,958.85,142,0,55,223,Medio,1.0,1,0.9438424222988931,1,Denegar/Revisar,Muy alto
CLI-100726,Lima,3173.28,328.15,565,0,42,68,Alto,2.0,0,0.26706382833117076,1,Denegar/Revisar,Medio
CLI-100727,Arequipa,6893.56,451.28,139,1,49,148,Medio,1.0,1,0.8919619355245803,1,Denegar/Revisar,Muy alto
CLI-100728,Lima,4004.9,62.1,402,0,27,34,Bajo,0.0,0,0.5671799736243857,1,Denegar/Revisar,Alto
CLI-100729,Lima,6512.95,2186.95,780,0,28,73,Alto,2.0,0,0.03201998020194176,0,Aprobar,Bajo
CLI-100730,Lima,2007.09,787.23,274,0,43,43,Alto,2.0,0,0.8897136484216166,1,Denegar/Revisar,Muy alto
CLI-100731,Loreto,3091.27,7743.35,631,0,39,139,Alto,2.0,0,0.4890776440172072,1,Denegar/Revisar,Medio
CLI-100732,Arequipa,3241.79,5545.78,560,1,45,148,Medio,1.0,1,0.5211975264838237,1,Denegar/Revisar,Alto
CLI-100733,Piura,7649.5,3405.54,720,0,39,68,Alto,2.0,0,0.054558528109177606,0,Aprobar,Bajo
CLI-100734,Lima,2764.89,2685.71,292,1,42,6,Medio,1.0,0,0.8914434476335086,1,Denegar/Revisar,Muy alto
CLI-100735,Loreto,1950.85,1182.15,343,1,40,42,Medio,1.0,0,0.8173518092326489,1,Denegar/Revisar,Muy alto
CLI-100736,Lima,6321.36,2577.06,935,0,49,18,Medio,1.0,1,0.008371403408365136,0,Aprobar,Bajo
CLI-100737,Loreto,3346.21,4100.29,379,0,48,190,Medio,1.0,1,0.8105031376623645,1,Denegar/Revisar,Muy alto
CLI-100738,Lima,3655.12,6097.24,839,0,21,17,Alto,2.0,0,0.07774485678110506,0,Aprobar,Bajo
CLI-100739,Lima,1854.58,340.85,135,1,18,1,Alto,2.0,0,0.9655397465067619,1,Denegar/Revisar,Muy alto
CLI-100740,Lima,4545.24,4930.38,656,0,50,161,Alto,2.0,1,0.22976141302209616,1,Denegar/Revisar,Bajo
CLI-100741,Lima,6087.98,5430.51,997,0,53,60,Medio,1.0,1,0.009018837283530657,0,Aprobar,Bajo
CLI-100742,Arequipa,4960.13,3274.59,639,0,28,56,Alto,2.0,0,0.1830027166366193,0,Aprobar,Bajo
CLI-100743,Piura,2287.0,964.82,253,1,18,0,Alto,2.0,0,0.9052844781390503,1,Denegar/Revisar,Muy alto
CLI-100744,Lima,1262.45,3099.03,122,1,39,119,Medio,1.0,1,0.9842685331647302,1,Denegar/Revisar,Muy alto
CLI-100745,Loreto,1025.0,2794.29,818,0,48,134,Bajo,0.0,1,0.08598866202305822,0,Aprobar,Bajo
CLI-100746,Lima,1461.8,2582.84,190,1,58,290,Bajo,0.0,1,0.967122919947733,1,Denegar/Revisar,Muy alto
CLI-100747,Piura,2919.8,2469.49,489,1,44,75,Bajo,0.0,1,0.5533989222079063,1,Denegar/Revisar,Alto
CLI-100748,Cusco,3327.44,469.85,458,0,35,92,Alto,2.0,0,0.4970840062072099,1,Denegar/Revisar,Medio
CLI-100749,Piura,3391.78,807.94,649,0,29,36,Alto,2.0,0,0.14843346326761123,0,Aprobar,Bajo
CLI-100750,Lima,7355.32,409.6,327,0,41,90,Medio,1.0,1,0.5575896975288946,1,Denegar/Revisar,Alto
CLI-100751,Cusco,3839.05,1110.81,301,1,36,64,Alto,2.0,0,0.8142369352578483,1,Denegar/Revisar,Muy alto
CLI-100752,Piura,3660.39,1223.26,449,1,28,48,Alto,2.0,0,0.5385768208559139,1,Denegar/Revisar,Alto
CLI-100753,Lima,5323.35,1124.55,920,0,62,232,Medio,1.0,1,0.008933418235414782,0,Aprobar,Bajo
CLI-100754,Lima,4817.22,947.6,865,0,59,236,Alto,2.0,1,0.01671689014777345,0,Aprobar,Bajo
CLI-100755,Arequipa,1199.13,5318.48,137,1,51,119,Medio,1.0,1,0.9887817440104523,1,Denegar/Revisar,Muy alto
CLI-100756,Piura,4597.21,6827.44,832,0,29,50,Medio,1.0,0,0.07511818981120655,0,Aprobar,Bajo
CLI-100757,Piura,4493.23,1584.69,599,0,49,125,Alto,2.0,1,0.20271006801112304,1,Denegar/Revisar,Bajo
CLI-100758,Loreto,5632.76,1456.12,798,0,47,56,Bajo,0.0,1,0.028531320464157486,0,Aprobar,Bajo
CLI-100759,Arequipa,1025.0,7432.43,142,1,43,76,Alto,2.0,0,0.9930175652153808,1,Denegar/Revisar,Muy alto
CLI-100760,Lima,5412.12,3911.86,970,0,53,184,Bajo,0.0,1,0.010236538544387398,0,Aprobar,Bajo
CLI-100761,Lima,6064.86,1389.38,725,0,47,257,Alto,2.0,1,0.04938967913843733,0,Aprobar,Bajo
CLI-100762,Lima,7073.53,5001.64,871,0,49,62,Medio,1.0,1,0.02111045732616755,0,Aprobar,Bajo
CLI-100763,Arequipa,1892.9,1689.99,616,0,45,115,Bajo,0.0,1,0.2883743455227563,1,Denegar/Revisar,Medio
CLI-100764,Lima,2615.07,3532.93,167,1,42,184,Medio,1.0,1,0.9704554162327016,1,Denegar/Revisar,Muy alto
CLI-100765,Piura,4104.4,12653.938750000001,839,0,20,5,Alto,2.0,0,0.2240510995176981,1,Denegar/Revisar,Bajo
CLI-100766,Arequipa,3957.28,1435.82,222,1,40,66,Alto,2.0,0,0.9055157426999537,1,Denegar/Revisar,Muy alto
CLI-100767,Loreto,3821.06,10667.21,784,0,33,87,Alto,2.0,0,0.26292219100936076,1,Denegar/Revisar,Medio
CLI-100768,Lima,2296.91,1546.49,435,1,24,34,Alto,2.0,0,0.6616359471346227,1,Denegar/Revisar,Alto
CLI-100769,Loreto,3329.76,3108.61,252,1,57,383,Bajo,0.0,1,0.9225511595455997,1,Denegar/Revisar,Muy alto
CLI-100770,Lima,3749.75,2464.62,878,0,58,185,Medio,1.0,1,0.024920187161963325,0,Aprobar,Bajo
CLI-100771,Loreto,4879.28,6114.37,768,0,54,190,Bajo,0.0,1,0.11028957927354131,0,Aprobar,Bajo
CLI-100772,Lima,1807.65,252.15,261,1,41,92,Bajo,0.0,1,0.895017369295003,1,Denegar/Revisar,Muy alto
CLI-100773,Lima,3655.12,3946.02,313,0,54,177,Medio,1.0,1,0.8774134145205141,1,Denegar/Revisar,Muy alto
CLI-100774,Arequipa,5423.16,5719.6,475,1,40,17,Alto,2.0,0,0.6109331993850917,1,Denegar/Revisar,Alto
CLI-100775,Lima,6992.79,2555.73,542,0,43,153,Alto,2.0,0,0.2297602252255906,1,Denegar/Revisar,Bajo
CLI-100776,Lima,6277.41,445.03,522,0,28,41,Alto,2.0,0,0.21386240804023227,1,Denegar/Revisar,Bajo
CLI-100777,Arequipa,3666.11,1123.12,637,0,43,202,Alto,2.0,1,0.16362976387582487,0,Aprobar,Bajo
CLI-100778,Arequipa,5888.69,4553.64,903,0,41,71,Medio,1.0,0,0.01877056212002788,0,Aprobar,Bajo
CLI-100779,Piura,3070.58,9031.88,800,1,24,20,Alto,2.0,0,0.2055200362578613,1,Denegar/Revisar,Bajo
CLI-100780,Arequipa,4728.27,2190.02,733,0,39,142,Alto,2.0,0,0.07221307314829098,0,Aprobar,Bajo
CLI-100781,Piura,2282.3,3287.67,329,1,38,128,Medio,1.0,1,0.8805432683353446,1,Denegar/Revisar,Muy alto
CLI-100782,Lima,4700.76,1037.08,158,1,59,340,Bajo,0.0,1,0.9311006447368311,1,Denegar/Revisar,Muy alto
CLI-100783,Lima,4575.2,2125.56,195,1,49,137,Medio,1.0,1,0.9225244682779055,1,Denegar/Revisar,Muy alto
CLI-100784,Lima,6335.93,12653.938750000001,361,1,40,156,Medio,1.0,1,0.9361687665790664,1,Denegar/Revisar,Muy alto
CLI-100785,Cusco,3062.04,4262.94,453,0,41,84,Medio,1.0,0,0.7025325313542309,1,Denegar/Revisar,Alto
CLI-100786,Piura,5690.55,12653.938750000001,411,1,40,209,Bajo,0.0,1,0.917188622879234,1,Denegar/Revisar,Muy alto
CLI-100787,Lima,3729.7,12653.938750000001,235,1,37,143,Medio,1.0,1,0.9887079313337279,1,Denegar/Revisar,Muy alto
CLI-100788,Lima,4535.08,853.59,961,0,27,40,Alto,2.0,0,0.007178741765358128,0,Aprobar,Bajo
CLI-100789,Cusco,3560.7650000000003,3447.95,894,0,37,84,Alto,2.0,0,0.028555495196388968,0,Aprobar,Bajo
CLI-100790,Lima,6191.02,274.88,572,0,32,50,Medio,1.0,0,0.13880957707130132,0,Aprobar,Bajo
CLI-100791,Piura,3764.09,1134.31,731,0,25,15,Alto,2.0,0,0.07353331814257102,0,Aprobar,Bajo
CLI-100792,Piura,3436.41,756.02,529,0,45,180,Bajo,0.0,1,0.34466879745636186,1,Denegar/Revisar,Medio
CLI-100793,Piura,1025.0,1635.16,636,0,42,81,Medio,1.0,1,0.28098461813047665,1,Denegar/Revisar,Medio
CLI-100794,Lima,3655.12,4542.94,953,0,19,5,Alto,2.0,0,0.02041108941535005,0,Aprobar,Bajo
CLI-100795,Loreto,3386.54,2767.74,245,1,38,59,Medio,1.0,0,0.9183057176537701,1,Denegar/Revisar,Muy alto
CLI-100796,Cusco,2602.63,10806.84,623,0,50,40,Alto,2.0,0,0.6881962863454678,1,Denegar/Revisar,Alto
CLI-100797,Piura,1360.22,956.83,186,1,50,174,Medio,1.0,1,0.9552452974545532,1,Denegar/Revisar,Muy alto
CLI-100798,Arequipa,1025.0,1811.54,208,1,49,125,Medio,1.0,1,0.9574127594673345,1,Denegar/Revisar,Muy alto
CLI-100799,Cusco,3560.7650000000003,1601.03,522,0,39,93,Alto,2.0,0,0.39477304942421204,1,Denegar/Revisar,Medio
CLI-100800,Arequipa,5519.77,1076.56,444,1,30,77,Alto,2.0,0,0.43513842902794214,1,Denegar/Revisar,Medio
CLI-100801,Lima,3655.12,12653.938750000001,365,1,27,53,Alto,2.0,0,0.9647217603896383,1,Denegar/Revisar,Muy alto
CLI-100802,Piura,5349.53,1959.03,833,0,43,23,Medio,1.0,0,0.023598483422613743,0,Aprobar,Bajo
CLI-100803,Piura,5189.02,11287.72,685,0,44,46,Bajo,0.0,1,0.4283685547510544,1,Denegar/Revisar,Medio
CLI-100804,Lima,7365.29,1980.29,593,0,55,99,Medio,1.0,1,0.1262496645913676,0,Aprobar,Bajo
CLI-100805,Arequipa,4921.53,10957.02,432,1,52,31,Medio,1.0,1,0.8847903812546822,1,Denegar/Revisar,Muy alto
CLI-100806,Cusco,5773.87,507.73,921,0,38,79,Medio,1.0,0,0.007011506237542187,0,Aprobar,Bajo
CLI-100807,Cusco,3560.7650000000003,7739.65,512,1,25,49,Alto,2.0,0,0.7237027690720566,1,Denegar/Revisar,Alto
CLI-100808,Lima,3927.29,130.5,713,0,36,74,Alto,2.0,0,0.06820194019350019,0,Aprobar,Bajo
CLI-100809,Lima,5274.3,12653.938750000001,748,1,42,53,Medio,1.0,0,0.3321444384605231,1,Denegar/Revisar,Medio
CLI-100810,Cusco,4953.05,2166.45,290,1,37,71,Alto,2.0,0,0.8242497854757713,1,Denegar/Revisar,Muy alto
CLI-100811,Loreto,3237.74,1136.75,241,1,32,74,Alto,2.0,0,0.8989524732766963,1,Denegar/Revisar,Muy alto
CLI-100812,Lima,6373.83,3843.54,968,0,43,205,Alto,2.0,1,0.008241263946529562,0,Aprobar,Bajo
CLI-100813,Cusco,7168.82,570.46,172,1,35,65,Alto,2.0,0,0.8582889939044269,1,Denegar/Revisar,Muy alto
CLI-100814,Loreto,4484.29,299.52,939,0,32,75,Alto,2.0,0,0.007936825445769399,0,Aprobar,Bajo
CLI-100815,Piura,3180.5,7036.01,266,1,42,187,Medio,1.0,1,0.9597574047769187,1,Denegar/Revisar,Muy alto
CLI-100816,Piura,2895.82,2211.25,267,1,34,67,Medio,1.0,0,0.9011004677255803,1,Denegar/Revisar,Muy alto
CLI-100817,Lima,4030.61,2921.36,665,0,42,221,Bajo,0.0,1,0.16812887739546534,0,Aprobar,Bajo
CLI-100818,Lima,5050.66,777.72,358,1,43,93,Bajo,0.0,1,0.6437278769805956,1,Denegar/Revisar,Alto
CLI-100819,Lima,3706.58,253.57,538,0,26,12,Medio,1.0,0,0.28205953187463434,1,Denegar/Revisar,Medio
CLI-100820,Loreto,3203.77,1834.05,210,1,34,78,Alto,2.0,0,0.9328670912205362,1,Denegar/Revisar,Muy alto
CLI-100821,Lima,3811.53,2822.06,843,0,55,93,Bajo,0.0,1,0.037728635797529,0,Aprobar,Bajo
CLI-100822,Lima,4777.59,5800.02,772,0,27,20,Alto,2.0,0,0.1026519306244017,0,Aprobar,Bajo
CLI-100823,Lima,3671.21,2781.01,963,0,18,0,Alto,2.0,0,0.01285998996857881,0,Aprobar,Bajo
CLI-100824,Piura,2536.78,6102.35,938,0,18,0,Alto,2.0,0,0.04142692258891784,0,Aprobar,Bajo
CLI-100825,Cusco,4431.51,490.63,630,0,40,215,Alto,2.0,1,0.13273652529499388,0,Aprobar,Bajo
CLI-100826,Lima,6247.08,264.4,389,0,40,39,Medio,1.0,0,0.469105840928026,1,Denegar/Revisar,Medio
CLI-100827,Lima,3387.08,691.99,661,0,38,45,Alto,2.0,0,0.13205524868331628,0,Aprobar,Bajo
CLI-100828,Arequipa,2156.19,5913.85,609,0,52,220,Bajo,0.0,1,0.4983242566403976,1,Denegar/Revisar,Medio
CLI-100829,Lima,5921.46,5697.32,274,1,18,0,Alto,2.0,0,0.9017179462673435,1,Denegar/Revisar,Muy alto
CLI-100830,Lima,3370.34,609.66,401,0,43,133,Alto,2.0,0,0.6324209678954403,1,Denegar/Revisar,Alto
CLI-100831,Lima,3655.12,125.92,795,0,56,73,Medio,1.0,1,0.033563711283025266,0,Aprobar,Bajo
CLI-100832,Lima,1974.55,4624.31,284,1,26,62,Alto,2.0,0,0.9433153353563746,1,Denegar/Revisar,Muy alto
CLI-100833,Lima,3390.66,7731.87,438,1,35,61,Alto,2.0,0,0.844869659951493,1,Denegar/Revisar,Muy alto
CLI-100834,Lima,5818.83,5611.45,609,1,32,47,Alto,2.0,0,0.28486574515457413,1,Denegar/Revisar,Medio
CLI-100835,Lima,4532.16,10879.12,918,0,30,45,Alto,2.0,0,0.08255520238649491,0,Aprobar,Bajo
CLI-100836,Cusco,3532.8,3506.05,409,0,35,66,Medio,1.0,0,0.7316607576191176,1,Denegar/Revisar,Alto
CLI-100837,Lima,1479.11,5664.8,606,0,54,54,Medio,1.0,1,0.52185409420419,1,Denegar/Revisar,Alto
CLI-100838,Piura,4570.55,1181.94,445,1,60,126,Bajo,0.0,1,0.49305454721896447,1,Denegar/Revisar,Medio
CLI-100839,Piura,1681.18,3000.74,180,1,35,18,Medio,1.0,0,0.9699454191776958,1,Denegar/Revisar,Muy alto
CLI-100840,Lima,5125.55,1510.2,473,0,61,80,Bajo,0.0,1,0.41340480329966034,1,Denegar/Revisar,Medio
CLI-100841,Arequipa,3313.57,1022.54,255,1,39,96,Bajo,0.0,1,0.8821128020638155,1,Denegar/Revisar,Muy alto
CLI-100842,Lima,4708.83,12653.938750000001,886,0,59,155,Bajo,0.0,1,0.13903037371794025,0,Aprobar,Bajo
CLI-100843,Cusco,5446.81,9748.21,894,0,39,173,Alto,2.0,0,0.06697870138263645,0,Aprobar,Bajo
CLI-100844,Lima,4124.9,2359.96,531,1,41,38,Medio,1.0,0,0.37265786692659786,1,Denegar/Revisar,Medio
CLI-100845,Lima,6275.68,588.33,599,0,44,229,Medio,1.0,1,0.11588951184905437,0,Aprobar,Bajo
CLI-100846,Lima,3655.12,5206.45,860,0,70,234,Bajo,0.0,1,0.05424310046545895,0,Aprobar,Bajo
CLI-100847,Cusco,1166.13,1181.25,246,1,47,219,Alto,2.0,1,0.9326943521111387,1,Denegar/Revisar,Muy alto
CLI-100848,Piura,3403.93,738.18,580,1,31,57,Medio,1.0,0,0.23945039787028502,1,Denegar/Revisar,Bajo
CLI-100849,Piura,4822.8,1922.02,534,0,50,257,Bajo,0.0,1,0.3175790721927766,1,Denegar/Revisar,Medio
CLI-100850,Lima,3655.12,3018.81,618,1,35,116,Alto,2.0,0,0.25916055847334885,1,Denegar/Revisar,Medio
CLI-100851,Arequipa,1683.91,410.08,768,0,33,56,Medio,1.0,0,0.06981905987841182,0,Aprobar,Bajo
CLI-100852,Lima,3655.12,3392.16,782,0,49,69,Medio,1.0,1,0.07253161582800165,0,Aprobar,Bajo
CLI-100853,Loreto,2663.25,61.87,168,1,39,18,Alto,2.0,0,0.9414064203831987,1,Denegar/Revisar,Muy alto
CLI-100854,Lima,1025.0,8897.65,705,0,41,121,Medio,1.0,1,0.48672042540699706,1,Denegar/Revisar,Medio
CLI-100855,Lima,2789.17,10140.17,980,0,39,65,Alto,2.0,0,0.06057716071076038,0,Aprobar,Bajo
CLI-100856,Lima,3655.12,5283.09,974,0,43,164,Medio,1.0,1,0.018886756234678753,0,Aprobar,Bajo
CLI-100857,Lima,6194.01,2513.56,987,0,45,236,Alto,2.0,1,0.005444395040521935,0,Aprobar,Bajo
CLI-100858,Piura,3660.39,1176.93,285,1,18,0,Alto,2.0,0,0.843340164202744,1,Denegar/Revisar,Muy alto
CLI-100859,Lima,4479.85,5452.06,781,0,47,53,Alto,2.0,0,0.09475392016629677,0,Aprobar,Bajo
CLI-100860,Arequipa,3256.02,10741.08,303,1,28,28,Alto,2.0,0,0.9741203565445056,1,Denegar/Revisar,Muy alto
CLI-100861,Lima,4623.21,690.44,653,0,24,27,Alto,2.0,0,0.10958157214489715,0,Aprobar,Bajo
CLI-100862,Piura,1226.5,2508.1,112,1,37,142,Medio,1.0,1,0.9839140230206882,1,Denegar/Revisar,Muy alto
CLI-100863,Lima,5909.33,1514.87,765,0,41,106,Alto,2.0,0,0.036614598816784305,0,Aprobar,Bajo
CLI-100864,Lima,3385.53,1764.84,373,1,31,87,Alto,2.0,0,0.7399509955616966,1,Denegar/Revisar,Alto
CLI-100865,Piura,4670.4,2081.87,397,0,49,65,Medio,1.0,1,0.6343439522831189,1,Denegar/Revisar,Alto
CLI-100866,Lima,4114.62,12129.28,150,1,24,17,Medio,1.0,0,0.9940524182196513,1,Denegar/Revisar,Muy alto
CLI-100867,Lima,4499.17,1197.06,599,1,35,131,Medio,1.0,1,0.18374697879667287,0,Aprobar,Bajo
CLI-100868,Loreto,3905.38,2714.42,468,0,33,54,Bajo,0.0,1,0.5583433376822897,1,Denegar/Revisar,Alto
CLI-100869,Cusco,4503.66,12103.73,823,0,39,112,Alto,2.0,0,0.22240440581968635,1,Denegar/Revisar,Bajo
CLI-100870,Lima,3915.53,2585.49,755,0,42,186,Medio,1.0,1,0.07405987777333396,0,Aprobar,Bajo
CLI-100871,Lima,3655.12,7968.64,456,1,28,31,Alto,2.0,0,0.8197563322904173,1,Denegar/Revisar,Muy alto
CLI-100872,Piura,3013.31,242.25,102,1,47,98,Bajo,0.0,1,0.9661948522547081,1,Denegar/Revisar,Muy alto
CLI-100873,Lima,2475.47,12233.02,353,1,39,48,Alto,2.0,0,0.9747961356107139,1,Denegar/Revisar,Muy alto
CLI-100874,Lima,4562.57,830.71,574,0,19,4,Alto,2.0,0,0.21244681186073522,1,Denegar/Revisar,Bajo
CLI-100875,Lima,4812.75,12653.938750000001,946,0,18,0,Alto,2.0,0,0.08238813757090849,0,Aprobar,Bajo
CLI-100876,Arequipa,5524.68,772.29,605,0,40,152,Medio,1.0,1,0.13295078625598197,0,Aprobar,Bajo
CLI-100877,Arequipa,1025.0,2350.58,355,1,36,96,Medio,1.0,0,0.8638367092931374,1,Denegar/Revisar,Muy alto
CLI-100878,Lima,3972.33,1476.23,709,0,38,108,Alto,2.0,0,0.09084406353185948,0,Aprobar,Bajo
CLI-100879,Lima,3655.12,12653.938750000001,784,1,39,88,Alto,2.0,0,0.34932385835663315,1,Denegar/Revisar,Medio
CLI-100880,Lima,2221.57,1153.53,249,1,41,36,Bajo,0.0,1,0.9129286762775276,1,Denegar/Revisar,Muy alto
CLI-100881,Arequipa,4513.62,12653.938750000001,587,1,50,214,Medio,1.0,1,0.728757632793634,1,Denegar/Revisar,Alto
CLI-100882,Lima,1101.91,1459.55,378,1,26,43,Medio,1.0,0,0.8062382359248095,1,Denegar/Revisar,Muy alto
CLI-100883,Lima,3015.7,4236.89,158,1,26,29,Alto,2.0,0,0.9751680534781841,1,Denegar/Revisar,Muy alto
CLI-100884,Arequipa,3635.66,591.44,545,0,27,49,Alto,2.0,0,0.2944970251011061,1,Denegar/Revisar,Medio
CLI-100885,Lima,1349.08,6957.9,212,1,41,58,Bajo,0.0,1,0.984097919883087,1,Denegar/Revisar,Muy alto
CLI-100886,Arequipa,4607.11,3127.98,935,0,53,211,Bajo,0.0,1,0.014458344043932581,0,Aprobar,Bajo
CLI-100887,Lima,3065.67,12653.938750000001,854,0,34,135,Alto,2.0,0,0.24197233286087283,1,Denegar/Revisar,Bajo
CLI-100888,Lima,3655.12,2202.44,921,0,18,0,Alto,2.0,0,0.01687096512885883,0,Aprobar,Bajo
CLI-100889,Lima,5638.95,869.88,668,0,21,12,Alto,2.0,0,0.08065099044519657,0,Aprobar,Bajo
CLI-100890,Arequipa,3776.89,1698.71,588,0,30,42,Medio,1.0,0,0.24704508599138972,1,Denegar/Revisar,Bajo
CLI-100891,Loreto,2864.38,5341.88,506,0,33,135,Alto,2.0,0,0.6624888766013602,1,Denegar/Revisar,Alto
CLI-100892,Loreto,4188.08,4304.74,466,1,35,48,Bajo,0.0,1,0.6279558129263887,1,Denegar/Revisar,Alto
CLI-100893,Lima,3969.21,6026.58,159,1,40,85,Alto,2.0,0,0.9784964677486118,1,Denegar/Revisar,Muy alto
CLI-100894,Arequipa,3737.8,305.24,428,1,36,84,Medio,1.0,0,0.525302164180151,1,Denegar/Revisar,Alto
CLI-100895,Lima,2631.28,3473.52,827,0,50,38,Alto,2.0,0,0.06432399523915579,0,Aprobar,Bajo
CLI-100896,Lima,3321.62,10762.92,568,0,31,57,Alto,2.0,0,0.7561224409014546,1,Denegar/Revisar,Muy alto
CLI-100897,Loreto,3600.67,456.72,844,0,30,97,Alto,2.0,0,0.02415399491948657,0,Aprobar,Bajo
CLI-100898,Lima,4267.41,396.34,666,0,45,35,Medio,1.0,0,0.09665072680892173,0,Aprobar,Bajo
CLI-100899,Lima,4938.04,5043.65,984,0,23,14,Medio,1.0,0,0.012221118102126697,0,Aprobar,Bajo
CLI-100900,Lima,5234.25,1514.41,819,1,44,85,Medio,1.0,1,0.025123511170976144,0,Aprobar,Bajo
CLI-100901,Lima,4836.58,4298.56,162,1,41,51,Medio,1.0,0,0.9602649432829209,1,Denegar/Revisar,Muy alto
CLI-100902,Lima,4584.85,3153.21,283,1,38,46,Alto,2.0,0,0.8704454726518642,1,Denegar/Revisar,Muy alto
CLI-100903,Piura,4205.48,12653.938750000001,410,1,57,120,Bajo,0.0,1,0.9404043512443457,1,Denegar/Revisar,Muy alto
CLI-100904,Lima,2397.44,8794.93,892,0,32,109,Alto,2.0,0,0.10822242483035681,0,Aprobar,Bajo
CLI-100905,Loreto,5553.51,4533.72,637,0,62,111,Bajo,0.0,1,0.2060090049558127,1,Denegar/Revisar,Bajo
CLI-100906,Loreto,4280.21,1213.48,276,1,37,45,Medio,1.0,0,0.831056445649642,1,Denegar/Revisar,Muy alto
CLI-100907,Lima,3464.31,1214.75,674,0,25,21,Medio,1.0,0,0.12445926557852456,0,Aprobar,Bajo
CLI-100908,Lima,3600.61,8556.56,528,1,40,212,Medio,1.0,1,0.7186147176082127,1,Denegar/Revisar,Alto
CLI-100909,Lima,2942.37,12653.938750000001,172,1,27,54,Medio,1.0,0,0.9947589946135034,1,Denegar/Revisar,Muy alto
CLI-100910,Piura,3735.27,6228.93,946,0,31,72,Medio,1.0,0,0.029130311104043842,0,Aprobar,Bajo
CLI-100911,Lima,1025.0,2390.36,266,1,42,194,Medio,1.0,1,0.9364832283288388,1,Denegar/Revisar,Muy alto
CLI-100912,Piura,1473.19,435.13,324,1,44,88,Alto,2.0,0,0.8413496641801691,1,Denegar/Revisar,Muy alto
CLI-100913,Lima,2492.24,1617.98,676,0,32,57,Alto,2.0,0,0.16514632545529934,0,Aprobar,Bajo
CLI-100914,Piura,1025.0,702.89,680,0,49,23,Bajo,0.0,1,0.18082911257454332,0,Aprobar,Bajo
CLI-100915,Lima,1046.1,6089.97,108,1,51,175,Bajo,0.0,1,0.9932262003058624,1,Denegar/Revisar,Muy alto
CLI-100916,Lima,4881.8,4822.72,335,1,55,159,Medio,1.0,1,0.8405446737192266,1,Denegar/Revisar,Muy alto
CLI-100917,Cusco,4846.88,370.27,809,0,45,173,Alto,2.0,1,0.024651558775814698,0,Aprobar,Bajo
CLI-100918,Arequipa,2611.52,3884.95,784,0,54,70,Alto,2.0,0,0.1013343338539988,0,Aprobar,Bajo
CLI-100919,Lima,3253.66,8290.2,893,0,18,1,Medio,1.0,0,0.07855365589649041,0,Aprobar,Bajo
CLI-100920,Loreto,4597.78,4780.9,127,0,36,165,Medio,1.0,1,0.9751705231012268,1,Denegar/Revisar,Muy alto
CLI-100921,Lima,6120.7,2862.49,907,0,30,37,Medio,1.0,0,0.012068407152745528,0,Aprobar,Bajo
CLI-100922,Loreto,4094.83,1495.07,745,0,40,29,Alto,2.0,0,0.06503825065455843,0,Aprobar,Bajo
CLI-100923,Arequipa,4514.2,8724.9,126,1,33,55,Bajo,0.0,1,0.9897558764880172,1,Denegar/Revisar,Muy alto
CLI-100924,Lima,3655.12,2198.3,649,1,37,155,Medio,1.0,1,0.17466696750211375,0,Aprobar,Bajo
CLI-100925,Lima,3431.04,7734.96,295,1,60,338,Bajo,0.0,1,0.9538083761276523,1,Denegar/Revisar,Muy alto
CLI-100926,Lima,1025.0,6111.43,302,1,36,148,Medio,1.0,1,0.9584711883353718,1,Denegar/Revisar,Muy alto
CLI-100927,Piura,3660.39,6776.22,184,1,44,211,Alto,2.0,1,0.9784005321312289,1,Denegar/Revisar,Muy alto
CLI-100928,Piura,4404.11,12653.938750000001,931,0,37,36,Alto,2.0,0,0.10203655513108309,0,Aprobar,Bajo
CLI-100929,Lima,1025.0,5525.36,129,1,39,32,Bajo,0.0,1,0.9907748747520752,1,Denegar/Revisar,Muy alto
CLI-100930,Lima,4519.67,138.54,565,0,39,51,Medio,1.0,0,0.1977342608974418,0,Aprobar,Bajo
CLI-100931,Loreto,4036.3,919.84,198,1,44,184,Bajo,0.0,1,0.9135608234416527,1,Denegar/Revisar,Muy alto
CLI-100932,Cusco,6012.68,143.32,998,0,53,250,Alto,2.0,1,0.0031119684280120196,0,Aprobar,Bajo
CLI-100933,Piura,6579.37,842.46,289,1,58,253,Bajo,0.0,1,0.7104989482256756,1,Denegar/Revisar,Alto
CLI-100934,Lima,3347.07,253.63,111,1,42,112,Medio,1.0,1,0.9590973847207472,1,Denegar/Revisar,Muy alto
CLI-100935,Lima,3807.88,2785.55,702,0,46,33,Bajo,0.0,1,0.1275232410027853,0,Aprobar,Bajo
CLI-100936,Lima,1025.0,114.45,129,1,25,21,Medio,1.0,0,0.9705556923589153,1,Denegar/Revisar,Muy alto
CLI-100937,Cusco,4735.93,2559.03,824,0,38,122,Alto,2.0,0,0.03453327166924678,0,Aprobar,Bajo
CLI-100938,Lima,3613.15,9164.24,137,1,49,81,Bajo,0.0,1,0.9915861633711524,1,Denegar/Revisar,Muy alto
CLI-100939,Piura,2369.98,5522.46,952,0,48,97,Bajo,0.0,1,0.033679482148537894,0,Aprobar,Bajo
CLI-100940,Lima,3481.87,11526.47,671,0,41,140,Alto,2.0,0,0.5718426183221574,1,Denegar/Revisar,Alto
CLI-100941,Piura,3302.7,1028.08,393,0,49,174,Medio,1.0,1,0.6644615782481613,1,Denegar/Revisar,Alto
CLI-100942,Arequipa,4212.29,3029.34,459,0,45,153,Medio,1.0,1,0.5684860031654834,1,Denegar/Revisar,Alto
CLI-100943,Loreto,5292.36,1534.3,754,0,53,188,Bajo,0.0,1,0.046550419664751215,0,Aprobar,Bajo
CLI-100944,Lima,2253.16,2723.45,279,1,42,121,Medio,1.0,1,0.9132702724474585,1,Denegar/Revisar,Muy alto
CLI-100945,Lima,4594.04,3257.43,896,0,35,136,Medio,1.0,1,0.020549043819794492,0,Aprobar,Bajo
CLI-100946,Lima,3782.6,147.43,211,1,43,69,Medio,1.0,1,0.8902426512645703,1,Denegar/Revisar,Muy alto
CLI-100947,Cusco,3909.33,1062.41,841,0,18,0,Medio,1.0,0,0.02526108826602205,0,Aprobar,Bajo
CLI-100948,Loreto,2953.81,4880.04,543,0,43,62,Medio,1.0,0,0.5425331321235262,1,Denegar/Revisar,Alto
CLI-100949,Piura,3660.39,5929.95,120,1,18,0,Alto,2.0,0,0.9857255456156561,1,Denegar/Revisar,Muy alto
CLI-100950,Piura,2721.43,3370.78,244,1,20,8,Alto,2.0,0,0.9398623264219929,1,Denegar/Revisar,Muy alto
CLI-100951,Arequipa,1900.37,1263.39,598,0,43,287,Medio,1.0,1,0.2963489802946418,1,Denegar/Revisar,Medio
CLI-100952,Lima,3655.12,2077.34,245,1,44,117,Medio,1.0,1,0.9012705336691398,1,Denegar/Revisar,Muy alto
CLI-100953,Cusco,1950.56,403.87,540,1,26,27,Alto,2.0,0,0.38335416546527606,1,Denegar/Revisar,Medio
CLI-100954,Lima,4330.24,12245.75,986,0,31,36,Alto,2.0,0,0.0623532031944308,0,Aprobar,Bajo
CLI-100955,Lima,3655.12,8120.4,520,1,54,323,Medio,1.0,1,0.7125678357400009,1,Denegar/Revisar,Alto
CLI-100956,Piura,4012.81,3256.95,415,0,34,56,Medio,1.0,0,0.686281297431683,1,Denegar/Revisar,Alto
CLI-100957,Lima,3284.43,728.44,265,1,64,403,Bajo,0.0,1,0.8656968292485586,1,Denegar/Revisar,Muy alto
CLI-100958,Lima,1025.0,3480.44,751,0,38,87,Medio,1.0,0,0.16401031335874064,0,Aprobar,Bajo
CLI-100959,Arequipa,2050.23,1058.1,302,1,43,32,Alto,2.0,0,0.8667297891948046,1,Denegar/Revisar,Muy alto
CLI-100960,Lima,4134.44,10896.76,595,0,57,238,Bajo,0.0,1,0.6721466229160639,1,Denegar/Revisar,Alto
CLI-100961,Piura,4046.36,5635.64,855,0,41,50,Medio,1.0,0,0.05466923665323113,0,Aprobar,Bajo
CLI-100962,Lima,4715.5,1276.92,724,0,28,17,Medio,1.0,0,0.06314432429552967,0,Aprobar,Bajo
CLI-100963,Lima,5166.24,24.48,567,0,38,112,Medio,1.0,1,0.16890650914470107,0,Aprobar,Bajo
CLI-100964,Lima,4884.03,6426.71,812,0,39,99,Bajo,0.0,1,0.08049165833048201,0,Aprobar,Bajo
CLI-100965,Lima,2374.48,2207.21,484,1,23,23,Alto,2.0,0,0.5823590840463168,1,Denegar/Revisar,Alto
CLI-100966,Arequipa,2518.25,4113.11,413,1,36,99,Medio,1.0,0,0.7907019947479894,1,Denegar/Revisar,Muy alto
CLI-100967,Lima,6687.16,1352.95,870,0,32,49,Alto,2.0,0,0.011321308882263924,0,Aprobar,Bajo
CLI-100968,Piura,2939.34,616.68,354,1,49,189,Medio,1.0,1,0.7401075809388852,1,Denegar/Revisar,Alto
CLI-100969,Lima,2600.89,4499.56,122,1,39,62,Medio,1.0,0,0.9840376744656726,1,Denegar/Revisar,Muy alto
CLI-100970,Arequipa,4978.81,2393.71,857,0,36,111,Alto,2.0,0,0.02339571200739009,0,Aprobar,Bajo
CLI-100971,Cusco,5231.83,1072.41,438,0,38,158,Alto,2.0,0,0.4653821113742392,1,Denegar/Revisar,Medio
CLI-100972,Arequipa,2332.1,592.27,592,0,41,103,Medio,1.0,1,0.25915408140635937,1,Denegar/Revisar,Medio
CLI-100973,Lima,3599.82,3474.57,922,0,46,195,Medio,1.0,1,0.02121667800888906,0,Aprobar,Bajo
CLI-100974,Lima,1314.06,5171.94,610,1,27,36,Alto,2.0,0,0.5056610499331642,1,Denegar/Revisar,Alto
CLI-100975,Lima,2985.44,1335.67,465,0,27,55,Medio,1.0,0,0.5365332573291249,1,Denegar/Revisar,Alto
CLI-100976,Piura,3660.39,5314.25,471,0,51,197,Medio,1.0,1,0.6843229137390562,1,Denegar/Revisar,Alto
CLI-100977,Lima,3811.64,809.06,929,0,35,31,Medio,1.0,0,0.010886808385305858,0,Aprobar,Bajo
CLI-100978,Lima,6535.72,1652.47,698,0,25,51,Alto,2.0,0,0.05964889278786864,0,Aprobar,Bajo
CLI-100979,Piura,3310.3,5464.12,318,1,44,172,Alto,2.0,1,0.9137535966923253,1,Denegar/Revisar,Muy alto
CLI-100980,Lima,3494.6,4316.93,574,1,44,46,Alto,2.0,0,0.4191688604447005,1,Denegar/Revisar,Medio
CLI-100981,Arequipa,3015.8,1261.71,522,0,22,9,Alto,2.0,0,0.40793777739553255,1,Denegar/Revisar,Medio
CLI-100982,Lima,1370.22,521.05,455,0,41,92,Bajo,0.0,1,0.6180899104681313,1,Denegar/Revisar,Alto
CLI-100983,Lima,3655.12,173.61,559,0,47,103,Bajo,0.0,1,0.2501655638618409,1,Denegar/Revisar,Medio
CLI-100984,Arequipa,4241.58,7278.54,602,0,43,172,Bajo,0.0,1,0.46587001999676253,1,Denegar/Revisar,Medio
CLI-100985,Lima,2574.9,312.46,126,1,46,117,Alto,2.0,0,0.9624629958015362,1,Denegar/Revisar,Muy alto
CLI-100986,Arequipa,3638.81,487.97,901,0,24,25,Alto,2.0,0,0.014261671139956394,0,Aprobar,Bajo
CLI-100987,Lima,3293.99,1085.72,900,0,42,55,Medio,1.0,0,0.016978745468335305,0,Aprobar,Bajo
CLI-100988,Lima,2550.92,2359.98,959,0,35,35,Medio,1.0,0,0.015207964070743993,0,Aprobar,Bajo
CLI-100989,Loreto,2984.69,6238.54,322,1,33,31,Alto,2.0,0,0.928370944578377,1,Denegar/Revisar,Muy alto
CLI-100990,Arequipa,4756.91,1137.31,963,0,49,95,Medio,1.0,1,0.006839161407906285,0,Aprobar,Bajo
CLI-100991,Arequipa,3824.96,3136.74,789,0,55,110,Bajo,0.0,1,0.0648293595491427,0,Aprobar,Bajo
CLI-100992,Lima,3299.27,378.88,247,1,59,187,Bajo,0.0,1,0.8759935644168975,1,Denegar/Revisar,Muy alto
CLI-100993,Piura,3660.39,2498.3,523,0,53,174,Medio,1.0,1,0.4234118153820166,1,Denegar/Revisar,Medio
CLI-100994,Lima,5335.25,782.3,838,0,38,166,Medio,1.0,1,0.017726823366468678,0,Aprobar,Bajo
CLI-100995,Lima,4686.06,948.93,450,0,43,11,Alto,2.0,0,0.4623962699055099,1,Denegar/Revisar,Medio
CLI-100996,Cusco,4577.99,1828.06,285,1,48,17,Alto,2.0,0,0.8331169712260338,1,Denegar/Revisar,Muy alto
CLI-100997,Lima,4273.62,5730.99,514,0,41,77,Medio,1.0,0,0.5783605163898292,1,Denegar/Revisar,Alto
CLI-100998,Cusco,4844.49,5450.1,905,0,41,68,Medio,1.0,0,0.028095160924924402,0,Aprobar,Bajo
CLI-100999,Lima,6470.44,2144.39,528,0,49,278,Medio,1.0,1,0.25303735520472365,1,Denegar/Revisar,Medio
CLI-101000,Lima,3955.43,505.3,140,1,38,104,Medio,1.0,0,0.9423907674377783,1,Denegar/Revisar,Muy alto
CLI-101001,Piura,2216.25,1317.86,492,0,30,39,Alto,2.0,0,0.5265541124197325,1,Denegar/Revisar,Alto
CLI-101002,Loreto,3600.67,2815.67,802,0,34,73,Alto,2.0,0,0.05696413928420754,0,Aprobar,Bajo
CLI-101003,Arequipa,3638.81,8142.83,178,1,46,196,Alto,2.0,1,0.9846799060427406,1,Denegar/Revisar,Muy alto
CLI-101004,Loreto,5069.11,12653.938750000001,816,0,40,90,Bajo,0.0,1,0.2226472079433046,1,Denegar/Revisar,Bajo
CLI-101005,Arequipa,5928.43,4058.6,995,0,44,176,Medio,1.0,1,0.007151020594764678,0,Aprobar,Bajo
CLI-101006,Arequipa,2402.29,1727.36,889,0,46,108,Medio,1.0,1,0.026260911161039978,0,Aprobar,Bajo
CLI-101007,Loreto,5360.13,4729.54,883,0,36,103,Medio,1.0,0,0.026362324946833007,0,Aprobar,Bajo
CLI-101008,Lima,5488.03,1639.28,643,0,48,176,Medio,1.0,1,0.11506776339895443,0,Aprobar,Bajo
CLI-101009,Lima,4511.11,3928.37,549,1,44,153,Medio,1.0,1,0.389817685034662,1,Denegar/Revisar,Medio
CLI-101010,Lima,4269.59,1117.62,573,0,26,7,Alto,2.0,0,0.23644248805857096,1,Denegar/Revisar,Bajo
CLI-101011,Cusco,2782.78,1242.38,241,1,55,223,Medio,1.0,1,0.9067881291745726,1,Denegar/Revisar,Muy alto
CLI-101012,Cusco,2510.0,312.82,350,1,33,36,Medio,1.0,0,0.7538969679184548,1,Denegar/Revisar,Muy alto
CLI-101013,Lima,4464.32,2179.88,393,1,21,8,Alto,2.0,0,0.6671720074720908,1,Denegar/Revisar,Alto
CLI-101014,Arequipa,4793.02,3851.17,709,0,28,34,Medio,1.0,0,0.11601332790500599,0,Aprobar,Bajo
CLI-101015,Cusco,2479.29,6219.7,235,1,27,34,Alto,2.0,0,0.9704409884245314,1,Denegar/Revisar,Muy alto
CLI-101016,Lima,7479.16,6650.27,583,0,41,140,Medio,1.0,1,0.29298814421925784,1,Denegar/Revisar,Medio
CLI-101017,Piura,2011.3,12653.938750000001,888,1,35,26,Medio,1.0,0,0.22189265042469686,1,Denegar/Revisar,Bajo
CLI-101018,Cusco,2973.8,367.39,411,0,35,153,Medio,1.0,1,0.6109186593082869,1,Denegar/Revisar,Alto
CLI-101019,Lima,3168.9,2718.06,913,0,46,131,Bajo,0.0,1,0.02256825235899635,0,Aprobar,Bajo
CLI-101020,Arequipa,4384.26,2947.35,654,0,43,171,Alto,2.0,1,0.1718844713768954,0,Aprobar,Bajo
CLI-101021,Lima,3655.12,6529.46,731,0,42,37,Medio,1.0,0,0.19663507457314275,0,Aprobar,Bajo
CLI-101022,Cusco,6065.9,1238.94,831,0,44,41,Alto,2.0,0,0.01827553513729203,0,Aprobar,Bajo
CLI-101023,Cusco,4298.18,287.58,145,1,46,131,Bajo,0.0,1,0.9346737706923531,1,Denegar/Revisar,Muy alto
CLI-101024,Cusco,3571.03,1506.1,335,1,18,1,Alto,2.0,0,0.7865915393828392,1,Denegar/Revisar,Muy alto
CLI-101025,Lima,2328.51,12653.938750000001,147,1,34,134,Medio,1.0,0,0.9963990508477547,1,Denegar/Revisar,Muy alto
CLI-101026,Loreto,4168.46,9188.05,297,1,18,1,Alto,2.0,0,0.958697855098021,1,Denegar/Revisar,Muy alto
CLI-101027,Loreto,3359.06,2011.74,183,1,39,106,Alto,2.0,0,0.9471682133115278,1,Denegar/Revisar,Muy alto
CLI-101028,Lima,5212.02,8358.68,642,0,40,20,Alto,2.0,0,0.37541845921315997,1,Denegar/Revisar,Medio
CLI-101029,Loreto,2836.32,133.21,260,1,50,86,Alto,2.0,0,0.86859763582883,1,Denegar/Revisar,Muy alto
CLI-101030,Lima,3281.79,1508.7,527,0,52,95,Medio,1.0,1,0.3852212737093274,1,Denegar/Revisar,Medio
CLI-101031,Piura,4456.61,5190.38,170,1,42,91,Medio,1.0,1,0.9672779545622406,1,Denegar/Revisar,Muy alto
CLI-101032,Lima,4688.49,1001.3,619,0,34,99,Alto,2.0,0,0.1511549523086203,0,Aprobar,Bajo
CLI-101033,Lima,4232.98,884.54,997,0,45,82,Alto,2.0,0,0.005538366896122491,0,Aprobar,Bajo
CLI-101034,Lima,3353.76,7916.43,151,1,33,57,Bajo,0.0,1,0.9882811217810963,1,Denegar/Revisar,Muy alto
CLI-101035,Arequipa,3065.22,3827.97,144,1,39,158,Medio,1.0,1,0.9750467052783858,1,Denegar/Revisar,Muy alto
CLI-101036,Lima,3984.81,12653.938750000001,392,1,50,237,Bajo,0.0,1,0.9516065800700407,1,Denegar/Revisar,Muy alto
CLI-101037,Arequipa,6226.18,578.58,911,0,34,92,Alto,2.0,0,0.007312233461424928,0,Aprobar,Bajo
CLI-101038,Lima,3103.19,1761.02,564,1,48,236,Medio,1.0,1,0.327435312601507,1,Denegar/Revisar,Medio
CLI-101039,Lima,3655.12,1491.29,984,0,46,181,Medio,1.0,1,0.007807682998873613,0,Aprobar,Bajo
CLI-101040,Piura,4208.69,8485.46,649,1,29,92,Medio,1.0,0,0.4125095471691033,1,Denegar/Revisar,Medio
CLI-101041,Arequipa,3627.17,1179.08,966,0,50,105,Alto,2.0,0,0.00904086219270838,0,Aprobar,Bajo
CLI-101042,Lima,2091.62,12653.938750000001,479,1,46,165,Bajo,0.0,1,0.9309870822978985,1,Denegar/Revisar,Muy alto
CLI-101043,Piura,5674.33,616.49,842,0,41,137,Bajo,0.0,1,0.015866858141420758,0,Aprobar,Bajo
CLI-101044,Loreto,3223.19,5973.75,577,1,30,57,Medio,1.0,0,0.5050156158092426,1,Denegar/Revisar,Alto
CLI-101045,Piura,1025.0,1085.68,361,1,28,49,Alto,2.0,0,0.8267258415495297,1,Denegar/Revisar,Muy alto
CLI-101046,Lima,5129.12,3396.78,679,0,34,126,Alto,2.0,0,0.13184105339878643,0,Aprobar,Bajo
CLI-101047,Lima,2398.77,2284.49,278,1,44,80,Bajo,0.0,1,0.9068367634399703,1,Denegar/Revisar,Muy alto
CLI-101048,Loreto,4278.75,1986.76,456,0,29,39,Medio,1.0,0,0.5170484152561209,1,Denegar/Revisar,Alto
CLI-101049,Lima,5161.16,782.16,518,0,44,183,Medio,1.0,1,0.27437364850647133,1,Denegar/Revisar,Medio
CLI-101050,Loreto,4378.47,573.62,797,0,26,45,Medio,1.0,0,0.030702377601323935,0,Aprobar,Bajo
CLI-101051,Piura,1025.0,9074.95,300,1,36,126,Alto,2.0,0,0.9785856909132972,1,Denegar/Revisar,Muy alto
CLI-101052,Cusco,1025.0,281.02,112,1,39,47,Alto,2.0,0,0.9765350553946058,1,Denegar/Revisar,Muy alto
CLI-101053,Arequipa,2575.39,418.38,542,1,65,93,Bajo,0.0,1,0.3461467985223501,1,Denegar/Revisar,Medio
CLI-101054,Cusco,4064.72,1124.4,825,0,24,37,Alto,2.0,0,0.029675946559722877,0,Aprobar,Bajo
CLI-101055,Lima,5962.21,12216.77,831,0,56,89,Medio,1.0,1,0.15712040159995663,0,Aprobar,Bajo
CLI-101056,Arequipa,3707.0,357.0,385,1,41,97,Alto,2.0,0,0.6367378917725062,1,Denegar/Revisar,Alto
CLI-101057,Lima,8135.91,6771.6,855,0,45,186,Alto,2.0,1,0.02872615138518804,0,Aprobar,Bajo
CLI-101058,Lima,2196.86,8904.43,967,0,40,115,Medio,1.0,1,0.05833712179840452,0,Aprobar,Bajo
CLI-101059,Piura,3660.39,1898.41,357,0,44,76,Medio,1.0,1,0.7543139057340771,1,Denegar/Revisar,Muy alto
CLI-101060,Loreto,3169.79,12653.938750000001,669,1,37,96,Alto,2.0,0,0.6386258411251744,1,Denegar/Revisar,Alto
CLI-101061,Cusco,4145.96,4525.09,647,0,55,303,Medio,1.0,1,0.23927553669597534,1,Denegar/Revisar,Bajo
CLI-101062,Arequipa,7005.51,4851.17,939,0,35,82,Medio,1.0,0,0.011090178490983323,0,Aprobar,Bajo
CLI-101063,Lima,6400.37,6056.1,589,0,53,18,Bajo,0.0,1,0.3156418959739928,1,Denegar/Revisar,Medio
CLI-101064,Lima,3775.69,7101.19,597,0,32,65,Medio,1.0,0,0.4855893227497719,1,Denegar/Revisar,Medio
CLI-101065,Arequipa,3638.81,1250.06,993,0,38,102,Alto,2.0,0,0.00711850655435386,0,Aprobar,Bajo
CLI-101066,Lima,3655.12,4645.72,804,0,27,60,Alto,2.0,0,0.07932170593725382,0,Aprobar,Bajo
CLI-101067,Lima,1751.06,579.67,432,0,43,159,Bajo,0.0,1,0.6504954160899599,1,Denegar/Revisar,Alto
CLI-101068,Lima,3843.48,2859.37,661,0,55,221,Bajo,0.0,1,0.1778338869860917,0,Aprobar,Bajo
CLI-101069,Lima,3655.12,3796.15,131,1,38,105,Alto,2.0,0,0.9754529956266831,1,Denegar/Revisar,Muy alto
CLI-101070,Lima,3823.85,705.67,709,0,37,40,Bajo,0.0,1,0.08079087482232805,0,Aprobar,Bajo
CLI-101071,Lima,1505.87,318.37,142,1,26,19,Medio,1.0,0,0.9645965161031821,1,Denegar/Revisar,Muy alto
CLI-101072,Lima,4716.72,866.39,992,0,37,82,Medio,1.0,0,0.0049758964182287655,0,Aprobar,Bajo
CLI-101073,Lima,3858.48,2182.97,450,0,22,4,Alto,2.0,0,0.5749179830134208,1,Denegar/Revisar,Alto
CLI-101074,Cusco,4422.38,8751.35,433,0,29,69,Medio,1.0,0,0.8428032115140576,1,Denegar/Revisar,Muy alto
CLI-101075,Lima,4806.79,3036.42,921,0,42,65,Medio,1.0,0,0.014850781132203334,0,Aprobar,Bajo
CLI-101076,Lima,6267.91,5521.14,658,1,55,71,Medio,1.0,1,0.17626278290893788,0,Aprobar,Bajo
CLI-101077,Arequipa,6526.3,765.34,369,1,70,335,Bajo,0.0,1,0.5357803635707817,1,Denegar/Revisar,Alto
CLI-101078,Lima,3737.2,448.1,922,0,33,32,Alto,2.0,0,0.011384369796921293,0,Aprobar,Bajo
CLI-101079,Cusco,4979.1,1095.73,512,1,55,206,Medio,1.0,1,0.3083611853482689,1,Denegar/Revisar,Medio
CLI-101080,Arequipa,7019.9,1506.81,674,0,43,201,Medio,1.0,1,0.06213881723277834,0,Aprobar,Bajo
CLI-101081,Lima,4230.18,3177.2,118,1,38,49,Alto,2.0,0,0.9718077837543302,1,Denegar/Revisar,Muy alto
CLI-101082,Lima,4467.99,8522.71,446,1,44,84,Medio,1.0,1,0.8173379304095939,1,Denegar/Revisar,Muy alto
CLI-101083,Loreto,1191.21,2221.15,712,1,39,47,Medio,1.0,0,0.17259530356960687,0,Aprobar,Bajo
CLI-101084,Cusco,1934.89,2925.87,136,1,40,156,Alto,2.0,0,0.9791796273311534,1,Denegar/Revisar,Muy alto
CLI-101085,Lima,3317.84,18.5,718,0,34,73,Alto,2.0,0,0.0728453173480122,0,Aprobar,Bajo
CLI-101086,Piura,4962.79,135.52,191,1,24,18,Alto,2.0,0,0.8852336567099955,1,Denegar/Revisar,Muy alto
CLI-101087,Lima,3655.12,349.95,919,0,22,28,Alto,2.0,0,0.011686062781586556,0,Aprobar,Bajo
CLI-101088,Cusco,2939.94,4802.5,284,1,46,113,Alto,2.0,0,0.9324858575833865,1,Denegar/Revisar,Muy alto
CLI-101089,Lima,5414.41,2663.62,827,0,37,41,Bajo,0.0,1,0.029478308445635405,0,Aprobar,Bajo
CLI-101090,Cusco,1590.45,857.53,127,1,32,49,Alto,2.0,0,0.9728362460812379,1,Denegar/Revisar,Muy alto
CLI-101091,Piura,4212.63,3591.83,647,0,39,82,Alto,2.0,0,0.2090380141919682,1,Denegar/Revisar,Bajo
CLI-101092,Piura,3665.16,3146.42,471,0,48,38,Medio,1.0,1,0.5780537865831897,1,Denegar/Revisar,Alto
CLI-101093,Piura,5677.67,371.97,931,0,42,21,Alto,2.0,0,0.00659490937256055,0,Aprobar,Bajo
CLI-101094,Lima,4746.27,4091.19,629,1,32,94,Alto,2.0,0,0.2350077054747922,1,Denegar/Revisar,Bajo
CLI-101095,Lima,4328.94,5829.53,444,1,53,66,Bajo,0.0,1,0.7348098052507939,1,Denegar/Revisar,Alto
CLI-101096,Lima,3837.18,1350.6,518,0,56,231,Medio,1.0,1,0.3669604218778947,1,Denegar/Revisar,Medio
CLI-101097,Lima,1025.0,4652.46,295,1,43,136,Alto,2.0,0,0.9495491542673239,1,Denegar/Revisar,Muy alto
CLI-101098,Arequipa,3063.49,891.17,177,1,49,244,Bajo,0.0,1,0.9412869224945933,1,Denegar/Revisar,Muy alto
CLI-101099,Lima,3114.96,5654.31,266,1,52,157,Bajo,0.0,1,0.9494850516466041,1,Denegar/Revisar,Muy alto
CLI-101100,Lima,4027.82,9711.42,189,1,52,131,Medio,1.0,1,0.9861083122327134,1,Denegar/Revisar,Muy alto
CLI-101101,Cusco,2591.61,2332.63,363,1,45,88,Medio,1.0,1,0.803003265110788,1,Denegar/Revisar,Muy alto
CLI-101102,Loreto,3704.7,1122.15,571,1,46,79,Alto,2.0,0,0.2647379008828791,1,Denegar/Revisar,Medio
CLI-101103,Cusco,3224.04,2037.82,307,1,45,88,Medio,1.0,1,0.8483207284041416,1,Denegar/Revisar,Muy alto
CLI-101104,Cusco,3077.17,1151.14,823,0,27,46,Bajo,0.0,0,0.03791590453546009,0,Aprobar,Bajo
CLI-101105,Lima,3655.12,4.96,370,1,47,178,Medio,1.0,1,0.6459208085744642,1,Denegar/Revisar,Alto
CLI-101106,Lima,3797.81,4204.51,362,1,24,6,Alto,2.0,0,0.8275639553434421,1,Denegar/Revisar,Muy alto
CLI-101107,Arequipa,5221.64,173.83,605,0,31,71,Alto,2.0,0,0.13093671379741834,0,Aprobar,Bajo
CLI-101108,Arequipa,3330.64,944.87,884,0,53,104,Medio,1.0,1,0.01894991090098035,0,Aprobar,Bajo
CLI-101109,Lima,3655.12,5127.01,611,0,48,252,Bajo,0.0,1,0.36831580684174425,1,Denegar/Revisar,Medio
CLI-101110,Loreto,3600.67,4383.17,953,0,55,173,Medio,1.0,1,0.01925307002941058,0,Aprobar,Bajo
CLI-101111,Lima,5540.06,304.63,825,1,37,25,Alto,2.0,0,0.01793756434741234,0,Aprobar,Bajo
CLI-101112,Lima,4817.14,4315.88,985,0,27,50,Alto,2.0,0,0.011108962035120481,0,Aprobar,Bajo
CLI-101113,Piura,4471.3,10670.03,675,0,37,27,Alto,2.0,0,0.4604310030396158,1,Denegar/Revisar,Medio
CLI-101114,Piura,3660.39,309.7,623,0,40,48,Bajo,0.0,1,0.1583457974680729,0,Aprobar,Bajo
CLI-101115,Piura,3660.39,2149.28,821,0,40,89,Medio,1.0,1,0.0400024022814725,0,Aprobar,Bajo
CLI-101116,Lima,1714.87,5228.96,411,1,51,82,Bajo,0.0,1,0.8591775810287069,1,Denegar/Revisar,Muy alto
CLI-101117,Loreto,5921.82,4407.15,273,1,36,107,Alto,2.0,0,0.8758052141138748,1,Denegar/Revisar,Muy alto
CLI-101118,Lima,3655.12,1027.37,530,0,43,98,Medio,1.0,1,0.33539915180863167,1,Denegar/Revisar,Medio
CLI-101119,Lima,5328.75,712.05,867,0,29,27,Alto,2.0,0,0.013902583176722678,0,Aprobar,Bajo
CLI-101120,Loreto,2481.29,6134.48,562,0,43,124,Medio,1.0,1,0.5907029612365695,1,Denegar/Revisar,Alto
CLI-101121,Cusco,2621.15,12516.57,200,1,39,42,Alto,2.0,0,0.9939181269927995,1,Denegar/Revisar,Muy alto
CLI-101122,Loreto,3600.67,5836.9,115,1,31,65,Alto,2.0,0,0.9862926042717588,1,Denegar/Revisar,Muy alto
CLI-101123,Loreto,1409.39,12653.938750000001,808,0,36,8,Medio,1.0,0,0.40986283750213137,1,Denegar/Revisar,Medio
CLI-101124,Arequipa,1862.29,3715.43,357,1,36,16,Alto,2.0,0,0.8766627568082671,1,Denegar/Revisar,Muy alto
CLI-101125,Piura,3402.07,10585.88,995,0,36,85,Alto,2.0,0,0.0506830107876984,0,Aprobar,Bajo
CLI-101126,Lima,1268.04,4690.36,343,1,58,295,Bajo,0.0,1,0.9195548618367224,1,Denegar/Revisar,Muy alto
CLI-101127,Lima,3553.12,9582.52,447,1,38,101,Medio,1.0,0,0.8727103795037052,1,Denegar/Revisar,Muy alto
CLI-101128,Lima,3084.88,704.99,348,1,36,37,Alto,2.0,0,0.7551321822637173,1,Denegar/Revisar,Muy alto
CLI-101129,Lima,5043.56,6761.84,204,1,18,0,Alto,2.0,0,0.9644851121125054,1,Denegar/Revisar,Muy alto
CLI-101130,Arequipa,2404.99,876.34,793,0,29,25,Alto,2.0,0,0.05445613978307544,0,Aprobar,Bajo
CLI-101131,Lima,4384.12,111.25,766,0,36,53,Medio,1.0,0,0.036955633160824994,0,Aprobar,Bajo
CLI-101132,Lima,1951.87,2915.81,386,1,31,46,Alto,2.0,0,0.8174999172302355,1,Denegar/Revisar,Muy alto
CLI-101133,Lima,1025.0,1532.38,268,1,53,336,Medio,1.0,1,0.9234994993467087,1,Denegar/Revisar,Muy alto
CLI-101134,Arequipa,4419.71,178.03,519,0,37,133,Alto,2.0,0,0.28926052382626327,1,Denegar/Revisar,Medio
CLI-101135,Lima,3797.9,12653.938750000001,146,1,53,172,Bajo,0.0,1,0.9951785800088874,1,Denegar/Revisar,Muy alto
CLI-101136,Loreto,3612.18,4392.04,142,1,40,95,Medio,1.0,0,0.975312162403617,1,Denegar/Revisar,Muy alto
CLI-101137,Lima,1365.26,9283.49,420,1,38,113,Medio,1.0,0,0.9323239056294624,1,Denegar/Revisar,Muy alto
CLI-101138,Lima,4459.38,12653.938750000001,917,1,38,43,Medio,1.0,0,0.10960581562540697,0,Aprobar,Bajo
CLI-101139,Piura,4036.04,1990.1,320,1,39,81,Bajo,0.0,1,0.8083812499726643,1,Denegar/Revisar,Muy alto
CLI-101140,Loreto,5152.24,1176.07,612,1,59,279,Bajo,0.0,1,0.15051011831009578,0,Aprobar,Bajo
CLI-101141,Lima,5064.44,812.8,811,0,18,0,Alto,2.0,0,0.025240434714396645,0,Aprobar,Bajo
CLI-101142,Arequipa,5027.7,2895.97,540,1,18,0,Alto,2.0,0,0.3400511184888007,1,Denegar/Revisar,Medio
CLI-101143,Piura,4587.07,3726.44,243,1,33,58,Alto,2.0,0,0.9168792117204321,1,Denegar/Revisar,Muy alto
CLI-101144,Lima,4635.3,2557.84,989,0,40,124,Alto,2.0,0,0.007725805251179374,0,Aprobar,Bajo
CLI-101145,Loreto,3501.8,1959.21,127,1,47,98,Medio,1.0,1,0.9654102069825575,1,Denegar/Revisar,Muy alto
CLI-101146,Arequipa,5905.52,737.0,953,0,45,172,Medio,1.0,1,0.005296047676766107,0,Aprobar,Bajo
CLI-101147,Arequipa,4983.19,2332.58,949,0,35,34,Alto,2.0,0,0.00986844763747763,0,Aprobar,Bajo
CLI-101148,Loreto,6076.5,356.39,889,0,51,148,Alto,2.0,1,0.008865530534315968,0,Aprobar,Bajo
CLI-101149,Loreto,5115.74,8011.34,652,1,51,233,Bajo,0.0,1,0.3421198918932336,1,Denegar/Revisar,Medio
CLI-101150,Arequipa,3638.81,192.15,943,0,41,72,Medio,1.0,0,0.008742589964149327,0,Aprobar,Bajo
CLI-101151,Loreto,2057.0,1916.31,758,0,49,179,Medio,1.0,1,0.09413655941732722,0,Aprobar,Bajo
CLI-101152,Arequipa,4440.96,422.05,956,0,42,141,Alto,2.0,0,0.007020906142077039,0,Aprobar,Bajo
CLI-101153,Arequipa,2306.3,5966.27,789,1,32,24,Alto,2.0,0,0.1519972143997315,0,Aprobar,Bajo
CLI-101154,Piura,4476.69,1500.15,926,0,47,83,Alto,2.0,0,0.011532314087637517,0,Aprobar,Bajo
CLI-101155,Arequipa,4360.9,480.12,936,0,40,103,Alto,2.0,0,0.008720162347627772,0,Aprobar,Bajo
CLI-101156,Lima,3655.12,3032.8,266,1,39,94,Alto,2.0,0,0.9050539576464466,1,Denegar/Revisar,Muy alto
CLI-101157,Loreto,4725.59,9920.97,734,0,56,403,Bajo,0.0,1,0.283071669328947,1,Denegar/Revisar,Medio
CLI-101158,Loreto,5336.9,9572.0,685,1,18,0,Alto,2.0,0,0.33511061138104625,1,Denegar/Revisar,Medio
CLI-101159,Lima,3465.61,1148.87,850,0,23,21,Alto,2.0,0,0.02718235452751674,0,Aprobar,Bajo
CLI-101160,Loreto,5490.5,5087.0,348,1,27,37,Alto,2.0,0,0.8165859279833498,1,Denegar/Revisar,Muy alto
CLI-101161,Lima,5588.47,123.01,874,0,36,52,Medio,1.0,0,0.010451615167658216,0,Aprobar,Bajo
CLI-101162,Lima,4867.16,565.57,863,0,37,117,Alto,2.0,0,0.015550602567868922,0,Aprobar,Bajo
CLI-101163,Arequipa,3638.81,2768.37,456,1,22,27,Alto,2.0,0,0.6035456278675694,1,Denegar/Revisar,Alto
CLI-101164,Lima,4688.11,1039.0,210,1,29,34,Alto,2.0,0,0.8927607151018307,1,Denegar/Revisar,Muy alto
CLI-101165,Loreto,6742.0,6403.14,791,0,31,30,Alto,2.0,0,0.06447729993125549,0,Aprobar,Bajo
CLI-101166,Loreto,4114.93,10698.78,799,1,66,298,Bajo,0.0,1,0.2256442891932294,1,Denegar/Revisar,Bajo
CLI-101167,Piura,4385.62,17.37,919,0,59,172,Bajo,0.0,1,0.009217909705278983,0,Aprobar,Bajo
CLI-101168,Lima,3360.98,1060.63,818,0,34,112,Alto,2.0,0,0.0365514896977347,0,Aprobar,Bajo
CLI-101169,Lima,1025.0,2316.08,333,1,34,164,Bajo,0.0,1,0.8894470226613894,1,Denegar/Revisar,Muy alto
CLI-101170,Piura,3660.39,3312.01,123,1,26,56,Alto,2.0,0,0.9747632399082302,1,Denegar/Revisar,Muy alto
CLI-101171,Cusco,3560.7650000000003,9903.13,125,1,18,0,Alto,2.0,0,0.9936327316888565,1,Denegar/Revisar,Muy alto
CLI-101172,Piura,5078.52,8898.18,480,1,38,114,Alto,2.0,0,0.7605273914706183,1,Denegar/Revisar,Muy alto
CLI-101173,Lima,2998.94,4055.28,829,0,28,77,Alto,2.0,0,0.06546388628065852,0,Aprobar,Bajo
CLI-101174,Piura,2522.42,1190.33,445,0,38,187,Alto,2.0,0,0.6104586907286119,1,Denegar/Revisar,Alto
CLI-101175,Piura,3660.39,6116.74,477,1,21,11,Alto,2.0,0,0.7161374417727217,1,Denegar/Revisar,Alto
CLI-101176,Arequipa,2211.77,905.86,621,0,30,70,Alto,2.0,0,0.23329737998041156,1,Denegar/Revisar,Bajo
CLI-101177,Lima,1658.86,12653.938750000001,116,1,40,27,Alto,2.0,0,0.9977791175870108,1,Denegar/Revisar,Muy alto
CLI-101178,Arequipa,3638.81,23.43,344,0,43,123,Alto,2.0,0,0.7091433368491548,1,Denegar/Revisar,Alto
CLI-101179,Piura,3660.39,3373.75,817,0,44,253,Medio,1.0,1,0.053056727516719346,0,Aprobar,Bajo
CLI-101180,Cusco,3431.73,370.2,869,0,24,60,Alto,2.0,0,0.01959968633158046,0,Aprobar,Bajo
CLI-101181,Lima,3162.54,2094.29,723,0,48,131,Medio,1.0,1,0.10388757418658111,0,Aprobar,Bajo
CLI-101182,Piura,2778.63,4030.7,816,0,30,70,Medio,1.0,0,0.07383955788077652,0,Aprobar,Bajo
CLI-101183,Cusco,5767.96,4679.55,638,1,47,145,Alto,2.0,1,0.20141123343178874,1,Denegar/Revisar,Bajo
CLI-101184,Lima,2113.76,6159.08,682,0,38,62,Medio,1.0,0,0.3388652662538639,1,Denegar/Revisar,Medio
CLI-101185,Cusco,3861.11,3598.99,787,0,24,18,Alto,2.0,0,0.07169252419196198,0,Aprobar,Bajo
CLI-101186,Arequipa,1786.5,1157.77,301,1,35,21,Medio,1.0,0,0.8727495984519955,1,Denegar/Revisar,Muy alto
CLI-101187,Lima,2879.04,8802.04,347,1,43,40,Bajo,0.0,1,0.947514133440161,1,Denegar/Revisar,Muy alto
CLI-101188,Lima,1548.8,6666.31,217,1,45,161,Alto,2.0,0,0.9814843198119598,1,Denegar/Revisar,Muy alto
CLI-101189,Arequipa,2829.84,697.66,108,1,37,77,Medio,1.0,0,0.9676022794890191,1,Denegar/Revisar,Muy alto
CLI-101190,Lima,4376.19,7006.57,697,0,56,69,Medio,1.0,1,0.23956430100547424,1,Denegar/Revisar,Bajo
CLI-101191,Piura,4847.27,12653.938750000001,122,1,51,276,Bajo,0.0,1,0.9950896939983345,1,Denegar/Revisar,Muy alto
CLI-101192,Lima,2295.11,4055.83,339,1,36,140,Medio,1.0,1,0.887257408141855,1,Denegar/Revisar,Muy alto
CLI-101193,Piura,6294.74,1324.06,684,0,48,84,Medio,1.0,1,0.06426204623818173,0,Aprobar,Bajo
CLI-101194,Lima,3655.12,3731.65,126,1,60,231,Bajo,0.0,1,0.9762374504634437,1,Denegar/Revisar,Muy alto
CLI-101195,Loreto,4062.97,1677.46,960,0,61,135,Bajo,0.0,1,0.009598468750451653,0,Aprobar,Bajo
CLI-101196,Cusco,5507.11,4507.39,180,1,26,62,Alto,2.0,0,0.9499369868951091,1,Denegar/Revisar,Muy alto
CLI-101197,Cusco,8244.41,3148.07,695,0,31,49,Alto,2.0,0,0.05677149493824088,0,Aprobar,Bajo
CLI-101198,Arequipa,5624.9,10608.04,298,1,56,306,Bajo,0.0,1,0.9567773666258065,1,Denegar/Revisar,Muy alto
CLI-101199,Lima,3655.12,3848.38,654,0,27,62,Alto,2.0,0,0.2291963770157741,1,Denegar/Revisar,Bajo
CLI-101200,Arequipa,3638.81,963.1,874,0,24,34,Alto,2.0,0,0.02018960516351572,0,Aprobar,Bajo
CLI-101201,Lima,3905.96,5165.54,191,1,34,112,Alto,2.0,0,0.9661195538261353,1,Denegar/Revisar,Muy alto
CLI-101202,Lima,4918.14,1431.72,950,0,44,32,Medio,1.0,0,0.007911356620482085,0,Aprobar,Bajo
CLI-101203,Lima,1354.23,1271.97,183,1,37,64,Alto,2.0,0,0.9606585377282785,1,Denegar/Revisar,Muy alto
CLI-101204,Lima,3649.87,1988.85,399,1,32,90,Alto,2.0,0,0.6873546260177463,1,Denegar/Revisar,Alto
CLI-101205,Arequipa,2531.23,48.28,395,1,31,99,Bajo,0.0,1,0.6626342971182311,1,Denegar/Revisar,Alto
CLI-101206,Arequipa,3638.81,12653.938750000001,746,0,31,106,Alto,2.0,0,0.43493239141104495,1,Denegar/Revisar,Medio
CLI-101207,Lima,3655.12,3039.98,553,1,29,10,Medio,1.0,0,0.38353009085479844,1,Denegar/Revisar,Medio
CLI-101208,Lima,3733.0,5939.93,380,1,64,192,Bajo,0.0,1,0.8558373759646739,1,Denegar/Revisar,Muy alto
CLI-101209,Cusco,4318.07,1192.83,158,1,43,51,Medio,1.0,0,0.9362509955439572,1,Denegar/Revisar,Muy alto
CLI-101210,Lima,4059.11,5491.43,970,0,49,34,Bajo,0.0,1,0.019379591628797727,0,Aprobar,Bajo
CLI-101211,Lima,3264.09,3349.65,441,0,33,82,Medio,1.0,0,0.6752877819160968,1,Denegar/Revisar,Alto
CLI-101212,Lima,5409.89,2207.59,852,0,38,40,Medio,1.0,0,0.020584011209913773,0,Aprobar,Bajo
CLI-101213,Arequipa,3734.31,12653.938750000001,564,1,31,68,Alto,2.0,0,0.8058715265193157,1,Denegar/Revisar,Muy alto
CLI-101214,Arequipa,5030.33,2723.64,979,0,18,0,Alto,2.0,0,0.008015949860038106,0,Aprobar,Bajo
CLI-101215,Lima,3655.12,4285.45,441,1,24,34,Alto,2.0,0,0.7063193291292708,1,Denegar/Revisar,Alto
CLI-101216,Lima,4222.1,61.84,709,0,19,7,Alto,2.0,0,0.06537362588078206,0,Aprobar,Bajo
CLI-101217,Arequipa,1203.46,1435.02,161,0,18,0,Alto,2.0,0,0.969855308108125,1,Denegar/Revisar,Muy alto
CLI-101218,Arequipa,4433.49,8781.8,875,0,26,19,Medio,1.0,0,0.07847437674288163,0,Aprobar,Bajo
CLI-101219,Lima,6089.79,5691.15,724,0,55,277,Alto,2.0,1,0.11452861881242511,0,Aprobar,Bajo
CLI-101220,Cusco,3809.49,3077.99,528,1,39,28,Medio,1.0,0,0.43343185464301187,1,Denegar/Revisar,Medio
CLI-101221,Lima,2763.37,9216.73,757,0,53,74,Bajo,0.0,1,0.3018627271572572,1,Denegar/Revisar,Medio
CLI-101222,Lima,6368.8,2663.84,827,0,45,89,Alto,2.0,0,0.023762636579043234,0,Aprobar,Bajo
CLI-101223,Cusco,4292.06,3343.52,355,0,48,43,Medio,1.0,1,0.7856881620578178,1,Denegar/Revisar,Muy alto
CLI-101224,Lima,5505.44,1926.06,927,0,30,10,Alto,2.0,0,0.009862040825815366,0,Aprobar,Bajo
CLI-101225,Piura,5464.78,3870.76,927,0,45,180,Medio,1.0,1,0.014378947080897715,0,Aprobar,Bajo
CLI-101226,Lima,2756.44,1536.78,973,0,47,213,Medio,1.0,1,0.010734704419582752,0,Aprobar,Bajo
CLI-101227,Lima,5209.71,1947.73,869,0,33,71,Medio,1.0,0,0.017457999006000598,0,Aprobar,Bajo
CLI-101228,Cusco,6186.95,12653.938750000001,805,1,46,104,Bajo,0.0,1,0.19678634163433698,0,Aprobar,Bajo
CLI-101229,Lima,2671.7,472.02,446,1,45,97,Alto,2.0,0,0.5630436760443013,1,Denegar/Revisar,Alto
CLI-101230,Loreto,1025.0,444.87,625,0,32,87,Medio,1.0,0,0.25203934744581735,1,Denegar/Revisar,Medio
CLI-101231,Lima,3854.36,177.13,403,0,27,7,Alto,2.0,0,0.5793725256004187,1,Denegar/Revisar,Alto
CLI-101232,Lima,3655.12,1542.91,714,0,26,22,Alto,2.0,0,0.09426911464703559,0,Aprobar,Bajo
CLI-101233,Lima,1025.0,2031.51,344,1,39,66,Medio,1.0,0,0.8679937893565474,1,Denegar/Revisar,Muy alto
CLI-101234,Arequipa,5120.07,397.14,856,0,43,101,Alto,2.0,0,0.015118938229299288,0,Aprobar,Bajo
CLI-101235,Lima,5141.44,3186.31,923,0,31,76,Alto,2.0,0,0.014471200468887458,0,Aprobar,Bajo
CLI-101236,Loreto,2058.79,3501.57,879,0,39,41,Medio,1.0,0,0.044580274557072294,0,Aprobar,Bajo
CLI-101237,Lima,7003.96,5561.64,835,0,47,235,Bajo,0.0,1,0.03468828848019648,0,Aprobar,Bajo
CLI-101238,Cusco,5288.68,12653.938750000001,831,0,46,84,Medio,1.0,1,0.185359268979019,0,Aprobar,Bajo
CLI-101239,Lima,1508.61,3863.52,922,0,55,119,Bajo,0.0,1,0.03821178007900113,0,Aprobar,Bajo
CLI-101240,Loreto,4750.3,473.56,511,0,53,232,Bajo,0.0,1,0.30190761764455165,1,Denegar/Revisar,Medio
CLI-101241,Arequipa,5638.74,370.76,977,0,29,38,Bajo,0.0,0,0.004331144955509702,0,Aprobar,Bajo
CLI-101242,Arequipa,5254.51,6012.16,316,0,58,207,Bajo,0.0,1,0.885310888146352,1,Denegar/Revisar,Muy alto
CLI-101243,Loreto,2794.19,12653.938750000001,615,1,33,52,Alto,2.0,0,0.7619004546039267,1,Denegar/Revisar,Muy alto
CLI-101244,Arequipa,4895.95,706.54,573,0,51,32,Medio,1.0,1,0.1910932142530576,0,Aprobar,Bajo
CLI-101245,Piura,2415.02,1168.69,135,1,39,111,Bajo,0.0,1,0.9669991008443228,1,Denegar/Revisar,Muy alto
CLI-101246,Lima,2219.27,5549.03,277,1,34,19,Medio,1.0,0,0.951551029668669,1,Denegar/Revisar,Muy alto
CLI-101247,Lima,2174.49,3340.28,486,1,19,8,Alto,2.0,0,0.6455184516609834,1,Denegar/Revisar,Alto
CLI-101248,Cusco,1381.29,3517.91,868,0,36,148,Alto,2.0,0,0.0593830326269919,0,Aprobar,Bajo
CLI-101249,Piura,3542.64,942.93,116,1,22,13,Alto,2.0,0,0.9625495481867223,1,Denegar/Revisar,Muy alto
CLI-101250,Arequipa,3710.43,3966.84,810,0,50,256,Alto,2.0,1,0.06512599783948632,0,Aprobar,Bajo
CLI-101251,Lima,1025.0,5889.65,929,0,55,77,Alto,2.0,1,0.060018381198590896,0,Aprobar,Bajo
CLI-101252,Lima,3655.12,8660.08,147,0,30,36,Alto,2.0,0,0.9896402098578821,1,Denegar/Revisar,Muy alto
CLI-101253,Lima,4558.77,5338.11,161,1,43,110,Medio,1.0,1,0.9700656684844872,1,Denegar/Revisar,Muy alto
CLI-101254,Arequipa,1025.0,3435.63,168,1,30,21,Alto,2.0,0,0.9795554381867988,1,Denegar/Revisar,Muy alto
CLI-101255,Lima,2947.1,4474.35,758,0,32,8,Bajo,0.0,0,0.13101898255805844,0,Aprobar,Bajo
CLI-101256,Lima,5101.38,2655.22,970,0,48,160,Alto,2.0,1,0.008452691234726912,0,Aprobar,Bajo
CLI-101257,Lima,1025.0,1029.38,465,0,38,95,Medio,1.0,0,0.63102453934368,1,Denegar/Revisar,Alto
CLI-101258,Lima,2221.48,8555.3,261,1,58,268,Bajo,0.0,1,0.9781300004892522,1,Denegar/Revisar,Muy alto
CLI-101259,Piura,4695.91,3042.47,838,0,34,106,Medio,1.0,0,0.03263717507477011,0,Aprobar,Bajo
CLI-101260,Lima,3655.12,3608.75,587,1,50,177,Medio,1.0,1,0.3377303118046357,1,Denegar/Revisar,Medio
CLI-101261,Arequipa,1612.99,12653.938750000001,530,1,39,189,Bajo,0.0,1,0.9033129409864882,1,Denegar/Revisar,Muy alto
CLI-101262,Lima,2540.87,12653.938750000001,958,0,47,50,Bajo,0.0,1,0.11965180347689831,0,Aprobar,Bajo
CLI-101263,Lima,1257.83,3530.56,588,1,33,97,Medio,1.0,0,0.4642992696557828,1,Denegar/Revisar,Medio
CLI-101264,Lima,2208.45,138.19,329,1,38,120,Alto,2.0,0,0.80028549019509,1,Denegar/Revisar,Muy alto
CLI-101265,Lima,5022.99,2017.7,469,1,38,79,Alto,2.0,0,0.45477163211435645,1,Denegar/Revisar,Medio
CLI-101266,Lima,6596.84,11077.15,277,1,31,76,Alto,2.0,0,0.9596021795793055,1,Denegar/Revisar,Muy alto
CLI-101267,Lima,4466.27,1360.43,956,0,47,87,Bajo,0.0,1,0.008496921814464134,0,Aprobar,Bajo
CLI-101268,Piura,4670.37,12653.938750000001,509,1,47,215,Bajo,0.0,1,0.8484051559082053,1,Denegar/Revisar,Muy alto
CLI-101269,Lima,2422.77,352.34,667,0,45,270,Alto,2.0,1,0.1434210838333943,0,Aprobar,Bajo
CLI-101270,Arequipa,3638.81,3358.38,689,0,56,172,Medio,1.0,1,0.15717968233987953,0,Aprobar,Bajo
CLI-101271,Loreto,6015.41,2898.13,369,1,56,212,Bajo,0.0,1,0.6709155262531767,1,Denegar/Revisar,Alto
CLI-101272,Arequipa,2217.35,1179.38,305,1,34,29,Alto,2.0,0,0.861885527312469,1,Denegar/Revisar,Muy alto
CLI-101273,Lima,5362.06,11873.02,892,0,44,141,Bajo,0.0,1,0.10462153806167224,0,Aprobar,Bajo
CLI-101274,Lima,3655.12,3861.62,839,0,32,27,Alto,2.0,0,0.04994867859299119,0,Aprobar,Bajo
CLI-101275,Lima,5989.89,1046.65,999,0,40,61,Medio,1.0,0,0.003607276830245497,0,Aprobar,Bajo
CLI-101276,Lima,5631.15,1938.35,850,0,33,79,Alto,2.0,0,0.01958141992839373,0,Aprobar,Bajo
CLI-101277,Cusco,4714.59,5109.46,899,0,57,177,Bajo,0.0,1,0.029578338867335952,0,Aprobar,Bajo
CLI-101278,Lima,3443.67,1413.56,181,1,43,71,Medio,1.0,1,0.9382360988694175,1,Denegar/Revisar,Muy alto
CLI-101279,Lima,6208.88,8467.95,945,0,38,216,Alto,2.0,1,0.027660959225562165,0,Aprobar,Bajo
CLI-101280,Piura,3607.46,724.52,861,0,52,141,Bajo,0.0,1,0.021809688341545112,0,Aprobar,Bajo
CLI-101281,Arequipa,5417.42,1228.85,292,0,18,0,Alto,2.0,0,0.7722196473917037,1,Denegar/Revisar,Muy alto
CLI-101282,Piura,3660.39,626.14,717,0,18,0,Alto,2.0,0,0.07687651422637418,0,Aprobar,Bajo
CLI-101283,Lima,3190.87,440.06,288,0,48,94,Medio,1.0,1,0.8277836505881744,1,Denegar/Revisar,Muy alto
CLI-101284,Lima,4193.77,1428.5,375,1,40,97,Bajo,0.0,1,0.6831695433317274,1,Denegar/Revisar,Alto
CLI-101285,Piura,1025.0,12653.938750000001,173,1,41,101,Bajo,0.0,1,0.9967310096814235,1,Denegar/Revisar,Muy alto
CLI-101286,Lima,3655.12,396.32,109,1,24,30,Alto,2.0,0,0.9597165280868021,1,Denegar/Revisar,Muy alto
CLI-101287,Lima,4681.85,958.12,734,0,39,153,Alto,2.0,0,0.056681834074580974,0,Aprobar,Bajo
CLI-101288,Lima,8081.46,1267.71,315,0,63,148,Medio,1.0,1,0.5882368591938918,1,Denegar/Revisar,Alto
CLI-101289,Lima,6399.04,3861.19,389,1,49,122,Medio,1.0,1,0.6457922769987996,1,Denegar/Revisar,Alto
CLI-101290,Lima,3571.65,5471.39,544,1,41,57,Alto,2.0,0,0.5451681018304744,1,Denegar/Revisar,Alto
CLI-101291,Lima,6480.38,5576.24,651,0,35,59,Bajo,0.0,1,0.18612439477092838,0,Aprobar,Bajo
CLI-101292,Piura,3660.39,34.69,292,1,35,138,Alto,2.0,0,0.7984126839499087,1,Denegar/Revisar,Muy alto
CLI-101293,Arequipa,4322.66,4220.49,738,0,18,0,Alto,2.0,0,0.11133654797053315,0,Aprobar,Bajo
CLI-101294,Loreto,1025.0,3984.98,388,1,41,21,Medio,1.0,0,0.8679692706104968,1,Denegar/Revisar,Muy alto
CLI-101295,Lima,1728.7,2916.38,682,0,48,224,Medio,1.0,1,0.22031768550961855,1,Denegar/Revisar,Bajo
CLI-101296,Lima,4002.56,1907.04,748,0,22,1,Medio,1.0,0,0.06762590943775294,0,Aprobar,Bajo
CLI-101297,Lima,2242.95,6386.96,243,1,31,68,Medio,1.0,0,0.9697633058916583,1,Denegar/Revisar,Muy alto
CLI-101298,Piura,3813.78,1685.65,488,0,26,76,Alto,2.0,0,0.46277341519971554,1,Denegar/Revisar,Medio
CLI-101299,Arequipa,6488.55,1045.52,965,0,30,51,Alto,2.0,0,0.0045880364488466805,0,Aprobar,Bajo
CLI-101300,Lima,3655.12,1484.81,991,0,40,83,Medio,1.0,0,0.007305153140621699,0,Aprobar,Bajo
CLI-101301,Cusco,2467.57,2316.76,506,0,18,0,Medio,1.0,0,0.5222696848097502,1,Denegar/Revisar,Alto
CLI-101302,Lima,5707.44,963.49,910,0,47,16,Alto,2.0,0,0.009014820709022691,0,Aprobar,Bajo
CLI-101303,Piura,2066.93,3741.6,469,0,47,51,Bajo,0.0,1,0.7044509205289999,1,Denegar/Revisar,Alto
CLI-101304,Arequipa,2698.64,8623.88,956,0,36,76,Medio,1.0,0,0.05448000509766155,0,Aprobar,Bajo
CLI-101305,Loreto,4152.46,3620.02,540,0,18,0,Alto,2.0,0,0.42383129245522844,1,Denegar/Revisar,Medio
CLI-101306,Arequipa,3038.25,2367.19,880,0,28,15,Alto,2.0,0,0.029238405136649232,0,Aprobar,Bajo
CLI-101307,Loreto,3527.23,6375.61,995,0,53,149,Bajo,0.0,1,0.020870193934263998,0,Aprobar,Bajo
CLI-101308,Lima,5490.96,5513.92,750,0,18,1,Alto,2.0,0,0.1008629580845332,0,Aprobar,Bajo
CLI-101309,Loreto,3600.67,1829.51,663,0,35,64,Medio,1.0,0,0.1481119792359535,0,Aprobar,Bajo
CLI-101310,Lima,3198.29,3706.91,628,0,26,78,Alto,2.0,0,0.2905273254647479,1,Denegar/Revisar,Medio
CLI-101311,Loreto,1614.35,5235.01,776,0,47,219,Medio,1.0,1,0.16390939783577785,0,Aprobar,Bajo
CLI-101312,Piura,1621.26,1126.61,112,1,31,43,Medio,1.0,0,0.9765748018947232,1,Denegar/Revisar,Muy alto
CLI-101313,Loreto,7015.12,1824.55,801,0,45,226,Medio,1.0,1,0.021095160621452416,0,Aprobar,Bajo
CLI-101314,Lima,4827.81,447.2,439,1,46,139,Medio,1.0,1,0.4440249194202676,1,Denegar/Revisar,Medio
CLI-101315,Piura,6563.39,12653.938750000001,964,0,60,149,Medio,1.0,1,0.04635802649673961,0,Aprobar,Bajo
CLI-101316,Piura,4830.04,359.16,973,0,37,68,Alto,2.0,0,0.0054058311075375854,0,Aprobar,Bajo
CLI-101317,Arequipa,3899.43,738.61,963,0,43,26,Bajo,0.0,1,0.00796285626705964,0,Aprobar,Bajo
CLI-101318,Lima,5607.79,2614.41,875,0,23,14,Alto,2.0,0,0.017991054797037047,0,Aprobar,Bajo
CLI-101319,Lima,5244.76,8017.98,411,1,53,31,Alto,2.0,0,0.8289768397232872,1,Denegar/Revisar,Muy alto
CLI-101320,Lima,3444.39,1759.49,832,0,31,137,Alto,2.0,0,0.0364425559533427,0,Aprobar,Bajo
CLI-101321,Lima,1836.19,5854.36,203,0,32,100,Bajo,0.0,1,0.9794397614039281,1,Denegar/Revisar,Muy alto
CLI-101322,Loreto,1094.11,4508.47,438,0,38,95,Medio,1.0,0,0.8188528909506811,1,Denegar/Revisar,Muy alto
CLI-101323,Lima,1986.36,4071.79,297,1,21,30,Alto,2.0,0,0.9289400916964529,1,Denegar/Revisar,Muy alto
CLI-101324,Cusco,4301.38,7457.77,399,0,42,105,Medio,1.0,1,0.8523404248114977,1,Denegar/Revisar,Muy alto
CLI-101325,Lima,3655.12,57.09,543,0,50,168,Alto,2.0,1,0.2744336842773229,1,Denegar/Revisar,Medio
CLI-101326,Lima,4813.6,10588.93,458,1,43,16,Bajo,0.0,1,0.8557569562225334,1,Denegar/Revisar,Muy alto
CLI-101327,Arequipa,3638.81,7069.66,467,1,22,23,Alto,2.0,0,0.773019644717572,1,Denegar/Revisar,Muy alto
CLI-101328,Arequipa,3073.23,11113.93,268,1,37,50,Alto,2.0,0,0.9833337722472402,1,Denegar/Revisar,Muy alto
CLI-101329,Lima,2971.6,6311.52,248,1,47,251,Medio,1.0,1,0.9621697594190985,1,Denegar/Revisar,Muy alto
CLI-101330,Piura,5042.92,8434.37,860,1,19,4,Alto,2.0,0,0.07593897482498016,0,Aprobar,Bajo
CLI-101331,Arequipa,3372.4,907.99,867,0,27,19,Medio,1.0,0,0.021778177119610068,0,Aprobar,Bajo
CLI-101332,Lima,1811.02,1538.12,141,1,48,117,Bajo,0.0,1,0.9717923576738849,1,Denegar/Revisar,Muy alto
CLI-101333,Cusco,2175.74,1514.64,301,1,41,210,Alto,2.0,1,0.8753397886676766,1,Denegar/Revisar,Muy alto
CLI-101334,Cusco,1467.63,462.39,343,1,43,152,Bajo,0.0,1,0.8171438219915674,1,Denegar/Revisar,Muy alto
CLI-101335,Arequipa,5385.68,5231.1,768,0,60,458,Medio,1.0,1,0.08089046271161661,0,Aprobar,Bajo
CLI-101336,Lima,2881.13,585.52,563,1,44,278,Medio,1.0,1,0.2875837706255758,1,Denegar/Revisar,Medio
CLI-101337,Arequipa,5263.08,215.75,548,0,47,119,Alto,2.0,0,0.20444272398378002,1,Denegar/Revisar,Bajo
CLI-101338,Lima,5087.92,5974.57,897,0,69,318,Medio,1.0,1,0.03185032426807969,0,Aprobar,Bajo
CLI-101339,Lima,4251.83,9401.36,893,0,37,27,Alto,2.0,0,0.0816125403101273,0,Aprobar,Bajo
CLI-101340,Lima,4786.44,5777.79,536,0,31,5,Alto,2.0,0,0.5097582708025856,1,Denegar/Revisar,Alto
CLI-101341,Lima,3068.81,6979.94,992,0,43,146,Bajo,0.0,1,0.026956584157091398,0,Aprobar,Bajo
CLI-101342,Loreto,3027.39,3621.62,849,0,44,98,Alto,2.0,0,0.05000406563099311,0,Aprobar,Bajo
CLI-101343,Arequipa,4830.4,8747.98,630,0,34,30,Bajo,0.0,0,0.4438124007430329,1,Denegar/Revisar,Medio
CLI-101344,Arequipa,1025.0,2746.3,664,0,27,25,Medio,1.0,0,0.27536099380337836,1,Denegar/Revisar,Medio
CLI-101345,Lima,3913.92,12653.938750000001,696,1,65,142,Bajo,0.0,1,0.5358015693279784,1,Denegar/Revisar,Alto
CLI-101346,Lima,4129.75,436.65,372,1,43,124,Medio,1.0,1,0.6372451247688464,1,Denegar/Revisar,Alto
CLI-101347,Lima,5524.32,6625.71,529,0,32,69,Alto,2.0,0,0.528108651976086,1,Denegar/Revisar,Alto
CLI-101348,Cusco,6715.22,4102.07,971,0,50,141,Medio,1.0,1,0.007527990140654658,0,Aprobar,Bajo
CLI-101349,Lima,2928.57,3476.16,312,1,38,140,Alto,2.0,0,0.8894747412801253,1,Denegar/Revisar,Muy alto
CLI-101350,Loreto,5599.4,5175.74,972,0,37,163,Medio,1.0,1,0.01206520700471701,0,Aprobar,Bajo
CLI-101351,Piura,1699.47,7337.62,203,1,44,128,Medio,1.0,1,0.9847844757710019,1,Denegar/Revisar,Muy alto
CLI-101352,Lima,2416.77,7947.71,291,1,24,16,Alto,2.0,0,0.9659562107113459,1,Denegar/Revisar,Muy alto
CLI-101353,Arequipa,6127.49,771.34,788,0,44,61,Alto,2.0,0,0.02428263121784901,0,Aprobar,Bajo
CLI-101354,Lima,3956.14,877.78,758,0,60,80,Bajo,0.0,1,0.05286690218639832,0,Aprobar,Bajo
CLI-101355,Loreto,3697.52,65.19,479,0,44,34,Medio,1.0,0,0.396881061751597,1,Denegar/Revisar,Medio
CLI-101356,Cusco,1310.3,565.53,180,1,34,33,Alto,2.0,0,0.9562482698745893,1,Denegar/Revisar,Muy alto
CLI-101357,Lima,4741.85,1225.46,804,0,34,24,Medio,1.0,0,0.030337659910904497,0,Aprobar,Bajo
CLI-101358,Lima,4927.08,5106.69,648,0,35,118,Medio,1.0,0,0.2271518899564714,1,Denegar/Revisar,Bajo
CLI-101359,Piura,4536.53,2583.28,476,0,37,79,Medio,1.0,0,0.4866939340822526,1,Denegar/Revisar,Medio
CLI-101360,Cusco,2556.96,5673.68,937,0,34,69,Alto,2.0,0,0.03814953470569052,0,Aprobar,Bajo
CLI-101361,Lima,3655.12,2666.3,253,1,49,77,Alto,2.0,0,0.908813885306049,1,Denegar/Revisar,Muy alto
CLI-101362,Piura,2484.85,3244.1,741,0,19,2,Alto,2.0,0,0.13180947853660813,0,Aprobar,Bajo
CLI-101363,Piura,3800.38,470.93,670,0,49,26,Bajo,0.0,1,0.10813607228731714,0,Aprobar,Bajo
CLI-101364,Arequipa,1742.82,5994.42,835,0,34,52,Bajo,0.0,1,0.11775683557161601,0,Aprobar,Bajo
CLI-101365,Lima,3950.8,5677.36,860,0,43,151,Bajo,0.0,1,0.055847094494167866,0,Aprobar,Bajo
CLI-101366,Arequipa,1672.62,1470.14,339,0,26,53,Medio,1.0,0,0.8404274084730848,1,Denegar/Revisar,Muy alto
CLI-101367,Cusco,2772.71,1593.43,473,0,53,78,Bajo,0.0,1,0.5532046351418186,1,Denegar/Revisar,Alto
CLI-101368,Lima,4589.87,992.21,1000,0,53,121,Bajo,0.0,1,0.0050730876400054605,0,Aprobar,Bajo
CLI-101369,Lima,5548.84,6724.59,904,0,50,143,Bajo,0.0,1,0.03260687092222123,0,Aprobar,Bajo
CLI-101370,Cusco,5485.36,5497.57,898,0,23,34,Alto,2.0,0,0.027167369899920246,0,Aprobar,Bajo
CLI-101371,Lima,1025.0,3757.7,303,0,47,179,Alto,2.0,1,0.9352923968740215,1,Denegar/Revisar,Muy alto
CLI-101372,Loreto,4937.48,1091.55,710,0,44,261,Bajo,0.0,1,0.06799225375536663,0,Aprobar,Bajo
CLI-101373,Lima,3707.41,9051.12,449,1,21,12,Alto,2.0,0,0.8577631228694825,1,Denegar/Revisar,Muy alto
CLI-101374,Lima,3233.7,206.31,787,0,39,36,Alto,2.0,0,0.04181139728112409,0,Aprobar,Bajo
CLI-101375,Loreto,2925.39,186.74,873,0,43,107,Alto,2.0,0,0.02040772823107987,0,Aprobar,Bajo
CLI-101376,Lima,4170.36,828.77,882,0,45,137,Medio,1.0,1,0.015559047818890167,0,Aprobar,Bajo
CLI-101377,Piura,3329.9,423.81,242,1,41,210,Alto,2.0,1,0.8812489376547299,1,Denegar/Revisar,Muy alto
CLI-101378,Lima,3642.82,3248.69,288,1,42,79,Alto,2.0,0,0.8905872393933751,1,Denegar/Revisar,Muy alto
CLI-101379,Piura,2946.06,1773.23,371,0,55,366,Medio,1.0,1,0.7557909425336932,1,Denegar/Revisar,Muy alto
CLI-101380,Lima,1025.0,2354.76,631,1,51,124,Medio,1.0,1,0.32284903749316207,1,Denegar/Revisar,Medio
CLI-101381,Lima,3645.05,3606.27,944,0,18,0,Medio,1.0,0,0.01762622385991945,0,Aprobar,Bajo
CLI-101382,Cusco,1522.46,4304.68,399,1,35,109,Alto,2.0,0,0.8545197386253851,1,Denegar/Revisar,Muy alto
CLI-101383,Lima,6632.83,4178.79,525,0,38,72,Alto,2.0,0,0.3488953900697892,1,Denegar/Revisar,Medio
CLI-101384,Arequipa,3638.81,1209.05,145,1,20,2,Alto,2.0,0,0.9529524682107023,1,Denegar/Revisar,Muy alto
CLI-101385,Lima,3999.68,6635.08,194,1,40,39,Medio,1.0,0,0.9726796397487454,1,Denegar/Revisar,Muy alto
CLI-101386,Arequipa,3778.69,9990.01,163,1,53,30,Medio,1.0,1,0.9902724791280785,1,Denegar/Revisar,Muy alto
CLI-101387,Lima,3989.49,1518.83,512,0,27,14,Medio,1.0,0,0.3801743390781082,1,Denegar/Revisar,Medio
CLI-101388,Cusco,3359.67,68.85,742,0,43,36,Bajo,0.0,1,0.059078299077596944,0,Aprobar,Bajo
CLI-101389,Lima,1900.26,9176.65,108,1,28,55,Alto,2.0,0,0.9956859599543544,1,Denegar/Revisar,Muy alto
CLI-101390,Lima,1025.0,10284.41,558,1,31,103,Medio,1.0,0,0.8346186861548037,1,Denegar/Revisar,Muy alto
CLI-101391,Lima,4341.29,209.16,814,0,56,60,Medio,1.0,1,0.024601281697365397,0,Aprobar,Bajo
CLI-101392,Lima,3966.57,19.88,508,0,33,104,Alto,2.0,0,0.3265039699065146,1,Denegar/Revisar,Medio
CLI-101393,Piura,3566.26,6780.09,569,0,44,62,Medio,1.0,1,0.5463145302780126,1,Denegar/Revisar,Alto
CLI-101394,Lima,4533.13,1435.07,909,0,19,2,Alto,2.0,0,0.013146468082598313,0,Aprobar,Bajo
CLI-101395,Loreto,1900.38,9840.8,605,1,59,240,Medio,1.0,1,0.7070316969197835,1,Denegar/Revisar,Alto
CLI-101396,Lima,3628.93,977.18,785,0,46,241,Medio,1.0,1,0.04391838477079651,0,Aprobar,Bajo
CLI-101397,Lima,1869.22,7897.58,172,1,36,37,Medio,1.0,0,0.9894370119491954,1,Denegar/Revisar,Muy alto
CLI-101398,Piura,3863.51,284.46,183,1,45,121,Medio,1.0,1,0.9142015978559572,1,Denegar/Revisar,Muy alto
CLI-101399,Arequipa,3638.81,1207.86,158,1,23,6,Alto,2.0,0,0.9471602202832784,1,Denegar/Revisar,Muy alto
CLI-101400,Lima,1780.28,12653.938750000001,120,1,51,209,Medio,1.0,1,0.9975358628890962,1,Denegar/Revisar,Muy alto
CLI-101401,Lima,3374.07,1051.68,557,0,35,34,Medio,1.0,0,0.29592068846505715,1,Denegar/Revisar,Medio
CLI-101402,Lima,1452.71,570.93,256,1,36,108,Alto,2.0,0,0.9121068535351425,1,Denegar/Revisar,Muy alto
CLI-101403,Arequipa,3867.74,7781.17,930,0,34,81,Alto,2.0,0,0.046496579277690915,0,Aprobar,Bajo
CLI-101404,Arequipa,4230.03,501.35,428,0,33,19,Alto,2.0,0,0.5167376253493725,1,Denegar/Revisar,Alto
CLI-101405,Lima,1845.56,410.15,672,0,46,157,Medio,1.0,1,0.15104824560098823,0,Aprobar,Bajo
CLI-101406,Loreto,3600.67,1562.85,675,1,42,200,Alto,2.0,1,0.13240164506670576,0,Aprobar,Bajo
CLI-101407,Loreto,3247.1,4035.03,936,0,46,62,Medio,1.0,1,0.022695135381530823,0,Aprobar,Bajo
CLI-101408,Piura,2060.63,4961.81,779,0,38,68,Medio,1.0,0,0.13957583450115627,0,Aprobar,Bajo
CLI-101409,Loreto,5901.94,8522.56,302,1,46,24,Medio,1.0,0,0.9252899191854566,1,Denegar/Revisar,Muy alto
CLI-101410,Lima,5860.66,3114.05,740,0,35,61,Bajo,0.0,1,0.06377660951840455,0,Aprobar,Bajo
CLI-101411,Lima,3314.91,1999.66,856,0,63,277,Bajo,0.0,1,0.03169860787215757,0,Aprobar,Bajo
CLI-101412,Lima,2475.35,1777.87,205,1,21,10,Medio,1.0,0,0.9425226831855777,1,Denegar/Revisar,Muy alto
CLI-101413,Lima,1330.63,7506.73,932,0,52,196,Bajo,0.0,1,0.07524583889455082,0,Aprobar,Bajo
CLI-101414,Piura,3660.39,5146.74,221,1,54,177,Bajo,0.0,1,0.9577925977945306,1,Denegar/Revisar,Muy alto
CLI-101415,Cusco,1641.96,9433.62,417,1,29,39,Medio,1.0,0,0.9320484039869696,1,Denegar/Revisar,Muy alto
CLI-101416,Lima,3011.62,12653.938750000001,281,1,63,243,Bajo,0.0,1,0.985879213067843,1,Denegar/Revisar,Muy alto
CLI-101417,Lima,3755.92,1426.99,714,0,50,136,Medio,1.0,1,0.08714990915556452,0,Aprobar,Bajo
CLI-101418,Lima,3827.58,3017.32,415,1,50,175,Medio,1.0,1,0.6846372686007305,1,Denegar/Revisar,Alto
CLI-101419,Cusco,5343.91,3996.74,913,0,40,76,Alto,2.0,0,0.017932600048373545,0,Aprobar,Bajo
CLI-101420,Lima,4661.01,715.78,872,0,37,124,Alto,2.0,0,0.015476221280054048,0,Aprobar,Bajo
CLI-101421,Piura,2325.89,219.29,724,1,36,143,Alto,2.0,0,0.08887175569717616,0,Aprobar,Bajo
CLI-101422,Lima,3996.04,8092.67,505,0,43,80,Alto,2.0,0,0.7314752354609907,1,Denegar/Revisar,Alto
CLI-101423,Lima,3791.03,3067.38,169,1,54,39,Medio,1.0,1,0.9569716108768097,1,Denegar/Revisar,Muy alto
CLI-101424,Cusco,2377.09,3383.09,259,1,40,65,Medio,1.0,0,0.9341588837765932,1,Denegar/Revisar,Muy alto
CLI-101425,Cusco,1025.0,3237.95,339,1,28,37,Alto,2.0,0,0.9023405355530203,1,Denegar/Revisar,Muy alto
CLI-101426,Lima,5520.1,5625.35,622,0,49,162,Bajo,0.0,1,0.27485056038180844,1,Denegar/Revisar,Medio
CLI-101427,Cusco,3106.47,628.96,237,1,49,96,Bajo,0.0,1,0.8953304852033319,1,Denegar/Revisar,Muy alto
CLI-101428,Piura,1025.0,3808.17,594,0,45,222,Bajo,0.0,1,0.4879535433802799,1,Denegar/Revisar,Medio
CLI-101429,Loreto,7161.38,2535.59,778,0,49,245,Medio,1.0,1,0.029158751847162014,0,Aprobar,Bajo
CLI-101430,Lima,2473.86,9090.48,346,1,36,104,Alto,2.0,0,0.9551100216532415,1,Denegar/Revisar,Muy alto
CLI-101431,Piura,8088.53,2932.72,965,0,31,97,Alto,2.0,0,0.0047143528852406896,0,Aprobar,Bajo
CLI-101432,Lima,4350.05,11454.26,642,1,30,84,Alto,2.0,0,0.5853352152846545,1,Denegar/Revisar,Alto
CLI-101433,Arequipa,3441.98,1743.2,623,0,21,10,Alto,2.0,0,0.21128896222200425,1,Denegar/Revisar,Bajo
CLI-101434,Lima,3459.39,12653.938750000001,342,1,42,68,Medio,1.0,0,0.9715644705526759,1,Denegar/Revisar,Muy alto
CLI-101435,Lima,2874.09,8322.82,719,0,38,100,Bajo,0.0,1,0.33260140052970194,1,Denegar/Revisar,Medio
CLI-101436,Lima,3461.97,3510.81,435,0,34,41,Alto,2.0,0,0.6931922171325232,1,Denegar/Revisar,Alto
CLI-101437,Arequipa,6557.93,1746.03,521,0,18,0,Alto,2.0,0,0.252984393267635,1,Denegar/Revisar,Medio
CLI-101438,Lima,3655.12,1885.93,934,0,25,31,Alto,2.0,0,0.014009100943188179,0,Aprobar,Bajo
CLI-101439,Arequipa,3886.05,5926.85,293,1,51,105,Medio,1.0,1,0.9255675526336086,1,Denegar/Revisar,Muy alto
CLI-101440,Cusco,2234.36,3476.02,407,1,31,20,Alto,2.0,0,0.794988317778668,1,Denegar/Revisar,Muy alto
CLI-101441,Lima,3735.88,2053.9,744,0,43,96,Medio,1.0,1,0.07632753758069545,0,Aprobar,Bajo
CLI-101442,Arequipa,6674.92,4043.01,605,0,25,20,Alto,2.0,0,0.19579130606478776,0,Aprobar,Bajo
CLI-101443,Lima,4049.69,5285.52,380,1,55,107,Bajo,0.0,1,0.827705341143378,1,Denegar/Revisar,Muy alto
CLI-101444,Loreto,5422.51,92.67,902,0,38,110,Alto,2.0,0,0.00864088891549004,0,Aprobar,Bajo
CLI-101445,Lima,4154.27,376.64,774,0,42,89,Medio,1.0,1,0.03819720880388034,0,Aprobar,Bajo
CLI-101446,Arequipa,8321.23,397.01,889,0,66,271,Alto,2.0,1,0.005330459990567438,0,Aprobar,Bajo
CLI-101447,Loreto,2151.54,1055.52,538,1,55,56,Medio,1.0,1,0.400334029394252,1,Denegar/Revisar,Medio
CLI-101448,Cusco,1758.94,2227.41,814,0,35,98,Bajo,0.0,1,0.06810777124265827,0,Aprobar,Bajo
CLI-101449,Arequipa,6443.02,6511.42,707,0,34,46,Alto,2.0,0,0.14251508949228847,0,Aprobar,Bajo
CLI-101450,Lima,3091.62,1729.9,582,1,35,35,Alto,2.0,0,0.29858019840704164,1,Denegar/Revisar,Medio
CLI-101451,Piura,3759.39,70.53,322,1,45,78,Medio,1.0,1,0.7390603909441762,1,Denegar/Revisar,Alto
CLI-101452,Loreto,6770.54,2641.65,848,0,39,51,Alto,2.0,0,0.017801749071195257,0,Aprobar,Bajo
CLI-101453,Piura,3567.34,12653.938750000001,216,1,35,53,Medio,1.0,0,0.9908807744566616,1,Denegar/Revisar,Muy alto
CLI-101454,Lima,6428.23,1717.11,291,0,56,335,Medio,1.0,1,0.7427570691135486,1,Denegar/Revisar,Alto
CLI-101455,Cusco,4478.29,12653.938750000001,887,0,38,38,Medio,1.0,0,0.13970581142023447,0,Aprobar,Bajo
CLI-101456,Arequipa,2871.81,427.42,717,0,64,213,Medio,1.0,1,0.08447605159410279,0,Aprobar,Bajo
CLI-101457,Arequipa,1025.0,760.28,615,0,39,139,Alto,2.0,0,0.29134440630576397,1,Denegar/Revisar,Medio
CLI-101458,Lima,4208.82,5151.19,629,0,59,246,Medio,1.0,1,0.2952204510440451,1,Denegar/Revisar,Medio
CLI-101459,Arequipa,1025.0,2782.3,406,1,42,31,Bajo,0.0,1,0.8173894961134077,1,Denegar/Revisar,Muy alto
CLI-101460,Lima,4248.96,5794.75,631,0,50,128,Medio,1.0,1,0.318141025897794,1,Denegar/Revisar,Medio
CLI-101461,Arequipa,5131.31,7967.43,221,1,32,19,Alto,2.0,0,0.9669590659212115,1,Denegar/Revisar,Muy alto
CLI-101462,Lima,3970.41,1156.52,748,0,30,123,Bajo,0.0,1,0.06086512096205491,0,Aprobar,Bajo
CLI-101463,Arequipa,4167.16,4593.26,691,1,44,164,Alto,2.0,1,0.17924753866851886,0,Aprobar,Bajo
CLI-101464,Cusco,4379.5,3741.91,253,1,50,104,Alto,2.0,0,0.9135920303643974,1,Denegar/Revisar,Muy alto
CLI-101465,Lima,5442.3,7908.55,969,0,40,91,Alto,2.0,0,0.02354346858649566,0,Aprobar,Bajo
CLI-101466,Cusco,5512.75,2249.2,636,1,26,9,Alto,2.0,0,0.14030359039954501,0,Aprobar,Bajo
CLI-101467,Lima,3573.23,213.06,551,0,24,52,Alto,2.0,0,0.2698567881609748,1,Denegar/Revisar,Medio
CLI-101468,Loreto,1025.0,3415.01,268,1,22,14,Alto,2.0,0,0.9491622189919051,1,Denegar/Revisar,Muy alto
CLI-101469,Arequipa,4580.03,12653.938750000001,158,1,20,8,Alto,2.0,0,0.9935409697698498,1,Denegar/Revisar,Muy alto
CLI-101470,Piura,2941.8,58.96,400,1,40,23,Bajo,0.0,1,0.6306805040346724,1,Denegar/Revisar,Alto
CLI-101471,Arequipa,2486.02,1099.11,652,1,51,193,Medio,1.0,1,0.1762590999272821,0,Aprobar,Bajo
CLI-101472,Loreto,4301.9,1519.59,649,1,39,28,Medio,1.0,0,0.1363055786442122,0,Aprobar,Bajo
CLI-101473,Lima,3211.81,5806.98,216,1,18,1,Alto,2.0,0,0.9680917591217485,1,Denegar/Revisar,Muy alto
CLI-101474,Lima,3147.81,1561.97,886,0,37,53,Medio,1.0,0,0.022035055187736748,0,Aprobar,Bajo
CLI-101475,Arequipa,2333.62,1092.93,881,0,37,71,Medio,1.0,0,0.025183434536497917,0,Aprobar,Bajo
CLI-101476,Loreto,3654.62,4182.84,226,1,62,149,Bajo,0.0,1,0.9464908429080248,1,Denegar/Revisar,Muy alto
CLI-101477,Arequipa,3638.81,2280.79,504,1,23,19,Alto,2.0,0,0.466801154762263,1,Denegar/Revisar,Medio
CLI-101478,Arequipa,3667.58,748.2,498,1,35,100,Bajo,0.0,1,0.39962151318499356,1,Denegar/Revisar,Medio
CLI-101479,Lima,3655.12,2097.2,614,1,58,163,Bajo,0.0,1,0.2301537463979847,1,Denegar/Revisar,Bajo
CLI-101480,Loreto,5760.26,1757.74,904,1,45,196,Medio,1.0,1,0.010702162122681455,0,Aprobar,Bajo
CLI-101481,Lima,7646.66,1705.73,984,0,47,266,Medio,1.0,1,0.0032503804007405165,0,Aprobar,Bajo
CLI-101482,Piura,4049.81,459.65,597,0,40,29,Medio,1.0,0,0.1788934132019112,0,Aprobar,Bajo
CLI-101483,Lima,3115.96,1790.4,627,1,42,59,Bajo,0.0,1,0.21941503986243263,1,Denegar/Revisar,Bajo
CLI-101484,Lima,5981.65,6397.81,497,0,48,131,Medio,1.0,1,0.5547815488141935,1,Denegar/Revisar,Alto
CLI-101485,Lima,4800.14,2136.68,364,1,31,48,Alto,2.0,0,0.7069092075798908,1,Denegar/Revisar,Alto
CLI-101486,Lima,4452.57,3529.21,850,0,49,300,Medio,1.0,1,0.034143778700592264,0,Aprobar,Bajo
CLI-101487,Arequipa,3578.73,714.49,362,1,24,42,Medio,1.0,0,0.6992589262415327,1,Denegar/Revisar,Alto
CLI-101488,Lima,3534.37,289.04,497,0,43,115,Alto,2.0,0,0.38610392276221517,1,Denegar/Revisar,Medio
CLI-101489,Lima,4233.32,8479.59,745,0,41,112,Medio,1.0,1,0.22078126171345472,1,Denegar/Revisar,Bajo
CLI-101490,Lima,3995.2,1610.11,824,0,32,54,Bajo,0.0,1,0.03359499460602091,0,Aprobar,Bajo
CLI-101491,Lima,2289.75,1725.21,626,0,38,51,Medio,1.0,0,0.2459682283440282,1,Denegar/Revisar,Bajo
CLI-101492,Lima,3583.31,8404.72,535,0,32,57,Medio,1.0,0,0.6992822485462451,1,Denegar/Revisar,Alto
CLI-101493,Lima,7013.91,4920.87,939,0,29,57,Medio,1.0,0,0.011231112668349964,0,Aprobar,Bajo
CLI-101494,Piura,2193.94,5646.66,459,0,35,68,Alto,2.0,0,0.7917063661495675,1,Denegar/Revisar,Muy alto
CLI-101495,Arequipa,2549.09,4582.86,228,1,26,35,Alto,2.0,0,0.9606515323374691,1,Denegar/Revisar,Muy alto
CLI-101496,Piura,3660.39,447.27,963,0,43,226,Medio,1.0,1,0.007618598574857077,0,Aprobar,Bajo
CLI-101497,Lima,3655.12,12653.938750000001,733,0,26,8,Alto,2.0,0,0.46416453863287854,1,Denegar/Revisar,Medio
CLI-101498,Lima,4424.56,9593.58,340,1,47,8,Medio,1.0,0,0.938717321249219,1,Denegar/Revisar,Muy alto
CLI-101499,Loreto,2034.53,1077.9,726,0,25,46,Medio,1.0,0,0.10566562082136535,0,Aprobar,Bajo
CLI-101500,Piura,1088.31,6518.44,808,0,32,112,Alto,2.0,0,0.18272056494225708,0,Aprobar,Bajo
CLI-101501,Lima,4440.55,2106.44,321,1,32,32,Alto,2.0,0,0.7958979968243658,1,Denegar/Revisar,Muy alto
CLI-101502,Lima,1117.1,4605.1,313,1,53,141,Medio,1.0,1,0.9368065634674639,1,Denegar/Revisar,Muy alto
CLI-101503,Lima,5124.4,724.18,691,0,43,101,Bajo,0.0,1,0.07171310945078486,0,Aprobar,Bajo
CLI-101504,Lima,3290.89,3093.56,874,0,37,63,Alto,2.0,0,0.03384487163053852,0,Aprobar,Bajo
CLI-101505,Lima,4010.5,541.52,234,1,45,57,Bajo,0.0,1,0.8750413773188296,1,Denegar/Revisar,Muy alto
CLI-101506,Piura,5000.17,3072.92,917,0,18,0,Alto,2.0,0,0.015429893591756475,0,Aprobar,Bajo
CLI-101507,Piura,3660.39,1116.71,853,0,39,71,Medio,1.0,0,0.024215638079507006,0,Aprobar,Bajo
CLI-101508,Piura,2151.51,2409.33,485,1,60,345,Bajo,0.0,1,0.6028866861543175,1,Denegar/Revisar,Alto
CLI-101509,Arequipa,4167.7,4410.11,402,1,41,109,Alto,2.0,0,0.7596596947823238,1,Denegar/Revisar,Muy alto
CLI-101510,Loreto,3223.12,8384.71,881,0,40,100,Medio,1.0,1,0.08927280769459625,0,Aprobar,Bajo
CLI-101511,Arequipa,4935.47,722.68,386,1,46,139,Bajo,0.0,1,0.5851672034306061,1,Denegar/Revisar,Alto
CLI-101512,Cusco,2573.48,8949.78,661,1,48,59,Medio,1.0,1,0.5028310020397999,1,Denegar/Revisar,Alto
CLI-101513,Lima,3601.53,1977.43,288,1,18,0,Medio,1.0,0,0.858073454081336,1,Denegar/Revisar,Muy alto
CLI-101514,Lima,2706.69,7426.38,396,1,20,6,Alto,2.0,0,0.8987223327910447,1,Denegar/Revisar,Muy alto
CLI-101515,Lima,3758.57,2874.25,625,0,41,141,Bajo,0.0,1,0.23675811688861964,1,Denegar/Revisar,Bajo
CLI-101516,Piura,2425.21,7928.06,488,1,31,69,Bajo,0.0,1,0.8162779018228311,1,Denegar/Revisar,Muy alto
CLI-101517,Loreto,3348.09,4348.6,558,1,53,60,Alto,2.0,0,0.46619974936594777,1,Denegar/Revisar,Medio
CLI-101518,Lima,1025.0,2842.93,843,0,34,115,Medio,1.0,0,0.06746107258937681,0,Aprobar,Bajo
CLI-101519,Cusco,2000.62,1499.0,360,1,18,0,Alto,2.0,0,0.8073498366402732,1,Denegar/Revisar,Muy alto
CLI-101520,Lima,3224.58,12653.938750000001,803,0,25,27,Alto,2.0,0,0.3317355724912934,1,Denegar/Revisar,Medio
CLI-101521,Cusco,4020.19,6455.75,814,0,18,1,Alto,2.0,0,0.0955335945373995,0,Aprobar,Bajo
CLI-101522,Lima,6183.79,1919.81,872,0,37,172,Alto,2.0,0,0.01403690751413722,0,Aprobar,Bajo
CLI-101523,Lima,1877.4,729.56,212,1,36,109,Alto,2.0,0,0.9362759448296372,1,Denegar/Revisar,Muy alto
CLI-101524,Lima,6590.98,6048.07,985,0,36,153,Medio,1.0,1,0.010220293225735463,0,Aprobar,Bajo
CLI-101525,Lima,3133.87,12653.938750000001,963,0,51,259,Medio,1.0,1,0.0980819914739246,0,Aprobar,Bajo
CLI-101526,Lima,1107.82,1308.33,135,1,51,211,Bajo,0.0,1,0.9761184600031478,1,Denegar/Revisar,Muy alto
CLI-101527,Lima,1025.0,9901.24,178,1,36,99,Medio,1.0,0,0.9939554367506441,1,Denegar/Revisar,Muy alto
CLI-101528,Loreto,4158.18,535.82,374,1,18,1,Alto,2.0,0,0.6450828746864629,1,Denegar/Revisar,Alto
CLI-101529,Piura,3383.03,12163.44,377,1,46,308,Bajo,0.0,1,0.9610146461635083,1,Denegar/Revisar,Muy alto
CLI-101530,Lima,4867.3,5471.29,773,0,46,124,Bajo,0.0,1,0.09383187475807331,0,Aprobar,Bajo
CLI-101531,Piura,3519.43,1702.24,411,0,42,54,Medio,1.0,0,0.6471344931257192,1,Denegar/Revisar,Alto
CLI-101532,Arequipa,3742.2,1453.26,628,0,50,72,Bajo,0.0,1,0.18317655515871165,0,Aprobar,Bajo
CLI-101533,Lima,3532.64,4124.96,303,1,26,44,Alto,2.0,0,0.8972155746314348,1,Denegar/Revisar,Muy alto
CLI-101534,Lima,5960.73,3600.76,116,1,62,296,Medio,1.0,1,0.9611446890397181,1,Denegar/Revisar,Muy alto
CLI-101535,Lima,3415.09,10050.1,813,1,28,10,Alto,2.0,0,0.20767403479787253,1,Denegar/Revisar,Bajo
CLI-101536,Lima,3655.12,5813.89,575,0,47,178,Medio,1.0,1,0.4762276405928733,1,Denegar/Revisar,Medio
CLI-101537,Arequipa,4998.54,3109.29,610,0,21,12,Alto,2.0,0,0.21961504075236243,1,Denegar/Revisar,Bajo
CLI-101538,Lima,3665.8,10500.31,309,1,29,89,Alto,2.0,0,0.9685030092823654,1,Denegar/Revisar,Muy alto
CLI-101539,Piura,4527.79,3593.12,598,0,56,267,Bajo,0.0,1,0.2801073951244646,1,Denegar/Revisar,Medio
CLI-101540,Arequipa,1025.0,7580.08,501,1,35,63,Medio,1.0,0,0.8295322370014744,1,Denegar/Revisar,Muy alto
CLI-101541,Lima,3163.5,7353.96,528,1,48,76,Medio,1.0,1,0.686768948995869,1,Denegar/Revisar,Alto
CLI-101542,Piura,1848.65,10062.86,177,1,41,92,Medio,1.0,0,0.9930007213965545,1,Denegar/Revisar,Muy alto
CLI-101543,Lima,7002.59,279.98,667,0,39,93,Medio,1.0,1,0.05197406718951005,0,Aprobar,Bajo
CLI-101544,Cusco,2345.9,3506.55,179,1,53,243,Alto,2.0,1,0.9699582549733992,1,Denegar/Revisar,Muy alto
CLI-101545,Lima,3265.3,2527.4,405,1,36,77,Alto,2.0,0,0.7179804469033966,1,Denegar/Revisar,Alto
CLI-101546,Loreto,2744.93,2697.63,157,1,19,2,Medio,1.0,0,0.9670461318914072,1,Denegar/Revisar,Muy alto
CLI-101547,Piura,1798.2,2464.08,629,0,29,65,Bajo,0.0,0,0.3015783884443968,1,Denegar/Revisar,Medio
CLI-101548,Lima,2273.67,7267.49,307,1,45,159,Medio,1.0,1,0.954628872326433,1,Denegar/Revisar,Muy alto
CLI-101549,Piura,3660.39,1533.44,610,0,43,196,Alto,2.0,1,0.21581886593742042,1,Denegar/Revisar,Bajo
CLI-101550,Cusco,1025.0,2485.18,234,0,21,14,Alto,2.0,0,0.9547619304421041,1,Denegar/Revisar,Muy alto
CLI-101551,Piura,4853.03,895.99,943,0,32,99,Alto,2.0,0,0.007959526987878978,0,Aprobar,Bajo
CLI-101552,Loreto,2389.78,1159.89,621,0,32,73,Alto,2.0,0,0.23551218434636337,1,Denegar/Revisar,Bajo
CLI-101553,Loreto,5809.88,4320.18,680,0,36,48,Alto,2.0,0,0.13503967859517163,0,Aprobar,Bajo
CLI-101554,Lima,4996.38,497.43,952,0,24,9,Medio,1.0,0,0.0062696935184842865,0,Aprobar,Bajo
CLI-101555,Lima,2216.35,832.14,998,0,32,47,Medio,1.0,0,0.008313811331127302,0,Aprobar,Bajo
CLI-101556,Piura,2239.78,3003.4,182,1,30,16,Alto,2.0,0,0.9665890211022846,1,Denegar/Revisar,Muy alto
CLI-101557,Lima,4620.34,179.04,720,0,48,140,Medio,1.0,1,0.05368926340247119,0,Aprobar,Bajo
CLI-101558,Loreto,2330.07,542.94,143,1,47,137,Medio,1.0,1,0.958975480476868,1,Denegar/Revisar,Muy alto
CLI-101559,Cusco,3881.68,7961.42,582,1,37,65,Medio,1.0,0,0.5597452782306142,1,Denegar/Revisar,Alto
CLI-101560,Lima,3957.14,7487.02,743,0,35,158,Alto,2.0,0,0.20596754984880303,1,Denegar/Revisar,Bajo
CLI-101561,Lima,4984.23,1709.47,592,0,41,40,Medio,1.0,0,0.19312371060686415,0,Aprobar,Bajo
CLI-101562,Arequipa,4355.35,12653.938750000001,598,1,30,51,Alto,2.0,0,0.7231912774111803,1,Denegar/Revisar,Alto
CLI-101563,Lima,2661.69,11027.83,117,1,26,46,Alto,2.0,0,0.9962092282290265,1,Denegar/Revisar,Muy alto
CLI-101564,Loreto,3600.67,104.72,704,0,29,18,Medio,1.0,0,0.0759737308937823,0,Aprobar,Bajo
CLI-101565,Lima,1661.75,3472.82,393,1,31,114,Alto,2.0,0,0.8346277107267366,1,Denegar/Revisar,Muy alto
CLI-101566,Arequipa,5195.07,3639.15,247,1,27,89,Alto,2.0,0,0.9005760353346873,1,Denegar/Revisar,Muy alto
CLI-101567,Lima,8085.32,6202.55,571,0,43,159,Alto,2.0,0,0.2758645333346384,1,Denegar/Revisar,Medio
CLI-101568,Piura,3660.39,12125.48,271,1,47,40,Medio,1.0,0,0.9835090895371672,1,Denegar/Revisar,Muy alto
CLI-101569,Lima,3895.55,1759.16,662,0,22,28,Alto,2.0,0,0.14369861718107638,0,Aprobar,Bajo
CLI-101570,Piura,5282.57,2303.83,630,1,40,91,Alto,2.0,0,0.15557381981018625,0,Aprobar,Bajo
CLI-101571,Lima,4452.2,4450.42,219,0,37,98,Alto,2.0,0,0.9432144323827508,1,Denegar/Revisar,Muy alto
CLI-101572,Arequipa,4637.46,12653.938750000001,935,1,43,270,Alto,2.0,1,0.09393833978856148,0,Aprobar,Bajo
CLI-101573,Loreto,2707.75,8858.02,836,0,38,85,Alto,2.0,0,0.16214140255233675,0,Aprobar,Bajo
CLI-101574,Lima,5557.24,12653.938750000001,165,1,24,47,Alto,2.0,0,0.9913660017781326,1,Denegar/Revisar,Muy alto
CLI-101575,Lima,4001.85,7771.92,240,1,25,12,Alto,2.0,0,0.9682920341119151,1,Denegar/Revisar,Muy alto
CLI-101576,Lima,3920.82,356.22,545,0,39,133,Medio,1.0,1,0.26347801974777973,1,Denegar/Revisar,Medio
CLI-101577,Piura,2625.76,1893.65,605,0,50,33,Bajo,0.0,1,0.283503819378237,1,Denegar/Revisar,Medio
CLI-101578,Piura,3162.93,52.72,288,1,18,0,Alto,2.0,0,0.822469042718339,1,Denegar/Revisar,Muy alto
CLI-101579,Piura,1025.0,781.49,257,1,42,165,Alto,2.0,0,0.9222966390913208,1,Denegar/Revisar,Muy alto
CLI-101580,Lima,5029.36,3982.34,709,0,53,257,Medio,1.0,1,0.11325891619835367,0,Aprobar,Bajo
CLI-101581,Lima,5515.1,12653.938750000001,769,1,38,51,Alto,2.0,0,0.2864081601522605,1,Denegar/Revisar,Medio
CLI-101582,Piura,3534.64,4007.18,345,1,45,136,Alto,2.0,0,0.8516154841619686,1,Denegar/Revisar,Muy alto
CLI-101583,Lima,2969.62,4364.22,955,0,31,87,Alto,2.0,0,0.02256582004631669,0,Aprobar,Bajo
CLI-101584,Cusco,3560.7650000000003,438.46,847,0,38,141,Alto,2.0,0,0.023623778186890834,0,Aprobar,Bajo
CLI-101585,Lima,3945.04,4372.83,132,1,21,17,Alto,2.0,0,0.9765107766356939,1,Denegar/Revisar,Muy alto
CLI-101586,Arequipa,2305.15,2423.09,460,0,18,1,Alto,2.0,0,0.6500557771556267,1,Denegar/Revisar,Alto
CLI-101587,Lima,3655.12,4215.78,852,0,49,251,Medio,1.0,1,0.04603782269874403,0,Aprobar,Bajo
CLI-101588,Lima,4144.78,1579.13,429,1,28,42,Bajo,0.0,0,0.575661349192914,1,Denegar/Revisar,Alto
CLI-101589,Arequipa,3310.98,3484.18,611,0,34,60,Alto,2.0,0,0.30862921562336376,1,Denegar/Revisar,Medio
CLI-101590,Arequipa,3638.81,2207.07,949,0,24,20,Alto,2.0,0,0.013085891671743245,0,Aprobar,Bajo
CLI-101591,Cusco,4003.69,3271.55,886,0,24,21,Medio,1.0,0,0.025821149521137916,0,Aprobar,Bajo
CLI-101592,Lima,3655.12,636.4,170,1,37,88,Medio,1.0,0,0.9315458962431885,1,Denegar/Revisar,Muy alto
CLI-101593,Lima,3714.39,2015.56,412,1,31,43,Alto,2.0,0,0.6584734648469525,1,Denegar/Revisar,Alto
CLI-101594,Arequipa,4991.73,1875.4,827,0,44,192,Medio,1.0,1,0.026570004933119982,0,Aprobar,Bajo
CLI-101595,Piura,4608.89,5333.21,178,1,44,227,Medio,1.0,1,0.9646415140674716,1,Denegar/Revisar,Muy alto
CLI-101596,Lima,3482.17,4902.28,268,1,42,135,Alto,2.0,0,0.9352852701414011,1,Denegar/Revisar,Muy alto
CLI-101597,Lima,4904.98,9581.38,909,0,42,155,Alto,2.0,0,0.06390788525785318,0,Aprobar,Bajo
CLI-101598,Lima,2655.99,3999.29,279,1,56,27,Bajo,0.0,1,0.9288186953602678,1,Denegar/Revisar,Muy alto
CLI-101599,Loreto,2642.84,1510.7,727,0,27,54,Bajo,0.0,0,0.10372997218537348,0,Aprobar,Bajo
CLI-101600,Lima,2573.1,6115.58,359,1,38,53,Alto,2.0,0,0.9075748676342407,1,Denegar/Revisar,Muy alto
CLI-101601,Lima,5812.11,2748.64,585,0,52,129,Bajo,0.0,1,0.21444522260211502,1,Denegar/Revisar,Bajo
CLI-101602,Lima,3655.12,860.17,871,0,53,233,Medio,1.0,1,0.019492254305094495,0,Aprobar,Bajo
CLI-101603,Lima,3319.1,5503.97,104,1,23,33,Alto,2.0,0,0.9875589325896305,1,Denegar/Revisar,Muy alto
CLI-101604,Lima,1025.0,568.7,396,1,35,87,Alto,2.0,0,0.7549314213633924,1,Denegar/Revisar,Muy alto
CLI-101605,Piura,4407.22,784.81,719,0,54,248,Medio,1.0,1,0.06400826479948447,0,Aprobar,Bajo
CLI-101606,Lima,2413.48,5687.78,954,0,44,57,Bajo,0.0,1,0.03387718568045303,0,Aprobar,Bajo
CLI-101607,Loreto,1530.45,5881.22,459,1,40,172,Medio,1.0,1,0.8176120911655042,1,Denegar/Revisar,Muy alto
CLI-101608,Lima,1212.47,6257.5,216,1,36,137,Medio,1.0,1,0.9807923871237493,1,Denegar/Revisar,Muy alto
CLI-101609,Piura,2252.75,1388.74,456,0,34,60,Alto,2.0,0,0.6107645760052526,1,Denegar/Revisar,Alto
CLI-101610,Loreto,5634.08,8057.24,942,0,43,94,Alto,2.0,0,0.029744993844339106,0,Aprobar,Bajo
CLI-101611,Arequipa,3915.89,5130.16,538,1,36,108,Alto,2.0,0,0.521364617181174,1,Denegar/Revisar,Alto
CLI-101612,Piura,1945.28,7182.28,430,0,38,92,Medio,1.0,0,0.875534334438446,1,Denegar/Revisar,Muy alto
CLI-101613,Lima,2876.89,4932.31,624,1,40,49,Bajo,0.0,1,0.3723996796564406,1,Denegar/Revisar,Medio
CLI-101614,Lima,3655.12,3466.16,753,0,32,89,Bajo,0.0,1,0.09776748207880387,0,Aprobar,Bajo
CLI-101615,Arequipa,4120.71,463.42,287,1,45,63,Medio,1.0,1,0.7971461716635624,1,Denegar/Revisar,Muy alto
CLI-101616,Cusco,3460.45,4964.43,380,1,70,231,Bajo,0.0,1,0.837313027541646,1,Denegar/Revisar,Muy alto
CLI-101617,Arequipa,1998.76,4690.68,610,1,19,1,Alto,2.0,0,0.44081151982695826,1,Denegar/Revisar,Medio
CLI-101618,Piura,3011.21,1498.72,565,0,42,155,Alto,2.0,0,0.32634643075922476,1,Denegar/Revisar,Medio
CLI-101619,Arequipa,6499.49,5324.49,214,1,32,63,Alto,2.0,0,0.9286708403669344,1,Denegar/Revisar,Muy alto
CLI-101620,Lima,1353.69,3198.07,335,1,44,150,Medio,1.0,1,0.8945283151528448,1,Denegar/Revisar,Muy alto
CLI-101621,Lima,3936.4,3278.53,437,0,40,185,Bajo,0.0,1,0.6541162238458857,1,Denegar/Revisar,Alto
CLI-101622,Piura,6923.25,1832.96,621,0,49,260,Medio,1.0,1,0.10662010858900017,0,Aprobar,Bajo
CLI-101623,Cusco,2685.77,496.75,298,1,52,223,Medio,1.0,1,0.8327673213959137,1,Denegar/Revisar,Muy alto
CLI-101624,Lima,6976.71,978.12,863,0,42,19,Alto,2.0,0,0.010452950420119417,0,Aprobar,Bajo
CLI-101625,Arequipa,1766.47,5858.44,149,1,51,230,Bajo,0.0,1,0.9877175877352516,1,Denegar/Revisar,Muy alto
CLI-101626,Lima,3655.12,1266.75,241,1,18,1,Alto,2.0,0,0.8924719712154741,1,Denegar/Revisar,Muy alto
CLI-101627,Piura,3395.08,9.02,882,0,56,98,Alto,2.0,1,0.01626773001948837,0,Aprobar,Bajo
CLI-101628,Lima,3655.12,12653.938750000001,627,1,43,70,Bajo,0.0,1,0.7007316932858304,1,Denegar/Revisar,Alto
CLI-101629,Lima,1220.73,946.35,613,0,50,134,Medio,1.0,1,0.28603760638588527,1,Denegar/Revisar,Medio
CLI-101630,Arequipa,3411.83,4261.29,769,0,25,24,Alto,2.0,0,0.10451818975874512,0,Aprobar,Bajo
CLI-101631,Lima,4244.49,10464.91,129,1,30,93,Alto,2.0,0,0.9931229205245133,1,Denegar/Revisar,Muy alto
CLI-101632,Arequipa,1970.82,3662.29,181,1,40,46,Bajo,0.0,1,0.9727699839852352,1,Denegar/Revisar,Muy alto
CLI-101633,Arequipa,2196.0,6418.41,130,1,38,62,Medio,1.0,0,0.9894973623266328,1,Denegar/Revisar,Muy alto
CLI-101634,Cusco,6249.76,12653.938750000001,847,0,43,21,Medio,1.0,0,0.13545588811289003,0,Aprobar,Bajo
CLI-101635,Lima,2241.59,7874.85,432,1,50,118,Medio,1.0,1,0.8817958164969272,1,Denegar/Revisar,Muy alto
CLI-101636,Lima,4946.39,3264.91,759,0,20,5,Alto,2.0,0,0.06781830493940816,0,Aprobar,Bajo
CLI-101637,Lima,1025.0,1808.36,276,1,49,90,Alto,2.0,0,0.9250198519666424,1,Denegar/Revisar,Muy alto
CLI-101638,Cusco,1988.79,2634.71,469,1,38,88,Alto,2.0,0,0.6576763819228556,1,Denegar/Revisar,Alto
CLI-101639,Cusco,3471.85,7376.24,646,1,37,195,Medio,1.0,1,0.40402276763255274,1,Denegar/Revisar,Medio
CLI-101640,Piura,5581.68,7678.95,634,0,24,34,Alto,2.0,0,0.3399943495631484,1,Denegar/Revisar,Medio
CLI-101641,Loreto,1541.19,7479.44,205,1,44,128,Alto,2.0,0,0.986026294585487,1,Denegar/Revisar,Muy alto
CLI-101642,Piura,3660.39,3637.5,196,1,18,0,Alto,2.0,0,0.9542541052265717,1,Denegar/Revisar,Muy alto
CLI-101643,Piura,3566.53,2592.36,329,1,46,229,Medio,1.0,1,0.8253105629136187,1,Denegar/Revisar,Muy alto
CLI-101644,Lima,3655.12,1492.02,326,1,23,34,Medio,1.0,0,0.7905030278697637,1,Denegar/Revisar,Muy alto
CLI-101645,Arequipa,1886.6,13.47,470,0,39,178,Bajo,0.0,1,0.5283994465090449,1,Denegar/Revisar,Alto
CLI-101646,Lima,2115.16,5783.93,199,1,37,62,Bajo,0.0,1,0.9785749922497267,1,Denegar/Revisar,Muy alto
CLI-101647,Loreto,5217.99,1297.37,544,0,52,121,Medio,1.0,1,0.2458575152134324,1,Denegar/Revisar,Bajo
CLI-101648,Arequipa,3638.81,1599.99,567,1,37,45,Medio,1.0,0,0.2877690446693398,1,Denegar/Revisar,Medio
CLI-101649,Arequipa,3320.22,7418.32,154,1,31,58,Alto,2.0,0,0.9867342157667663,1,Denegar/Revisar,Muy alto
CLI-101650,Lima,2311.7,214.66,294,0,33,55,Alto,2.0,0,0.8466547659294523,1,Denegar/Revisar,Muy alto
CLI-101651,Lima,3655.12,10503.32,619,1,53,219,Alto,2.0,1,0.627358819846773,1,Denegar/Revisar,Alto
CLI-101652,Lima,3655.12,5.45,523,0,45,64,Bajo,0.0,1,0.310982296625759,1,Denegar/Revisar,Medio
CLI-101653,Lima,4648.84,11198.63,414,0,35,86,Bajo,0.0,1,0.9137444232463103,1,Denegar/Revisar,Muy alto
CLI-101654,Lima,2147.62,2426.11,227,1,36,86,Medio,1.0,0,0.942877399697644,1,Denegar/Revisar,Muy alto
CLI-101655,Cusco,3560.7650000000003,430.89,131,1,22,24,Alto,2.0,0,0.9522801812227956,1,Denegar/Revisar,Muy alto
CLI-101656,Piura,4081.72,4485.41,192,0,43,86,Medio,1.0,1,0.9576359884161899,1,Denegar/Revisar,Muy alto
CLI-101657,Lima,4515.23,9047.94,618,0,20,17,Alto,2.0,0,0.505836409660235,1,Denegar/Revisar,Alto
CLI-101658,Lima,2790.09,2305.53,357,0,47,126,Bajo,0.0,1,0.8097152306173669,1,Denegar/Revisar,Muy alto
CLI-101659,Lima,4647.91,4702.29,952,0,41,90,Medio,1.0,1,0.01635271644038941,0,Aprobar,Bajo
CLI-101660,Piura,1025.0,12653.938750000001,319,1,64,152,Bajo,0.0,1,0.9872625839796932,1,Denegar/Revisar,Muy alto
CLI-101661,Piura,6840.51,1101.44,851,0,28,19,Alto,2.0,0,0.012368643031484976,0,Aprobar,Bajo
CLI-101662,Cusco,2004.12,6869.19,205,1,37,29,Medio,1.0,0,0.9816881910488158,1,Denegar/Revisar,Muy alto
CLI-101663,Lima,3291.72,1399.58,647,0,59,314,Medio,1.0,1,0.16541211099165526,0,Aprobar,Bajo
CLI-101664,Cusco,1553.3,2222.86,515,1,51,67,Medio,1.0,1,0.5490984433083363,1,Denegar/Revisar,Alto
CLI-101665,Loreto,4821.34,1323.84,656,0,32,17,Alto,2.0,0,0.11553856607671735,0,Aprobar,Bajo
CLI-101666,Lima,5111.82,2362.45,909,0,42,122,Medio,1.0,1,0.013449366418247732,0,Aprobar,Bajo
CLI-101667,Cusco,3560.7650000000003,20.41,408,0,39,129,Alto,2.0,0,0.5764759061533767,1,Denegar/Revisar,Alto
CLI-101668,Lima,1025.0,1446.4,465,0,41,61,Medio,1.0,0,0.6512829123896889,1,Denegar/Revisar,Alto
CLI-101669,Loreto,2672.67,12653.938750000001,620,1,31,58,Medio,1.0,0,0.751370977879552,1,Denegar/Revisar,Muy alto
CLI-101670,Lima,4306.03,4001.3,558,1,38,88,Alto,2.0,0,0.3938792883430714,1,Denegar/Revisar,Medio
CLI-101671,Loreto,4273.13,4057.39,698,0,22,32,Alto,2.0,0,0.15124399251277476,0,Aprobar,Bajo
CLI-101672,Loreto,3368.7,3506.22,469,0,40,134,Alto,2.0,0,0.6264014008232272,1,Denegar/Revisar,Alto
CLI-101673,Loreto,2724.08,1387.08,430,0,44,219,Bajo,0.0,1,0.642150670267168,1,Denegar/Revisar,Alto
CLI-101674,Arequipa,1708.07,11780.48,788,0,36,53,Medio,1.0,0,0.40578143448396364,1,Denegar/Revisar,Medio
CLI-101675,Lima,5427.81,1990.12,741,0,22,30,Medio,1.0,0,0.053593236344124384,0,Aprobar,Bajo
CLI-101676,Lima,1951.82,977.95,806,0,49,139,Medio,1.0,1,0.05274068058677249,0,Aprobar,Bajo
CLI-101677,Lima,2413.63,3234.35,110,1,43,133,Bajo,0.0,1,0.9828548226652079,1,Denegar/Revisar,Muy alto
CLI-101678,Lima,2781.66,5528.07,917,0,31,11,Alto,2.0,0,0.042183844072596996,0,Aprobar,Bajo
CLI-101679,Arequipa,5202.53,49.24,606,1,37,102,Medio,1.0,0,0.12320291787171318,0,Aprobar,Bajo
CLI-101680,Lima,4409.04,1293.76,518,0,23,10,Medio,1.0,0,0.3340378909804472,1,Denegar/Revisar,Medio
CLI-101681,Cusco,2406.2,6971.37,221,1,27,14,Medio,1.0,0,0.9772441227168999,1,Denegar/Revisar,Muy alto
CLI-101682,Piura,4204.78,2829.16,334,1,33,24,Alto,2.0,0,0.8094185247433549,1,Denegar/Revisar,Muy alto
CLI-101683,Loreto,1122.39,2100.3,430,1,51,57,Bajo,0.0,1,0.7515679391677258,1,Denegar/Revisar,Muy alto
CLI-101684,Lima,3664.75,10688.88,642,0,32,73,Alto,2.0,0,0.5846994799378413,1,Denegar/Revisar,Alto
CLI-101685,Loreto,1811.7,375.2,447,1,45,198,Medio,1.0,1,0.5950229265940798,1,Denegar/Revisar,Alto
CLI-101686,Cusco,5059.59,3823.98,511,1,34,146,Medio,1.0,1,0.44005925836676274,1,Denegar/Revisar,Medio
CLI-101687,Lima,3707.43,1675.35,323,0,42,70,Bajo,0.0,1,0.8055208602055952,1,Denegar/Revisar,Muy alto
CLI-101688,Piura,3978.91,293.83,252,0,38,57,Bajo,0.0,1,0.8497261048765313,1,Denegar/Revisar,Muy alto
CLI-101689,Arequipa,2292.14,961.89,311,0,48,51,Bajo,0.0,1,0.8470267505847235,1,Denegar/Revisar,Muy alto
CLI-101690,Lima,3999.22,3954.73,191,1,33,97,Alto,2.0,0,0.9557695698684693,1,Denegar/Revisar,Muy alto
CLI-101691,Piura,1684.53,114.74,430,1,21,13,Alto,2.0,0,0.6358115191862193,1,Denegar/Revisar,Alto
CLI-101692,Lima,3655.12,3588.39,566,0,24,49,Alto,2.0,0,0.39120647005916365,1,Denegar/Revisar,Medio
CLI-101693,Lima,4155.27,12572.33,959,0,33,79,Alto,2.0,0,0.08473217565475248,0,Aprobar,Bajo
CLI-101694,Lima,2577.92,6340.86,740,0,25,14,Alto,2.0,0,0.22386587444754533,1,Denegar/Revisar,Bajo
CLI-101695,Lima,5180.41,1696.13,808,0,44,261,Bajo,0.0,1,0.03029631571815102,0,Aprobar,Bajo
CLI-101696,Lima,3095.82,594.96,653,0,34,136,Bajo,0.0,1,0.14669425177404066,0,Aprobar,Bajo
CLI-101697,Lima,2833.01,2502.44,977,0,65,377,Bajo,0.0,1,0.012915144574684206,0,Aprobar,Bajo
CLI-101698,Cusco,1338.73,1996.58,327,1,19,9,Alto,2.0,0,0.8809144123282753,1,Denegar/Revisar,Muy alto
CLI-101699,Piura,4132.09,12653.938750000001,293,1,41,41,Alto,2.0,0,0.9796341388460061,1,Denegar/Revisar,Muy alto
CLI-101700,Cusco,1025.0,12653.938750000001,629,0,26,59,Alto,2.0,0,0.8088138862957569,1,Denegar/Revisar,Muy alto
CLI-101701,Lima,2871.44,2114.5,944,0,33,124,Alto,2.0,0,0.016022150254914807,0,Aprobar,Bajo
CLI-101702,Lima,5288.36,644.36,342,0,41,101,Alto,2.0,0,0.6588907928333776,1,Denegar/Revisar,Alto
CLI-101703,Piura,2959.46,9658.97,488,0,18,1,Alto,2.0,0,0.8497836370194106,1,Denegar/Revisar,Muy alto
CLI-101704,Lima,3655.12,6310.64,375,1,42,67,Medio,1.0,0,0.8682896183195893,1,Denegar/Revisar,Muy alto
CLI-101705,Lima,4239.25,2863.81,549,1,60,296,Alto,2.0,1,0.360929440212295,1,Denegar/Revisar,Medio
CLI-101706,Piura,3689.69,1818.76,738,0,34,156,Bajo,0.0,1,0.08035778195930836,0,Aprobar,Bajo
CLI-101707,Lima,1383.63,2378.03,686,1,41,85,Alto,2.0,0,0.21475843484208157,1,Denegar/Revisar,Bajo
CLI-101708,Piura,1857.19,9286.3,673,1,50,70,Bajo,0.0,1,0.5435181365934327,1,Denegar/Revisar,Alto
CLI-101709,Arequipa,1639.92,816.52,577,1,36,38,Medio,1.0,0,0.33143907888748175,1,Denegar/Revisar,Medio
CLI-101710,Lima,3655.12,6575.78,579,0,33,86,Medio,1.0,0,0.5070533851077543,1,Denegar/Revisar,Alto
CLI-101711,Lima,4278.37,73.43,387,1,18,0,Medio,1.0,0,0.5772564945295776,1,Denegar/Revisar,Alto
CLI-101712,Arequipa,2775.78,10131.62,797,0,46,147,Medio,1.0,1,0.25696001653596945,1,Denegar/Revisar,Medio
CLI-101713,Lima,3959.84,2774.97,789,0,38,48,Medio,1.0,0,0.0565108767322587,0,Aprobar,Bajo
CLI-101714,Lima,4066.17,1028.6,777,0,28,78,Alto,2.0,0,0.04489137667619324,0,Aprobar,Bajo
CLI-101715,Cusco,3560.7650000000003,11.44,794,0,40,100,Alto,2.0,0,0.03507409974800765,0,Aprobar,Bajo
CLI-101716,Lima,2635.02,3279.8,639,0,32,77,Alto,2.0,0,0.27777786652059655,1,Denegar/Revisar,Medio
CLI-101717,Arequipa,5815.08,1121.44,429,1,34,13,Alto,2.0,0,0.45530716682661027,1,Denegar/Revisar,Medio
CLI-101718,Cusco,4654.81,3990.7,569,1,46,107,Alto,2.0,0,0.35037426264408494,1,Denegar/Revisar,Medio
CLI-101719,Lima,4325.63,1320.52,858,0,25,45,Alto,2.0,0,0.021541722730642348,0,Aprobar,Bajo
CLI-101720,Lima,3617.75,368.57,948,0,51,115,Medio,1.0,1,0.00870143346394071,0,Aprobar,Bajo
CLI-101721,Lima,2515.65,2813.21,633,0,23,20,Medio,1.0,0,0.267264344249272,1,Denegar/Revisar,Medio
CLI-101722,Lima,4228.84,3324.91,566,0,32,24,Medio,1.0,0,0.33860949635340226,1,Denegar/Revisar,Medio
CLI-101723,Lima,2827.34,2410.23,519,0,60,257,Medio,1.0,1,0.4758797524235739,1,Denegar/Revisar,Medio
CLI-101724,Arequipa,4114.6,2450.22,707,0,52,130,Bajo,0.0,1,0.10794263250609733,0,Aprobar,Bajo
CLI-101725,Lima,1025.0,3562.98,221,1,39,29,Medio,1.0,0,0.9664504708511679,1,Denegar/Revisar,Muy alto
CLI-101726,Piura,3427.31,2989.18,861,0,29,49,Bajo,0.0,0,0.036149109279278654,0,Aprobar,Bajo
CLI-101727,Cusco,4316.37,568.87,990,0,33,98,Alto,2.0,0,0.0054274121991920886,0,Aprobar,Bajo
CLI-101728,Loreto,4765.72,878.03,407,0,40,93,Medio,1.0,1,0.5450618232673193,1,Denegar/Revisar,Alto
CLI-101729,Piura,1982.51,611.63,433,1,39,84,Alto,2.0,0,0.637580932643179,1,Denegar/Revisar,Alto
CLI-101730,Lima,1309.25,4727.48,519,0,37,104,Medio,1.0,0,0.6781044941862645,1,Denegar/Revisar,Alto
CLI-101731,Piura,4017.08,3008.18,425,0,39,69,Medio,1.0,0,0.6537252687252602,1,Denegar/Revisar,Alto
CLI-101732,Piura,3899.92,2247.46,748,0,37,99,Medio,1.0,0,0.07391608597550663,0,Aprobar,Bajo
CLI-101733,Lima,1692.96,6404.67,888,0,22,31,Medio,1.0,0,0.07934305000993737,0,Aprobar,Bajo
CLI-101734,Lima,3655.12,1576.88,931,0,33,92,Medio,1.0,0,0.013002228057704884,0,Aprobar,Bajo
CLI-101735,Loreto,3415.69,3358.31,943,0,49,107,Bajo,0.0,1,0.01848995381089188,0,Aprobar,Bajo
CLI-101736,Lima,3718.38,309.29,672,0,24,27,Alto,2.0,0,0.10491262104013174,0,Aprobar,Bajo
CLI-101737,Lima,5281.93,5456.63,349,1,38,78,Medio,1.0,0,0.8280656374447699,1,Denegar/Revisar,Muy alto
CLI-101738,Lima,1266.29,4752.3,194,1,29,56,Alto,2.0,0,0.9791136383144048,1,Denegar/Revisar,Muy alto
CLI-101739,Lima,4098.17,6485.63,395,1,40,35,Bajo,0.0,1,0.8417003555360623,1,Denegar/Revisar,Muy alto
CLI-101740,Loreto,1025.0,8633.11,283,1,34,41,Bajo,0.0,0,0.9799291876579682,1,Denegar/Revisar,Muy alto
CLI-101741,Arequipa,3759.44,5675.74,359,1,55,140,Alto,2.0,1,0.8717150288840974,1,Denegar/Revisar,Muy alto
CLI-101742,Arequipa,6555.88,7444.18,898,0,46,241,Medio,1.0,1,0.03065014148246359,0,Aprobar,Bajo
CLI-101743,Lima,4244.56,1696.48,766,0,25,24,Medio,1.0,0,0.05248973898787492,0,Aprobar,Bajo
CLI-101744,Lima,3655.12,1682.34,285,1,46,240,Medio,1.0,1,0.8523016921017692,1,Denegar/Revisar,Muy alto
CLI-101745,Lima,5364.8,11551.16,508,1,31,69,Alto,2.0,0,0.8000729581809262,1,Denegar/Revisar,Muy alto
CLI-101746,Lima,3359.32,9840.44,168,1,33,27,Alto,2.0,0,0.9908092461268335,1,Denegar/Revisar,Muy alto
CLI-101747,Lima,3655.12,3180.7,937,0,42,117,Medio,1.0,1,0.01717242454922923,0,Aprobar,Bajo
CLI-101748,Arequipa,2717.4,1826.35,872,0,33,90,Medio,1.0,0,0.029147638088409585,0,Aprobar,Bajo
CLI-101749,Lima,4497.65,8039.71,726,0,49,168,Medio,1.0,1,0.2249386101871112,1,Denegar/Revisar,Bajo
CLI-101750,Piura,3388.93,1562.77,958,0,30,43,Alto,2.0,0,0.011144960791065955,0,Aprobar,Bajo
CLI-101751,Lima,3181.16,8006.62,107,1,32,48,Alto,2.0,0,0.9926568844181468,1,Denegar/Revisar,Muy alto
CLI-101752,Lima,3300.81,4080.97,364,1,32,62,Medio,1.0,0,0.8320813333786884,1,Denegar/Revisar,Muy alto
CLI-101753,Lima,5890.17,174.23,882,0,34,13,Medio,1.0,0,0.00915072502259597,0,Aprobar,Bajo
CLI-101754,Cusco,2801.99,1906.35,583,0,51,73,Bajo,0.0,1,0.3188680131330287,1,Denegar/Revisar,Medio
CLI-101755,Loreto,3995.98,6594.04,860,0,46,224,Alto,2.0,1,0.0663247961499639,0,Aprobar,Bajo
CLI-101756,Cusco,5129.47,1399.46,716,0,58,163,Bajo,0.0,1,0.0657578728638702,0,Aprobar,Bajo
CLI-101757,Lima,3893.94,10712.93,874,0,64,271,Alto,2.0,1,0.13211691402966824,0,Aprobar,Bajo
CLI-101758,Lima,4137.71,12478.35,835,0,28,48,Alto,2.0,0,0.22927343167040737,1,Denegar/Revisar,Bajo
CLI-101759,Piura,3767.9,6767.29,939,0,40,19,Bajo,0.0,1,0.03570378715858407,0,Aprobar,Bajo
CLI-101760,Lima,3194.53,12653.938750000001,470,1,26,27,Alto,2.0,0,0.9191205838576673,1,Denegar/Revisar,Muy alto
CLI-101761,Loreto,5270.44,3026.6,882,0,31,95,Alto,2.0,0,0.01983906307117016,0,Aprobar,Bajo
CLI-101762,Lima,6805.87,3368.44,776,0,33,15,Alto,2.0,0,0.039551978909972835,0,Aprobar,Bajo
CLI-101763,Lima,1025.0,7235.63,182,1,26,87,Alto,2.0,0,0.9894451037867811,1,Denegar/Revisar,Muy alto
CLI-101764,Lima,2414.47,2715.44,906,0,27,57,Medio,1.0,0,0.027472981742588054,0,Aprobar,Bajo
CLI-101765,Lima,3777.79,2088.36,745,0,37,104,Medio,1.0,0,0.07549779019369628,0,Aprobar,Bajo
CLI-101766,Arequipa,3194.47,12653.938750000001,310,1,25,42,Bajo,0.0,0,0.9807614210623496,1,Denegar/Revisar,Muy alto
CLI-101767,Lima,2997.52,4287.8,412,0,48,136,Alto,2.0,1,0.786290204942128,1,Denegar/Revisar,Muy alto
CLI-101768,Lima,3076.08,5559.54,703,0,29,91,Medio,1.0,0,0.22877056087642925,1,Denegar/Revisar,Bajo
CLI-101769,Lima,1523.46,4412.9,436,0,69,336,Medio,1.0,1,0.8033786659414199,1,Denegar/Revisar,Muy alto
CLI-101770,Lima,2761.85,5477.31,589,1,34,14,Medio,1.0,0,0.4774408422748545,1,Denegar/Revisar,Medio
CLI-101771,Arequipa,4729.85,4490.3,502,1,40,87,Medio,1.0,0,0.5151795759055398,1,Denegar/Revisar,Alto
CLI-101772,Loreto,4115.6,2619.13,738,0,25,30,Alto,2.0,0,0.08570059532782423,0,Aprobar,Bajo
CLI-101773,Cusco,4093.34,579.8,290,0,58,150,Alto,2.0,1,0.8037377728583153,1,Denegar/Revisar,Muy alto
CLI-101774,Arequipa,2234.88,6156.72,770,0,51,253,Medio,1.0,1,0.17909731170931434,0,Aprobar,Bajo
CLI-101775,Lima,6550.21,125.05,942,0,43,60,Bajo,0.0,1,0.004620403859790512,0,Aprobar,Bajo
CLI-101776,Arequipa,2525.17,12653.938750000001,434,1,24,15,Medio,1.0,0,0.9471002469484279,1,Denegar/Revisar,Muy alto
CLI-101777,Lima,4454.8,7051.72,621,1,42,195,Alto,2.0,1,0.39834966662622145,1,Denegar/Revisar,Medio
CLI-101778,Lima,3748.38,4445.7,718,0,27,25,Medio,1.0,0,0.1483996746647777,0,Aprobar,Bajo
CLI-101779,Loreto,2061.98,12653.938750000001,186,1,54,162,Bajo,0.0,1,0.9953090835511376,1,Denegar/Revisar,Muy alto
CLI-101780,Lima,4505.23,3791.85,678,0,48,52,Medio,1.0,1,0.15634507868197875,0,Aprobar,Bajo
CLI-101781,Cusco,3722.76,232.35,161,1,40,132,Medio,1.0,1,0.9304799289787351,1,Denegar/Revisar,Muy alto
CLI-101782,Lima,7504.02,3278.31,486,0,18,0,Alto,2.0,0,0.34290724663357885,1,Denegar/Revisar,Medio
CLI-101783,Piura,3948.9,1298.51,245,1,28,27,Alto,2.0,0,0.8825971805276998,1,Denegar/Revisar,Muy alto
CLI-101784,Arequipa,3940.4,1844.83,252,1,47,98,Medio,1.0,1,0.8839578813499006,1,Denegar/Revisar,Muy alto
CLI-101785,Loreto,5653.32,2461.67,718,0,53,115,Medio,1.0,1,0.06861044617286245,0,Aprobar,Bajo
CLI-101786,Piura,4815.78,5959.53,759,1,52,114,Medio,1.0,1,0.11306519504432207,0,Aprobar,Bajo
CLI-101787,Piura,4035.93,2796.09,797,0,22,25,Alto,2.0,0,0.05391561232682159,0,Aprobar,Bajo
CLI-101788,Lima,3884.59,2574.99,448,1,42,47,Alto,2.0,0,0.5980717913895064,1,Denegar/Revisar,Alto
CLI-101789,Piura,5688.21,1437.99,953,0,51,165,Alto,2.0,1,0.006702580737379154,0,Aprobar,Bajo
CLI-101790,Lima,5140.14,3105.0,277,1,21,1,Alto,2.0,0,0.8608246979532913,1,Denegar/Revisar,Muy alto
CLI-101791,Arequipa,2209.97,1142.16,988,0,38,128,Medio,1.0,1,0.009749637600270412,0,Aprobar,Bajo
CLI-101792,Piura,3660.39,1209.8,946,0,42,113,Medio,1.0,1,0.010467007151370058,0,Aprobar,Bajo
CLI-101793,Arequipa,5694.56,5663.04,586,0,37,23,Medio,1.0,0,0.33104906145737156,1,Denegar/Revisar,Medio
CLI-101794,Lima,3057.81,1677.53,877,0,18,0,Alto,2.0,0,0.025966458001899298,0,Aprobar,Bajo
CLI-101795,Lima,1533.1,211.07,760,0,35,58,Medio,1.0,0,0.07436746029255457,0,Aprobar,Bajo
CLI-101796,Arequipa,1025.0,1684.41,346,1,34,78,Medio,1.0,0,0.8570830791336084,1,Denegar/Revisar,Muy alto
CLI-101797,Lima,5908.77,4070.77,353,0,38,8,Medio,1.0,0,0.7495717071010535,1,Denegar/Revisar,Alto
CLI-101798,Lima,5014.42,6727.72,599,0,33,113,Alto,2.0,0,0.4002924896059998,1,Denegar/Revisar,Medio
CLI-101799,Lima,2587.36,12653.938750000001,640,0,34,49,Medio,1.0,0,0.7187188682038499,1,Denegar/Revisar,Alto
CLI-101800,Cusco,2271.37,5485.16,451,1,38,25,Medio,1.0,0,0.7891371873573148,1,Denegar/Revisar,Muy alto
CLI-101801,Arequipa,3804.29,2240.42,611,0,44,88,Medio,1.0,1,0.22755808952884676,1,Denegar/Revisar,Bajo
CLI-101802,Lima,3655.12,1421.67,877,0,36,61,Medio,1.0,0,0.020719192692161048,0,Aprobar,Bajo
CLI-101803,Lima,2282.99,555.35,112,1,34,42,Bajo,0.0,1,0.9705317550118067,1,Denegar/Revisar,Muy alto
CLI-101804,Lima,2636.96,3952.08,658,0,40,52,Medio,1.0,0,0.26294747442628685,1,Denegar/Revisar,Medio
CLI-101805,Arequipa,4702.57,2852.45,250,1,18,0,Alto,2.0,0,0.8931797134350685,1,Denegar/Revisar,Muy alto
CLI-101806,Arequipa,2759.24,4529.11,149,1,44,136,Medio,1.0,1,0.9789101084457597,1,Denegar/Revisar,Muy alto
CLI-101807,Lima,2840.56,1082.69,314,0,39,23,Bajo,0.0,1,0.8294283443751855,1,Denegar/Revisar,Muy alto
CLI-101808,Lima,4874.19,1564.14,743,0,40,81,Alto,2.0,0,0.056624316429505224,0,Aprobar,Bajo
CLI-101809,Lima,1025.0,1381.78,471,1,49,223,Medio,1.0,1,0.6352371847926055,1,Denegar/Revisar,Alto
CLI-101810,Arequipa,3635.2,6391.06,212,1,18,0,Medio,1.0,0,0.9688292454018589,1,Denegar/Revisar,Muy alto
CLI-101811,Arequipa,3818.37,751.25,351,1,18,0,Alto,2.0,0,0.7186147141234368,1,Denegar/Revisar,Alto
CLI-101812,Lima,1311.63,3750.79,440,0,41,71,Medio,1.0,0,0.7823388454675797,1,Denegar/Revisar,Muy alto
CLI-101813,Lima,1025.0,210.88,152,1,38,118,Bajo,0.0,1,0.9657247578387979,1,Denegar/Revisar,Muy alto
CLI-101814,Lima,2111.46,3189.83,229,1,40,123,Medio,1.0,1,0.9504828893171805,1,Denegar/Revisar,Muy alto
CLI-101815,Cusco,3560.7650000000003,264.19,935,0,34,99,Alto,2.0,0,0.010111545389330115,0,Aprobar,Bajo
CLI-101816,Lima,3655.12,773.74,292,1,46,211,Alto,2.0,1,0.8225473841862748,1,Denegar/Revisar,Muy alto
CLI-101817,Arequipa,6436.07,479.76,690,0,50,68,Alto,2.0,0,0.05179549365505307,0,Aprobar,Bajo
CLI-101818,Piura,3087.13,1703.03,156,1,44,110,Bajo,0.0,1,0.9584154009501905,1,Denegar/Revisar,Muy alto
CLI-101819,Lima,1025.0,1684.74,196,1,35,105,Alto,2.0,0,0.9622015172836691,1,Denegar/Revisar,Muy alto
CLI-101820,Lima,2717.54,7004.45,297,1,18,0,Alto,2.0,0,0.9534780222334223,1,Denegar/Revisar,Muy alto
CLI-101821,Lima,2044.03,1023.12,746,0,47,104,Bajo,0.0,1,0.09123002975707173,0,Aprobar,Bajo
CLI-101822,Piura,2723.34,361.39,246,1,52,100,Medio,1.0,1,0.8865393752333828,1,Denegar/Revisar,Muy alto
CLI-101823,Arequipa,6179.37,3700.44,783,0,47,277,Alto,2.0,1,0.04565281425043156,0,Aprobar,Bajo
CLI-101824,Piura,4536.86,12653.938750000001,674,1,30,127,Alto,2.0,0,0.5511411961572911,1,Denegar/Revisar,Alto
CLI-101825,Piura,3660.39,1397.23,676,1,46,54,Alto,2.0,0,0.12585632401785954,0,Aprobar,Bajo
CLI-101826,Lima,4176.51,3693.4,394,0,49,200,Bajo,0.0,1,0.7450642056791885,1,Denegar/Revisar,Alto
CLI-101827,Cusco,2977.33,5985.45,822,0,56,125,Medio,1.0,1,0.0980810825867286,0,Aprobar,Bajo
CLI-101828,Arequipa,1025.0,1708.1,720,0,28,86,Alto,2.0,0,0.15793289754450035,0,Aprobar,Bajo
CLI-101829,Lima,2435.77,2980.74,893,0,36,97,Alto,2.0,0,0.03372609100536996,0,Aprobar,Bajo
CLI-101830,Cusco,4753.66,634.26,783,0,48,152,Medio,1.0,1,0.03244728975955337,0,Aprobar,Bajo
CLI-101831,Piura,3880.5,95.72,111,1,40,87,Alto,2.0,0,0.954181018231085,1,Denegar/Revisar,Muy alto
CLI-101832,Piura,5940.47,12653.938750000001,432,1,28,28,Alto,2.0,0,0.895646102427977,1,Denegar/Revisar,Muy alto
CLI-101833,Arequipa,3649.77,1425.16,319,1,44,122,Alto,2.0,0,0.8052177932612917,1,Denegar/Revisar,Muy alto
CLI-101834,Loreto,5514.74,1307.92,497,0,46,205,Bajo,0.0,1,0.33002417074258317,1,Denegar/Revisar,Medio
CLI-101835,Arequipa,4327.14,12653.938750000001,441,0,40,91,Medio,1.0,0,0.9169193115097121,1,Denegar/Revisar,Muy alto
CLI-101836,Lima,5700.1,5211.25,897,0,42,156,Alto,2.0,0,0.024623797012955903,0,Aprobar,Bajo
CLI-101837,Lima,3655.12,3520.78,611,0,36,146,Medio,1.0,1,0.28554015625555784,1,Denegar/Revisar,Medio
CLI-101838,Cusco,3772.53,4806.88,271,1,55,327,Bajo,0.0,1,0.9279218973423176,1,Denegar/Revisar,Muy alto
CLI-101839,Lima,5246.27,4950.48,567,0,30,58,Alto,2.0,0,0.3697743868587134,1,Denegar/Revisar,Medio
CLI-101840,Lima,3146.17,5764.45,847,1,32,29,Bajo,0.0,0,0.07581479252721211,0,Aprobar,Bajo
CLI-101841,Lima,1025.0,278.21,265,1,38,191,Alto,2.0,0,0.9082653155990456,1,Denegar/Revisar,Muy alto
CLI-101842,Lima,3655.12,2129.77,798,0,49,160,Alto,2.0,1,0.050851980840208484,0,Aprobar,Bajo
CLI-101843,Piura,3600.17,1398.97,269,1,23,17,Alto,2.0,0,0.8692396677710305,1,Denegar/Revisar,Muy alto
CLI-101844,Cusco,2513.09,292.73,663,0,24,16,Alto,2.0,0,0.14391031826956407,0,Aprobar,Bajo
CLI-101845,Lima,1828.32,2128.19,611,0,18,0,Alto,2.0,0,0.3210694374126359,1,Denegar/Revisar,Medio
CLI-101846,Lima,4556.01,3830.26,930,0,40,134,Medio,1.0,1,0.017068084774915563,0,Aprobar,Bajo
CLI-101847,Lima,4151.38,786.48,288,1,27,27,Alto,2.0,0,0.8113434421610057,1,Denegar/Revisar,Muy alto
CLI-101848,Loreto,3717.87,1455.53,219,0,35,62,Alto,2.0,0,0.9127695303793357,1,Denegar/Revisar,Muy alto
CLI-101849,Piura,1378.53,4077.4,204,1,45,109,Bajo,0.0,1,0.9730163328328546,1,Denegar/Revisar,Muy alto
CLI-101850,Lima,2852.92,3463.58,773,0,32,122,Alto,2.0,0,0.0975896096827208,0,Aprobar,Bajo
CLI-101851,Loreto,5316.23,8123.69,906,0,42,159,Medio,1.0,1,0.04319471985818939,0,Aprobar,Bajo
CLI-101852,Loreto,2889.03,6266.11,140,1,35,103,Alto,2.0,0,0.9865769651292016,1,Denegar/Revisar,Muy alto
CLI-101853,Loreto,6066.23,12653.938750000001,988,0,47,210,Medio,1.0,1,0.04173945927661649,0,Aprobar,Bajo
CLI-101854,Cusco,3965.09,3637.19,975,0,44,118,Medio,1.0,1,0.012381120927513612,0,Aprobar,Bajo
CLI-101855,Lima,5161.29,4795.51,776,0,32,34,Alto,2.0,0,0.07538313732050414,0,Aprobar,Bajo
CLI-101856,Arequipa,3280.53,7878.94,420,1,37,50,Alto,2.0,0,0.8721815014467824,1,Denegar/Revisar,Muy alto
CLI-101857,Lima,3655.12,7330.14,985,0,50,234,Medio,1.0,1,0.026055908316088745,0,Aprobar,Bajo
CLI-101858,Loreto,4760.24,5073.64,434,1,44,134,Alto,2.0,0,0.7012506373088807,1,Denegar/Revisar,Alto
CLI-101859,Arequipa,1529.16,2774.64,259,1,23,17,Alto,2.0,0,0.9404277288467943,1,Denegar/Revisar,Muy alto
CLI-101860,Arequipa,3337.23,1276.45,363,1,46,249,Alto,2.0,1,0.7403117239286207,1,Denegar/Revisar,Alto
CLI-101861,Arequipa,4694.23,8389.31,964,0,27,63,Alto,2.0,0,0.03219983975137099,0,Aprobar,Bajo
CLI-101862,Lima,3577.57,5996.16,629,0,55,217,Bajo,0.0,1,0.37595386929157804,1,Denegar/Revisar,Medio
CLI-101863,Piura,5554.2,7278.34,784,0,51,184,Bajo,0.0,1,0.10445492582956768,0,Aprobar,Bajo
CLI-101864,Cusco,4510.92,606.96,576,0,43,93,Alto,2.0,0,0.20354739175696915,1,Denegar/Revisar,Bajo
CLI-101865,Cusco,4082.14,1512.25,451,0,41,129,Bajo,0.0,1,0.5247346759568807,1,Denegar/Revisar,Alto
CLI-101866,Lima,3890.69,2212.74,644,0,37,77,Bajo,0.0,1,0.17958947873423586,0,Aprobar,Bajo
CLI-101867,Lima,7028.49,7289.34,872,0,48,110,Medio,1.0,1,0.03381499463923696,0,Aprobar,Bajo
CLI-101868,Lima,5315.0,8935.47,309,1,36,17,Medio,1.0,0,0.935488259619248,1,Denegar/Revisar,Muy alto
CLI-101869,Arequipa,5069.14,1341.29,595,0,42,201,Alto,2.0,1,0.17991018590359187,0,Aprobar,Bajo
CLI-101870,Loreto,5620.65,4638.92,994,0,49,207,Alto,2.0,1,0.009089658976482777,0,Aprobar,Bajo
CLI-101871,Lima,3478.61,324.03,941,0,33,77,Medio,1.0,0,0.009499400950585163,0,Aprobar,Bajo
CLI-101872,Piura,3388.38,2107.64,481,1,32,88,Alto,2.0,0,0.52605452688437,1,Denegar/Revisar,Alto
CLI-101873,Loreto,5003.73,2667.34,775,0,26,73,Medio,1.0,0,0.049794400798100165,0,Aprobar,Bajo
CLI-101874,Arequipa,5237.37,5803.46,580,0,28,41,Medio,1.0,0,0.374861432746298,1,Denegar/Revisar,Medio
CLI-101875,Piura,4046.07,8901.47,104,1,19,2,Alto,2.0,0,0.9927756555537515,1,Denegar/Revisar,Muy alto
CLI-101876,Piura,3637.44,1645.63,133,1,47,200,Bajo,0.0,1,0.9613389473988248,1,Denegar/Revisar,Muy alto
CLI-101877,Piura,7282.94,3000.89,891,0,60,195,Medio,1.0,1,0.011037159867878097,0,Aprobar,Bajo
CLI-101878,Lima,2784.62,4170.23,244,1,54,155,Alto,2.0,1,0.9480076699437969,1,Denegar/Revisar,Muy alto
CLI-101879,Piura,4919.78,1594.08,450,0,22,4,Bajo,0.0,0,0.48283523147389745,1,Denegar/Revisar,Medio
CLI-101880,Arequipa,5201.16,12653.938750000001,682,0,48,197,Medio,1.0,1,0.4844068621304848,1,Denegar/Revisar,Medio
CLI-101881,Loreto,4294.1,8342.62,564,0,55,133,Medio,1.0,1,0.597194526146131,1,Denegar/Revisar,Alto
CLI-101882,Piura,4114.75,1406.2,447,0,34,122,Medio,1.0,0,0.5170176860659684,1,Denegar/Revisar,Alto
CLI-101883,Arequipa,4872.52,2836.67,841,0,41,96,Medio,1.0,1,0.029263694662054113,0,Aprobar,Bajo
CLI-101884,Lima,1885.65,1049.83,224,1,18,0,Alto,2.0,0,0.9334230223091495,1,Denegar/Revisar,Muy alto
CLI-101885,Lima,4879.29,2890.34,889,0,42,49,Alto,2.0,0,0.019767650114013685,0,Aprobar,Bajo
CLI-101886,Lima,4362.42,4599.61,370,1,28,27,Medio,1.0,0,0.8033486106769291,1,Denegar/Revisar,Muy alto
CLI-101887,Lima,3894.9,357.6,456,0,41,163,Alto,2.0,0,0.46299713599928827,1,Denegar/Revisar,Medio
CLI-101888,Arequipa,1025.0,8164.49,626,1,21,13,Alto,2.0,0,0.6391342091068875,1,Denegar/Revisar,Alto
CLI-101889,Cusco,1826.75,3603.11,853,0,44,157,Bajo,0.0,1,0.06255060575698004,0,Aprobar,Bajo
CLI-101890,Lima,2466.65,12653.938750000001,597,1,50,34,Bajo,0.0,1,0.8034480680738648,1,Denegar/Revisar,Muy alto
CLI-101891,Lima,2836.11,103.7,252,1,30,51,Medio,1.0,0,0.8720265074196415,1,Denegar/Revisar,Muy alto
CLI-101892,Loreto,1657.18,7123.24,152,1,26,31,Alto,2.0,0,0.9905435155661686,1,Denegar/Revisar,Muy alto
CLI-101893,Lima,3655.12,6280.16,248,1,18,0,Alto,2.0,0,0.9572762381070442,1,Denegar/Revisar,Muy alto
CLI-101894,Piura,5492.0,570.18,602,0,37,61,Alto,2.0,0,0.1366271708371189,0,Aprobar,Bajo
CLI-101895,Arequipa,6438.5,1633.71,969,0,34,36,Alto,2.0,0,0.005059591225283039,0,Aprobar,Bajo
CLI-101896,Piura,4103.22,8644.21,549,0,22,17,Alto,2.0,0,0.6639548765186489,1,Denegar/Revisar,Alto
CLI-101897,Lima,4762.24,2923.02,318,1,44,106,Alto,2.0,0,0.8155971770469734,1,Denegar/Revisar,Muy alto
CLI-101898,Lima,3104.17,2051.85,724,0,34,64,Medio,1.0,0,0.10344163363135886,0,Aprobar,Bajo
CLI-101899,Arequipa,4070.52,9436.47,899,0,27,46,Alto,2.0,0,0.08110439258879532,0,Aprobar,Bajo
CLI-101900,Piura,1501.52,391.97,376,1,32,38,Bajo,0.0,0,0.7622057579188787,1,Denegar/Revisar,Muy alto
CLI-101901,Lima,3655.12,2563.15,551,1,51,189,Bajo,0.0,1,0.37330916828871386,1,Denegar/Revisar,Medio
CLI-101902,Arequipa,6502.92,4226.51,527,0,47,104,Medio,1.0,1,0.3450385038866259,1,Denegar/Revisar,Medio
CLI-101903,Lima,2341.1,3751.5,182,1,37,55,Alto,2.0,0,0.9706697297628386,1,Denegar/Revisar,Muy alto
CLI-101904,Arequipa,1025.0,1227.6,317,0,45,133,Medio,1.0,1,0.8772718384394429,1,Denegar/Revisar,Muy alto
CLI-101905,Lima,2740.9,3314.15,837,0,26,40,Alto,2.0,0,0.05571185744726782,0,Aprobar,Bajo
CLI-101906,Cusco,3286.74,4931.71,881,0,39,150,Alto,2.0,0,0.04617465565434163,0,Aprobar,Bajo
CLI-101907,Lima,1762.7,3516.8,626,1,40,95,Bajo,0.0,1,0.35868097298256435,1,Denegar/Revisar,Medio
CLI-101908,Lima,1960.54,4613.91,503,1,33,54,Alto,2.0,0,0.6810367126449739,1,Denegar/Revisar,Alto
CLI-101909,Lima,3584.93,1183.28,389,0,44,39,Bajo,0.0,1,0.6740441511253346,1,Denegar/Revisar,Alto
CLI-101910,Lima,4527.58,7155.43,519,0,31,47,Medio,1.0,0,0.6250488345651436,1,Denegar/Revisar,Alto
CLI-101911,Loreto,1025.0,2389.09,438,0,44,214,Alto,2.0,1,0.7531590163169697,1,Denegar/Revisar,Muy alto
CLI-101912,Cusco,3453.76,12653.938750000001,876,1,45,132,Medio,1.0,1,0.18590946003535136,0,Aprobar,Bajo
CLI-101913,Lima,4176.51,94.24,810,0,18,0,Alto,2.0,0,0.026855159795542618,0,Aprobar,Bajo
CLI-101914,Lima,2437.85,1914.18,769,0,52,198,Bajo,0.0,1,0.08183501451883242,0,Aprobar,Bajo
CLI-101915,Arequipa,4742.28,796.12,944,0,18,0,Alto,2.0,0,0.00792192458172381,0,Aprobar,Bajo
CLI-101916,Loreto,3600.67,3244.21,518,0,32,66,Medio,1.0,0,0.47739148766534334,1,Denegar/Revisar,Medio
CLI-101917,Piura,3660.39,1114.65,306,0,50,38,Medio,1.0,1,0.8076263207271986,1,Denegar/Revisar,Muy alto
CLI-101918,Lima,2773.26,5349.68,785,1,35,48,Medio,1.0,0,0.12362401996240777,0,Aprobar,Bajo
CLI-101919,Lima,4500.11,8543.74,795,0,23,24,Medio,1.0,0,0.14448573278260263,0,Aprobar,Bajo
CLI-101920,Arequipa,2082.77,947.37,364,1,26,67,Medio,1.0,0,0.772295111062454,1,Denegar/Revisar,Muy alto
CLI-101921,Lima,3655.12,700.64,857,0,50,120,Medio,1.0,1,0.021448649907131752,0,Aprobar,Bajo
CLI-101922,Piura,2803.15,8329.21,135,1,18,0,Alto,2.0,0,0.9918357929812558,1,Denegar/Revisar,Muy alto
CLI-101923,Lima,1585.47,1793.11,472,0,51,136,Bajo,0.0,1,0.6319676533190048,1,Denegar/Revisar,Alto
CLI-101924,Arequipa,1204.71,12653.938750000001,587,1,37,108,Medio,1.0,0,0.8527249343357405,1,Denegar/Revisar,Muy alto
CLI-101925,Lima,3410.28,998.82,358,0,26,48,Alto,2.0,0,0.7347605463562386,1,Denegar/Revisar,Alto
CLI-101926,Piura,3515.64,2215.73,630,0,33,60,Medio,1.0,0,0.20773658590357882,1,Denegar/Revisar,Bajo
CLI-101927,Lima,1444.5,1052.22,122,1,27,36,Medio,1.0,0,0.9749554615412429,1,Denegar/Revisar,Muy alto
CLI-101928,Piura,3249.41,4385.59,203,1,48,43,Alto,2.0,0,0.9617831404717537,1,Denegar/Revisar,Muy alto
CLI-101929,Lima,3815.9,2763.61,340,1,47,129,Alto,2.0,0,0.8125011203418311,1,Denegar/Revisar,Muy alto
CLI-101930,Piura,4803.74,6205.82,972,0,21,15,Alto,2.0,0,0.018621463089623716,0,Aprobar,Bajo
CLI-101931,Piura,4435.29,1500.1,815,0,35,53,Alto,2.0,0,0.032291402244317306,0,Aprobar,Bajo
CLI-101932,Piura,1025.0,2817.6,352,0,28,38,Medio,1.0,0,0.8780721596038312,1,Denegar/Revisar,Muy alto
CLI-101933,Piura,4921.86,1201.84,241,1,54,316,Bajo,0.0,1,0.859192399797082,1,Denegar/Revisar,Muy alto
CLI-101934,Arequipa,5162.21,10901.23,913,0,25,17,Alto,2.0,0,0.07566564098674139,0,Aprobar,Bajo
CLI-101935,Loreto,2581.81,2952.04,754,0,56,236,Bajo,0.0,1,0.10995678074347462,0,Aprobar,Bajo
CLI-101936,Lima,3582.36,762.04,550,0,39,103,Alto,2.0,0,0.29480705217768394,1,Denegar/Revisar,Medio
CLI-101937,Loreto,3600.67,1274.03,882,0,26,66,Medio,1.0,0,0.019432071095691342,0,Aprobar,Bajo
CLI-101938,Lima,3252.99,346.16,406,1,31,70,Medio,1.0,0,0.6055900580628015,1,Denegar/Revisar,Alto
CLI-101939,Lima,6387.59,112.84,599,1,31,19,Alto,2.0,0,0.10718277466436334,0,Aprobar,Bajo
CLI-101940,Lima,1025.0,2985.53,721,0,24,48,Alto,2.0,0,0.19571475965517326,0,Aprobar,Bajo
CLI-101941,Lima,1025.0,1644.66,107,1,39,117,Medio,1.0,1,0.9824484481941494,1,Denegar/Revisar,Muy alto
CLI-101942,Arequipa,1025.0,12653.938750000001,168,1,24,48,Alto,2.0,0,0.9968803319572874,1,Denegar/Revisar,Muy alto
CLI-101943,Arequipa,4221.81,751.74,801,0,18,0,Alto,2.0,0,0.03301234445231495,0,Aprobar,Bajo
CLI-101944,Arequipa,4896.02,6317.82,790,0,35,48,Alto,2.0,0,0.0949117866277966,0,Aprobar,Bajo
CLI-101945,Piura,4390.4,1519.02,674,0,19,10,Alto,2.0,0,0.11274389552003827,0,Aprobar,Bajo
CLI-101946,Lima,3655.12,1012.03,167,1,31,70,Alto,2.0,0,0.9402869799173197,1,Denegar/Revisar,Muy alto
CLI-101947,Lima,4743.81,12653.938750000001,817,0,29,121,Alto,2.0,0,0.23429726172294474,1,Denegar/Revisar,Bajo
CLI-101948,Lima,3069.33,6489.62,507,1,29,40,Bajo,0.0,0,0.7026300226757448,1,Denegar/Revisar,Alto
CLI-101949,Lima,4845.09,3983.73,617,0,61,327,Medio,1.0,1,0.2401633360402145,1,Denegar/Revisar,Bajo
CLI-101950,Lima,4596.94,4777.69,218,1,40,123,Bajo,0.0,1,0.9455725095463497,1,Denegar/Revisar,Muy alto
CLI-101951,Lima,2951.22,12653.938750000001,924,0,41,98,Medio,1.0,1,0.1405797273481063,0,Aprobar,Bajo
CLI-101952,Piura,2328.54,3597.81,130,1,19,3,Alto,2.0,0,0.9812499160871642,1,Denegar/Revisar,Muy alto
CLI-101953,Arequipa,3545.5,429.9,617,0,32,34,Medio,1.0,0,0.1678779605652333,0,Aprobar,Bajo
CLI-101954,Cusco,3560.7650000000003,268.26,582,1,41,163,Bajo,0.0,1,0.21898236531528176,1,Denegar/Revisar,Bajo
CLI-101955,Cusco,1891.84,4393.73,306,1,27,73,Alto,2.0,0,0.9293018867206572,1,Denegar/Revisar,Muy alto
CLI-101956,Piura,5682.49,4287.12,768,0,50,168,Alto,2.0,1,0.06537204669211526,0,Aprobar,Bajo
CLI-101957,Lima,1656.91,5516.06,678,1,25,39,Medio,1.0,0,0.3406004408328555,1,Denegar/Revisar,Medio
CLI-101958,Piura,5337.32,460.65,486,0,37,136,Bajo,0.0,1,0.32242530053902796,1,Denegar/Revisar,Medio
CLI-101959,Arequipa,4799.83,11594.59,511,1,33,42,Alto,2.0,0,0.8174068387856922,1,Denegar/Revisar,Muy alto
CLI-101960,Lima,4148.51,3204.34,941,0,41,221,Alto,2.0,1,0.015433449431675803,0,Aprobar,Bajo
CLI-101961,Lima,4813.01,4194.21,469,0,32,130,Alto,2.0,0,0.581020033373428,1,Denegar/Revisar,Alto
CLI-101962,Loreto,2652.59,141.9,452,0,36,144,Bajo,0.0,1,0.5329413389584161,1,Denegar/Revisar,Alto
CLI-101963,Lima,1985.78,12653.938750000001,435,1,36,25,Alto,2.0,0,0.9543169917365316,1,Denegar/Revisar,Muy alto
CLI-101964,Piura,7039.69,3307.55,990,0,32,64,Alto,2.0,0,0.0051458466502470575,0,Aprobar,Bajo
CLI-101965,Piura,2464.23,3314.61,388,0,44,113,Alto,2.0,0,0.8093928786235065,1,Denegar/Revisar,Muy alto
CLI-101966,Lima,3993.5,11497.98,239,1,42,19,Medio,1.0,0,0.9849125717939422,1,Denegar/Revisar,Muy alto
CLI-101967,Lima,4961.26,10600.08,399,1,39,23,Alto,2.0,0,0.9090466467500387,1,Denegar/Revisar,Muy alto
CLI-101968,Lima,3933.5,995.38,112,1,34,37,Bajo,0.0,0,0.9610021807680936,1,Denegar/Revisar,Muy alto
CLI-101969,Lima,3655.12,10700.33,763,1,48,121,Alto,2.0,0,0.31252576307685714,1,Denegar/Revisar,Medio
CLI-101970,Lima,3655.12,5336.65,527,0,36,65,Alto,2.0,0,0.5726857528341515,1,Denegar/Revisar,Alto
CLI-101971,Loreto,5934.18,76.33,924,0,37,156,Alto,2.0,0,0.006236188617441811,0,Aprobar,Bajo
CLI-101972,Lima,4902.58,1096.92,963,0,41,10,Alto,2.0,0,0.006813070499769933,0,Aprobar,Bajo
CLI-101973,Piura,3438.54,2130.79,499,0,58,323,Bajo,0.0,1,0.48218419011547453,1,Denegar/Revisar,Medio
CLI-101974,Lima,1025.0,3496.97,208,1,23,8,Alto,2.0,0,0.9708891428303447,1,Denegar/Revisar,Muy alto
CLI-101975,Cusco,4145.19,4833.66,584,0,48,81,Medio,1.0,1,0.3774663492596718,1,Denegar/Revisar,Medio
CLI-101976,Lima,6016.51,943.95,987,0,19,7,Alto,2.0,0,0.004078250083519216,0,Aprobar,Bajo
CLI-101977,Lima,1758.92,7248.68,455,0,41,62,Alto,2.0,0,0.8596072304051596,1,Denegar/Revisar,Muy alto
CLI-101978,Loreto,2652.41,7475.82,248,1,56,104,Medio,1.0,1,0.9722406561606328,1,Denegar/Revisar,Muy alto
CLI-101979,Loreto,5094.06,4031.42,978,0,45,81,Medio,1.0,1,0.0100908943944652,0,Aprobar,Bajo
CLI-101980,Lima,3655.12,10157.99,815,1,41,83,Alto,2.0,0,0.19929966917113356,0,Aprobar,Bajo
CLI-101981,Loreto,1574.15,6706.21,406,1,32,76,Medio,1.0,0,0.8967407669127155,1,Denegar/Revisar,Muy alto
CLI-101982,Lima,4954.18,1002.18,632,0,40,160,Alto,2.0,0,0.12909459221405192,0,Aprobar,Bajo
CLI-101983,Lima,2281.32,6411.38,159,1,36,43,Medio,1.0,0,0.9859674383274598,1,Denegar/Revisar,Muy alto
CLI-101984,Lima,2557.55,12247.67,534,0,30,92,Alto,2.0,0,0.8744993678920261,1,Denegar/Revisar,Muy alto
CLI-101985,Lima,3655.12,592.17,120,1,36,105,Medio,1.0,0,0.9556544868652158,1,Denegar/Revisar,Muy alto
CLI-101986,Arequipa,3464.69,12653.938750000001,974,0,41,29,Alto,2.0,0,0.08625915770234965,0,Aprobar,Bajo
CLI-101987,Lima,4210.66,101.24,481,0,31,50,Alto,2.0,0,0.3751434713407047,1,Denegar/Revisar,Medio
CLI-101988,Lima,2846.34,2953.98,344,1,30,96,Alto,2.0,0,0.8447498786505008,1,Denegar/Revisar,Muy alto
CLI-101989,Arequipa,3915.36,12653.938750000001,172,1,24,31,Alto,2.0,0,0.9936862726614432,1,Denegar/Revisar,Muy alto
CLI-101990,Arequipa,3638.81,6250.94,548,1,43,155,Alto,2.0,0,0.5726541888606469,1,Denegar/Revisar,Alto
CLI-101991,Lima,3895.5,5307.16,175,1,45,138,Medio,1.0,1,0.9705278945134808,1,Denegar/Revisar,Muy alto
CLI-101992,Piura,4744.69,3014.57,797,0,42,214,Medio,1.0,1,0.046454361481072744,0,Aprobar,Bajo
CLI-101993,Lima,1616.31,4210.32,689,0,49,102,Medio,1.0,1,0.26305665280378504,1,Denegar/Revisar,Medio
CLI-101994,Arequipa,5737.35,4814.99,489,0,41,114,Alto,2.0,0,0.5139859863246328,1,Denegar/Revisar,Alto
CLI-101995,Arequipa,4361.86,2729.14,676,0,44,185,Medio,1.0,1,0.13492732552996717,0,Aprobar,Bajo
CLI-101996,Cusco,4530.15,3622.24,441,1,43,225,Medio,1.0,1,0.6215158961060707,1,Denegar/Revisar,Alto
CLI-101997,Lima,5012.2,7492.78,389,0,39,65,Alto,2.0,0,0.8491335618994563,1,Denegar/Revisar,Muy alto
CLI-101998,Lima,5286.56,1500.98,667,0,34,39,Alto,2.0,0,0.09893579686921533,0,Aprobar,Bajo
CLI-101999,Lima,3170.85,2962.69,430,1,63,243,Bajo,0.0,1,0.6929159869570408,1,Denegar/Revisar,Alto
CLI-102000,Lima,4303.74,34.06,358,1,34,28,Medio,1.0,0,0.6386166678985508,1,Denegar/Revisar,Alto
CLI-102001,Lima,3655.12,4651.79,525,0,32,12,Medio,1.0,0,0.5320718714657167,1,Denegar/Revisar,Alto
CLI-102002,Cusco,4692.65,869.57,801,0,44,90,Alto,2.0,0,0.03042258974945361,0,Aprobar,Bajo
CLI-102003,Lima,5308.73,2623.42,105,1,42,172,Alto,2.0,0,0.9642515100853943,1,Denegar/Revisar,Muy alto
CLI-102004,Lima,3655.12,943.93,105,1,24,9,Alto,2.0,0,0.9652385904140501,1,Denegar/Revisar,Muy alto
CLI-102005,Arequipa,4453.18,95.26,290,0,52,128,Medio,1.0,1,0.7659375525404853,1,Denegar/Revisar,Muy alto
CLI-102006,Lima,5653.48,2640.56,247,1,39,65,Medio,1.0,0,0.8638804008215916,1,Denegar/Revisar,Muy alto
CLI-102007,Arequipa,4541.81,2212.38,504,0,27,76,Alto,2.0,0,0.4116926849163923,1,Denegar/Revisar,Medio
CLI-102008,Lima,3655.12,2214.58,357,1,52,156,Medio,1.0,1,0.7666958641488305,1,Denegar/Revisar,Muy alto
CLI-102009,Lima,1803.79,936.85,829,0,45,73,Medio,1.0,1,0.04401227850000806,0,Aprobar,Bajo
CLI-102010,Lima,2253.61,11765.32,578,0,25,34,Medio,1.0,0,0.8113431087597536,1,Denegar/Revisar,Muy alto
CLI-102011,Lima,5022.6,14.05,189,0,59,260,Bajo,0.0,1,0.8831066479074791,1,Denegar/Revisar,Muy alto
CLI-102012,Cusco,5786.53,8885.7,923,0,47,75,Medio,1.0,1,0.038957007749696654,0,Aprobar,Bajo
CLI-102013,Lima,5170.03,5340.91,963,0,39,16,Medio,1.0,0,0.014974046151085123,0,Aprobar,Bajo
CLI-102014,Piura,2321.08,755.32,109,1,56,137,Medio,1.0,1,0.9711839370144584,1,Denegar/Revisar,Muy alto
CLI-102015,Lima,3298.93,2556.09,186,1,41,192,Medio,1.0,1,0.9501996301370542,1,Denegar/Revisar,Muy alto
CLI-102016,Lima,6829.22,12653.938750000001,861,0,40,189,Medio,1.0,1,0.10723050470331943,0,Aprobar,Bajo
CLI-102017,Loreto,4221.15,4127.91,937,0,32,51,Alto,2.0,0,0.019078099504621446,0,Aprobar,Bajo
CLI-102018,Lima,4048.88,545.01,250,1,46,136,Alto,2.0,0,0.8566850625267083,1,Denegar/Revisar,Muy alto
CLI-102019,Arequipa,4957.47,2447.32,724,0,45,152,Medio,1.0,1,0.07543290433800649,0,Aprobar,Bajo
CLI-102020,Cusco,1759.22,2525.97,129,1,38,59,Bajo,0.0,1,0.9796229609586462,1,Denegar/Revisar,Muy alto
CLI-102021,Piura,2070.97,6483.28,227,1,30,35,Medio,1.0,0,0.9753576512673718,1,Denegar/Revisar,Muy alto
CLI-102022,Cusco,5144.52,9915.52,177,1,41,118,Alto,2.0,0,0.9851896862574928,1,Denegar/Revisar,Muy alto
CLI-102023,Lima,4395.19,343.28,520,0,39,132,Alto,2.0,0,0.2957183225203893,1,Denegar/Revisar,Medio
CLI-102024,Lima,1787.49,1507.73,154,1,24,29,Alto,2.0,0,0.9682205449110013,1,Denegar/Revisar,Muy alto
CLI-102025,Lima,3191.08,1417.78,579,0,23,42,Alto,2.0,0,0.28599421170587047,1,Denegar/Revisar,Medio
CLI-102026,Arequipa,1829.62,12653.938750000001,404,1,44,149,Medio,1.0,1,0.9653712802966067,1,Denegar/Revisar,Muy alto
CLI-102027,Cusco,5389.75,3276.9,645,0,18,0,Alto,2.0,0,0.16088983629597742,0,Aprobar,Bajo
CLI-102028,Lima,2530.35,8475.44,204,1,41,54,Alto,2.0,0,0.985890548288858,1,Denegar/Revisar,Muy alto
CLI-102029,Arequipa,2684.33,2220.73,271,0,33,99,Alto,2.0,0,0.9056420191836153,1,Denegar/Revisar,Muy alto
CLI-102030,Lima,4957.38,5130.96,598,0,54,255,Medio,1.0,1,0.3192272420862152,1,Denegar/Revisar,Medio
CLI-102031,Piura,1025.0,1350.77,121,1,33,32,Medio,1.0,0,0.9787830158773398,1,Denegar/Revisar,Muy alto
CLI-102032,Lima,3216.65,9711.96,386,1,46,186,Medio,1.0,1,0.9310404823129182,1,Denegar/Revisar,Muy alto
CLI-102033,Cusco,3463.65,2428.95,490,0,35,110,Medio,1.0,0,0.5079473440069605,1,Denegar/Revisar,Alto
CLI-102034,Piura,3503.59,6512.96,716,0,40,117,Alto,2.0,0,0.2320829776432744,1,Denegar/Revisar,Bajo
CLI-102035,Lima,2171.69,1181.87,248,1,47,229,Medio,1.0,1,0.9120067614969677,1,Denegar/Revisar,Muy alto
CLI-102036,Lima,2176.91,4731.51,371,1,33,125,Alto,2.0,0,0.8777661237341381,1,Denegar/Revisar,Muy alto
CLI-102037,Lima,4697.68,2077.84,887,0,50,91,Medio,1.0,1,0.01707510767355621,0,Aprobar,Bajo
CLI-102038,Lima,1780.87,127.78,398,0,27,53,Medio,1.0,0,0.689832134596395,1,Denegar/Revisar,Alto
CLI-102039,Lima,3283.78,2130.98,271,1,42,224,Alto,2.0,1,0.8912425748779246,1,Denegar/Revisar,Muy alto
CLI-102040,Loreto,1962.64,3194.22,146,1,48,199,Bajo,0.0,1,0.9782724433809045,1,Denegar/Revisar,Muy alto
CLI-102041,Piura,3220.39,658.37,725,0,46,163,Medio,1.0,1,0.07654894948792544,0,Aprobar,Bajo
CLI-102042,Piura,4567.49,812.94,886,0,60,314,Bajo,0.0,1,0.01417545863692952,0,Aprobar,Bajo
CLI-102043,Lima,3583.61,2500.93,915,0,31,12,Alto,2.0,0,0.01927976848189751,0,Aprobar,Bajo
CLI-102044,Loreto,5012.57,1678.64,306,1,24,26,Alto,2.0,0,0.7821920124696247,1,Denegar/Revisar,Muy alto
CLI-102045,Arequipa,3393.9,2324.57,552,1,28,55,Medio,1.0,0,0.36454744999671124,1,Denegar/Revisar,Medio
CLI-102046,Lima,5057.97,2470.88,494,1,47,150,Bajo,0.0,1,0.41864385412114946,1,Denegar/Revisar,Medio
CLI-102047,Arequipa,3063.11,603.65,853,0,44,101,Medio,1.0,1,0.024940641686683036,0,Aprobar,Bajo
CLI-102048,Piura,2123.85,799.64,400,0,40,117,Alto,2.0,0,0.7071033464325209,1,Denegar/Revisar,Alto
CLI-102049,Lima,1619.42,7539.85,807,0,26,36,Alto,2.0,0,0.19842376245642995,0,Aprobar,Bajo
CLI-102050,Lima,3311.76,710.38,775,0,47,223,Alto,2.0,1,0.05064385378048986,0,Aprobar,Bajo
CLI-102051,Lima,2701.09,4385.43,275,1,25,5,Alto,2.0,0,0.9356731378804057,1,Denegar/Revisar,Muy alto
CLI-102052,Lima,4523.54,2168.77,954,0,52,59,Bajo,0.0,1,0.010117338824442082,0,Aprobar,Bajo
CLI-102053,Cusco,5310.03,12653.938750000001,882,0,70,184,Bajo,0.0,1,0.12726648742930638,0,Aprobar,Bajo
CLI-102054,Loreto,3855.19,273.56,209,0,43,59,Alto,2.0,0,0.8966236090540544,1,Denegar/Revisar,Muy alto
CLI-102055,Arequipa,5769.46,7096.99,783,0,46,119,Alto,2.0,0,0.09730416116171746,0,Aprobar,Bajo
CLI-102056,Lima,3095.05,2704.76,963,0,33,86,Medio,1.0,0,0.01390391555118807,0,Aprobar,Bajo
CLI-102057,Lima,3148.24,21.47,301,1,19,6,Alto,2.0,0,0.8034540328152486,1,Denegar/Revisar,Muy alto
CLI-102058,Arequipa,1533.75,1224.25,267,1,32,121,Medio,1.0,0,0.910285822724641,1,Denegar/Revisar,Muy alto
CLI-102059,Piura,3660.39,2094.95,713,0,27,26,Alto,2.0,0,0.10547227465924734,0,Aprobar,Bajo
CLI-102060,Lima,3655.12,1508.65,185,1,23,19,Alto,2.0,0,0.9365920309095913,1,Denegar/Revisar,Muy alto
CLI-102061,Piura,2211.36,1800.49,753,0,57,242,Bajo,0.0,1,0.0962997178003626,0,Aprobar,Bajo
CLI-102062,Loreto,5427.32,9939.88,948,0,43,81,Medio,1.0,1,0.041722255579268085,0,Aprobar,Bajo
CLI-102063,Lima,3655.12,1790.99,824,0,43,161,Alto,2.0,0,0.03761202688336992,0,Aprobar,Bajo
CLI-102064,Lima,1460.91,2170.84,150,1,35,122,Alto,2.0,0,0.9751560413039694,1,Denegar/Revisar,Muy alto
CLI-102065,Arequipa,3576.49,5727.37,211,1,37,136,Medio,1.0,1,0.965090081701359,1,Denegar/Revisar,Muy alto
CLI-102066,Lima,3084.1,6316.29,562,1,49,123,Alto,2.0,0,0.575389106041506,1,Denegar/Revisar,Alto
CLI-102067,Lima,3400.25,351.35,541,0,39,105,Medio,1.0,1,0.2951128412131412,1,Denegar/Revisar,Medio
CLI-102068,Lima,2650.42,4870.53,370,0,44,138,Bajo,0.0,1,0.8699265577172645,1,Denegar/Revisar,Muy alto
CLI-102069,Lima,3514.69,2635.54,676,0,37,45,Alto,2.0,0,0.1620868472871566,0,Aprobar,Bajo
CLI-102070,Arequipa,5119.29,574.81,443,0,36,52,Medio,1.0,0,0.4248114326324905,1,Denegar/Revisar,Medio
CLI-102071,Piura,2945.29,1229.96,282,1,23,37,Alto,2.0,0,0.8685922492560654,1,Denegar/Revisar,Muy alto
CLI-102072,Lima,2801.5,184.32,602,1,18,1,Alto,2.0,0,0.21403555159772286,1,Denegar/Revisar,Bajo
CLI-102073,Loreto,4489.5,1786.63,943,0,36,70,Medio,1.0,0,0.010036568817808752,0,Aprobar,Bajo
CLI-102074,Loreto,1025.0,1179.67,109,1,39,196,Medio,1.0,1,0.9803136029221774,1,Denegar/Revisar,Muy alto
CLI-102075,Loreto,2460.66,1925.74,593,0,24,48,Medio,1.0,0,0.3083226891015015,1,Denegar/Revisar,Medio
CLI-102076,Lima,3655.12,3473.25,333,1,39,76,Alto,2.0,0,0.8480236905403701,1,Denegar/Revisar,Muy alto
CLI-102077,Lima,3075.98,5272.14,397,1,39,27,Medio,1.0,0,0.8312636327569217,1,Denegar/Revisar,Muy alto
CLI-102078,Cusco,2468.95,3719.04,343,1,18,1,Alto,2.0,0,0.8757215849723854,1,Denegar/Revisar,Muy alto
CLI-102079,Arequipa,3975.45,4537.5,608,0,29,22,Alto,2.0,0,0.32956962673648355,1,Denegar/Revisar,Medio
CLI-102080,Lima,4504.93,8028.9,450,1,44,211,Medio,1.0,1,0.7938080545995376,1,Denegar/Revisar,Muy alto
CLI-102081,Lima,5225.11,8280.32,366,1,44,101,Medio,1.0,1,0.8830888622308037,1,Denegar/Revisar,Muy alto
CLI-102082,Lima,3281.46,7885.06,729,1,26,66,Alto,2.0,0,0.2734423582880435,1,Denegar/Revisar,Medio
CLI-102083,Cusco,3367.97,665.02,755,0,41,111,Medio,1.0,1,0.05708396445141894,0,Aprobar,Bajo
CLI-102084,Piura,3660.39,1156.43,992,0,50,103,Medio,1.0,1,0.0067476120899970125,0,Aprobar,Bajo
CLI-102085,Lima,3655.12,2791.23,300,1,48,49,Bajo,0.0,1,0.8681523397555689,1,Denegar/Revisar,Muy alto
CLI-102086,Lima,3261.56,1777.28,338,1,38,40,Medio,1.0,0,0.7968877403872209,1,Denegar/Revisar,Muy alto
CLI-102087,Arequipa,6614.82,564.73,433,1,35,32,Alto,2.0,0,0.3728719520654746,1,Denegar/Revisar,Medio
CLI-102088,Loreto,3286.49,1357.31,514,1,32,74,Alto,2.0,0,0.4157919275250676,1,Denegar/Revisar,Medio
CLI-102089,Lima,6311.23,12653.938750000001,583,1,45,179,Bajo,0.0,1,0.6563822657662066,1,Denegar/Revisar,Alto
CLI-102090,Arequipa,2232.45,1704.26,536,0,41,65,Alto,2.0,0,0.4430978380806311,1,Denegar/Revisar,Medio
CLI-102091,Cusco,1105.23,2171.43,345,1,45,110,Medio,1.0,1,0.8681714545546384,1,Denegar/Revisar,Muy alto
CLI-102092,Lima,4261.86,25.69,957,0,41,66,Medio,1.0,0,0.0064204381261758385,0,Aprobar,Bajo
CLI-102093,Piura,4423.08,5083.51,107,1,48,134,Bajo,0.0,1,0.9820336630002943,1,Denegar/Revisar,Muy alto
CLI-102094,Lima,2286.53,2134.67,251,1,39,97,Medio,1.0,0,0.923070386422437,1,Denegar/Revisar,Muy alto
CLI-102095,Arequipa,2557.19,435.42,491,0,47,78,Bajo,0.0,1,0.4626264401014796,1,Denegar/Revisar,Medio
CLI-102096,Piura,3660.39,12653.938750000001,310,1,49,51,Medio,1.0,1,0.9777913773339767,1,Denegar/Revisar,Muy alto
CLI-102097,Piura,4489.65,6010.11,466,1,30,39,Alto,2.0,0,0.692882404996141,1,Denegar/Revisar,Alto
CLI-102098,Arequipa,3638.81,5180.7,769,0,19,1,Alto,2.0,0,0.1185217658979188,0,Aprobar,Bajo
CLI-102099,Lima,2561.67,12653.938750000001,669,1,56,113,Medio,1.0,1,0.6619578902043123,1,Denegar/Revisar,Alto
CLI-102100,Cusco,4113.94,2093.48,185,1,42,139,Alto,2.0,0,0.9375966133189018,1,Denegar/Revisar,Muy alto
CLI-102101,Piura,3660.39,5070.97,154,1,20,4,Alto,2.0,0,0.9766732787746426,1,Denegar/Revisar,Muy alto
CLI-102102,Lima,3655.12,923.73,812,0,31,90,Medio,1.0,0,0.0338572352727658,0,Aprobar,Bajo
CLI-102103,Arequipa,5003.74,4777.68,733,0,48,226,Alto,2.0,1,0.11198482298079822,0,Aprobar,Bajo
CLI-102104,Arequipa,1025.0,56.72,545,1,35,84,Medio,1.0,0,0.39669218394542743,1,Denegar/Revisar,Medio
CLI-102105,Lima,3961.35,540.1,719,0,33,48,Bajo,0.0,1,0.06963367400159912,0,Aprobar,Bajo
CLI-102106,Loreto,1025.0,2215.34,403,1,53,287,Medio,1.0,1,0.7971678188202159,1,Denegar/Revisar,Muy alto
CLI-102107,Cusco,1154.37,48.67,231,0,26,81,Bajo,0.0,0,0.9264292999129783,1,Denegar/Revisar,Muy alto
CLI-102108,Lima,3655.12,2479.33,520,1,30,28,Alto,2.0,0,0.4390691126675598,1,Denegar/Revisar,Medio
CLI-102109,Cusco,1566.32,2959.21,484,1,40,91,Medio,1.0,0,0.6548260205338595,1,Denegar/Revisar,Alto
CLI-102110,Lima,6421.24,3887.28,297,1,44,88,Alto,2.0,0,0.817943485568991,1,Denegar/Revisar,Muy alto
CLI-102111,Lima,4088.09,423.16,146,1,45,83,Alto,2.0,0,0.9387051336077713,1,Denegar/Revisar,Muy alto
CLI-102112,Lima,6229.16,798.74,839,0,50,301,Medio,1.0,1,0.014370198894861057,0,Aprobar,Bajo
CLI-102113,Loreto,4001.57,3800.25,856,0,41,161,Medio,1.0,1,0.03780305918038808,0,Aprobar,Bajo
CLI-102114,Arequipa,3638.81,4293.97,302,1,44,103,Alto,2.0,0,0.8990850669332481,1,Denegar/Revisar,Muy alto
CLI-102115,Lima,5591.09,104.97,360,0,37,51,Medio,1.0,0,0.5663216549806539,1,Denegar/Revisar,Alto
CLI-102116,Lima,4728.6,3109.31,789,0,40,179,Medio,1.0,1,0.05103168603040887,0,Aprobar,Bajo
CLI-102117,Piura,3664.36,6148.13,123,1,40,116,Alto,2.0,0,0.9859629573688113,1,Denegar/Revisar,Muy alto
CLI-102118,Lima,3655.12,286.42,786,0,41,46,Medio,1.0,0,0.03762096928562605,0,Aprobar,Bajo
CLI-102119,Loreto,2896.28,2132.1,885,0,47,202,Medio,1.0,1,0.02647585029485548,0,Aprobar,Bajo
CLI-102120,Loreto,3769.56,1581.14,439,1,45,284,Medio,1.0,1,0.5646823692894442,1,Denegar/Revisar,Alto
CLI-102121,Piura,4081.45,9798.11,511,1,40,5,Alto,2.0,0,0.783499979878991,1,Denegar/Revisar,Muy alto
CLI-102122,Cusco,1724.36,822.21,360,1,29,27,Medio,1.0,0,0.788444400515567,1,Denegar/Revisar,Muy alto
CLI-102123,Lima,3655.12,1533.02,385,1,40,168,Medio,1.0,1,0.6863580259067573,1,Denegar/Revisar,Alto
CLI-102124,Cusco,1891.5,9148.61,612,1,38,99,Alto,2.0,0,0.6703366123361719,1,Denegar/Revisar,Alto
CLI-102125,Arequipa,2890.75,1605.81,185,1,41,69,Alto,2.0,0,0.9473769621172675,1,Denegar/Revisar,Muy alto
CLI-102126,Piura,2241.77,3031.57,949,0,63,349,Bajo,0.0,1,0.02135770204265902,0,Aprobar,Bajo
CLI-102127,Lima,5549.99,134.37,529,0,34,62,Alto,2.0,0,0.22023801570358592,1,Denegar/Revisar,Bajo
CLI-102128,Loreto,3393.17,12653.938750000001,680,1,44,110,Medio,1.0,1,0.592883570058982,1,Denegar/Revisar,Alto
CLI-102129,Lima,1719.65,6970.66,130,1,50,259,Medio,1.0,1,0.9916136743490215,1,Denegar/Revisar,Muy alto
CLI-102130,Lima,2399.39,4024.87,809,0,40,63,Alto,2.0,0,0.08800543535321692,0,Aprobar,Bajo
CLI-102131,Lima,2041.02,250.72,702,0,64,232,Medio,1.0,1,0.11038117087680517,0,Aprobar,Bajo
CLI-102132,Piura,4232.62,311.28,539,0,35,32,Bajo,0.0,1,0.2659941976465047,1,Denegar/Revisar,Medio
CLI-102133,Piura,4901.7,12653.938750000001,448,1,43,55,Bajo,0.0,1,0.9038454691821505,1,Denegar/Revisar,Muy alto
CLI-102134,Arequipa,5843.6,1342.25,994,0,31,61,Medio,1.0,0,0.004160660515656354,0,Aprobar,Bajo
CLI-102135,Loreto,5616.89,3899.81,511,1,36,126,Bajo,0.0,1,0.42171390464795433,1,Denegar/Revisar,Medio
CLI-102136,Lima,6376.27,3647.13,627,0,43,235,Alto,2.0,1,0.16335236084727242,0,Aprobar,Bajo
CLI-102137,Arequipa,4754.89,7296.75,409,1,49,146,Bajo,0.0,1,0.8261397551156462,1,Denegar/Revisar,Muy alto
CLI-102138,Lima,2735.66,1321.67,495,0,42,68,Medio,1.0,0,0.48000332263904544,1,Denegar/Revisar,Medio
CLI-102139,Loreto,4528.22,3449.71,887,0,53,214,Bajo,0.0,1,0.02447347972253352,0,Aprobar,Bajo
CLI-102140,Loreto,1025.0,6008.86,437,1,37,21,Bajo,0.0,1,0.8686820520011497,1,Denegar/Revisar,Muy alto
CLI-102141,Piura,5002.37,2699.45,773,0,36,179,Alto,2.0,0,0.052928407915315244,0,Aprobar,Bajo
CLI-102142,Arequipa,3795.9,7103.0,536,0,69,229,Bajo,0.0,1,0.6338455661256828,1,Denegar/Revisar,Alto
CLI-102143,Lima,6498.84,562.92,803,0,44,25,Alto,2.0,0,0.01862757791190905,0,Aprobar,Bajo
CLI-102144,Lima,2908.96,5295.5,762,0,31,42,Alto,2.0,0,0.14839596527832535,0,Aprobar,Bajo
CLI-102145,Loreto,4201.27,11457.56,464,0,32,48,Alto,2.0,0,0.8859203210696245,1,Denegar/Revisar,Muy alto
CLI-102146,Lima,1418.98,1613.17,212,1,28,61,Bajo,0.0,0,0.9516773867717226,1,Denegar/Revisar,Muy alto
CLI-102147,Lima,4102.95,1824.95,884,0,49,226,Medio,1.0,1,0.019073966739352504,0,Aprobar,Bajo
CLI-102148,Lima,1025.0,348.99,275,1,34,125,Alto,2.0,0,0.9014797048327149,1,Denegar/Revisar,Muy alto
CLI-102149,Loreto,5030.07,4103.23,248,1,41,113,Alto,2.0,0,0.9113761295412942,1,Denegar/Revisar,Muy alto
CLI-102150,Lima,4632.97,12653.938750000001,277,1,39,65,Medio,1.0,0,0.9795418773842562,1,Denegar/Revisar,Muy alto
CLI-102151,Lima,2752.97,164.73,481,1,47,67,Bajo,0.0,1,0.4604428768518,1,Denegar/Revisar,Medio
CLI-102152,Arequipa,3536.75,5580.73,322,1,30,68,Alto,2.0,0,0.9084545670492041,1,Denegar/Revisar,Muy alto
CLI-102153,Loreto,3273.73,7071.03,358,1,27,43,Alto,2.0,0,0.9115701898583706,1,Denegar/Revisar,Muy alto
CLI-102154,Lima,3349.41,9505.77,884,0,41,147,Medio,1.0,1,0.10496441349333673,0,Aprobar,Bajo
CLI-102155,Lima,3260.79,3156.29,288,1,45,76,Alto,2.0,0,0.897144057970641,1,Denegar/Revisar,Muy alto
CLI-102156,Lima,2645.84,2410.16,405,0,42,236,Alto,2.0,1,0.7414363389577425,1,Denegar/Revisar,Alto
CLI-102157,Lima,4924.51,8354.32,477,1,31,84,Alto,2.0,0,0.7511204896995176,1,Denegar/Revisar,Muy alto
CLI-102158,Lima,3585.79,2034.62,701,0,46,98,Bajo,0.0,1,0.11704582550001333,0,Aprobar,Bajo
CLI-102159,Arequipa,6969.8,4261.98,442,1,32,118,Medio,1.0,0,0.5138986004015935,1,Denegar/Revisar,Alto
CLI-102160,Arequipa,4129.23,3821.81,873,0,33,96,Medio,1.0,0,0.0316341321508582,0,Aprobar,Bajo
CLI-102161,Piura,3179.16,1861.89,255,1,28,72,Alto,2.0,0,0.9021229768692302,1,Denegar/Revisar,Muy alto
CLI-102162,Lima,4914.24,363.6,811,0,54,77,Alto,2.0,1,0.023805263957280758,0,Aprobar,Bajo
CLI-102163,Loreto,4063.58,86.59,154,1,46,133,Alto,2.0,0,0.9301091359142406,1,Denegar/Revisar,Muy alto
CLI-102164,Lima,4346.96,2236.13,865,0,46,325,Medio,1.0,1,0.02339131104797207,0,Aprobar,Bajo
CLI-102165,Cusco,4341.57,2624.96,541,1,53,112,Medio,1.0,1,0.3522981920451295,1,Denegar/Revisar,Medio
CLI-102166,Piura,4342.21,6919.16,784,0,70,101,Bajo,0.0,1,0.12528601094846883,0,Aprobar,Bajo
CLI-102167,Lima,1930.13,2140.55,299,1,20,13,Alto,2.0,0,0.8963171063769987,1,Denegar/Revisar,Muy alto
CLI-102168,Arequipa,1931.77,1320.47,502,1,30,53,Medio,1.0,0,0.5101454624904238,1,Denegar/Revisar,Alto
CLI-102169,Lima,4974.87,2480.3,713,0,33,39,Medio,1.0,0,0.0831753597451463,0,Aprobar,Bajo
CLI-102170,Arequipa,6567.85,1087.18,896,0,31,48,Alto,2.0,0,0.008645551494457896,0,Aprobar,Bajo
CLI-102171,Lima,1577.57,383.23,762,0,26,19,Medio,1.0,0,0.07486994279632031,0,Aprobar,Bajo
CLI-102172,Lima,1792.16,479.84,722,0,35,55,Bajo,0.0,1,0.1062287285043763,0,Aprobar,Bajo
CLI-102173,Loreto,3600.67,1537.68,877,0,26,16,Alto,2.0,0,0.022310367422355846,0,Aprobar,Bajo
CLI-102174,Lima,5066.72,51.03,702,0,43,173,Alto,2.0,1,0.05772362018421713,0,Aprobar,Bajo
CLI-102175,Loreto,4339.9,11938.66,276,1,40,102,Alto,2.0,0,0.9798217902068964,1,Denegar/Revisar,Muy alto
CLI-102176,Lima,2131.49,6195.69,548,0,44,37,Medio,1.0,0,0.6438925536112534,1,Denegar/Revisar,Alto
CLI-102177,Piura,7492.68,1069.52,842,0,46,234,Medio,1.0,1,0.011071235092378862,0,Aprobar,Bajo
CLI-102178,Arequipa,3202.55,469.42,640,0,45,114,Bajo,0.0,1,0.15576345939684483,0,Aprobar,Bajo
CLI-102179,Piura,5453.47,11910.04,400,1,36,32,Alto,2.0,0,0.9209335910049974,1,Denegar/Revisar,Muy alto
CLI-102180,Lima,5324.81,3896.42,806,0,63,362,Bajo,0.0,1,0.046706463362098105,0,Aprobar,Bajo
CLI-102181,Lima,1874.85,247.61,406,0,41,160,Alto,2.0,0,0.682713369249326,1,Denegar/Revisar,Alto
CLI-102182,Lima,3572.95,257.06,850,0,18,0,Alto,2.0,0,0.02207745911881353,0,Aprobar,Bajo
CLI-102183,Lima,3127.37,3788.26,968,0,28,19,Alto,2.0,0,0.01714618054033729,0,Aprobar,Bajo
CLI-102184,Arequipa,2473.52,3107.24,995,0,19,4,Alto,2.0,0,0.013465475056080237,0,Aprobar,Bajo
CLI-102185,Cusco,2852.17,283.3,366,0,39,158,Alto,2.0,0,0.7155028345635831,1,Denegar/Revisar,Alto
CLI-102186,Loreto,1328.1,1016.04,313,0,37,108,Medio,1.0,0,0.8686823348678637,1,Denegar/Revisar,Muy alto
CLI-102187,Arequipa,3623.58,10582.72,693,1,34,48,Medio,1.0,0,0.45321771661555665,1,Denegar/Revisar,Medio
CLI-102188,Arequipa,6877.44,3394.63,739,0,62,77,Bajo,0.0,1,0.054486864531421056,0,Aprobar,Bajo
CLI-102189,Arequipa,3638.81,2321.6,582,1,45,101,Medio,1.0,1,0.29016896623582167,1,Denegar/Revisar,Medio
CLI-102190,Lima,2386.31,1151.56,361,1,46,149,Bajo,0.0,1,0.7791344839696336,1,Denegar/Revisar,Muy alto
CLI-102191,Cusco,3560.7650000000003,574.09,166,1,29,57,Medio,1.0,0,0.9344374977586686,1,Denegar/Revisar,Muy alto
CLI-102192,Arequipa,3244.32,2060.89,673,0,28,93,Alto,2.0,0,0.15799001407264102,0,Aprobar,Bajo
CLI-102193,Piura,6070.7,10223.03,232,1,40,70,Alto,2.0,0,0.9715733918844872,1,Denegar/Revisar,Muy alto
CLI-102194,Lima,2363.47,199.75,748,0,40,56,Alto,2.0,0,0.07139358610350001,0,Aprobar,Bajo
CLI-102195,Lima,3775.35,12653.938750000001,639,1,19,2,Alto,2.0,0,0.6704709008708784,1,Denegar/Revisar,Alto
CLI-102196,Lima,4420.04,931.83,611,0,37,171,Alto,2.0,0,0.1675761979314239,0,Aprobar,Bajo
CLI-102197,Loreto,4943.23,2102.18,310,1,40,48,Bajo,0.0,1,0.7935565313636712,1,Denegar/Revisar,Muy alto
CLI-102198,Piura,3632.99,184.39,816,0,37,150,Alto,2.0,0,0.029278041428258888,0,Aprobar,Bajo
CLI-102199,Lima,1759.99,3515.81,352,1,29,70,Medio,1.0,0,0.8755777062245402,1,Denegar/Revisar,Muy alto
CLI-102200,Cusco,3208.25,2643.15,137,1,33,52,Alto,2.0,0,0.9702932121920759,1,Denegar/Revisar,Muy alto
CLI-102201,Lima,4756.0,4394.93,142,1,37,72,Medio,1.0,0,0.9680664255007899,1,Denegar/Revisar,Muy alto
CLI-102202,Lima,3546.68,3129.47,728,0,40,89,Medio,1.0,0,0.11183006490099412,0,Aprobar,Bajo
CLI-102203,Lima,2248.87,2031.17,504,1,45,160,Bajo,0.0,1,0.5341511148169839,1,Denegar/Revisar,Alto
CLI-102204,Arequipa,3638.81,5353.93,801,0,51,247,Bajo,0.0,1,0.09362904827505064,0,Aprobar,Bajo
CLI-102205,Cusco,1025.0,101.36,145,1,35,134,Bajo,0.0,1,0.9671051989414521,1,Denegar/Revisar,Muy alto
CLI-102206,Lima,3278.01,3115.07,553,1,34,46,Medio,1.0,0,0.4082443016582376,1,Denegar/Revisar,Medio
CLI-102207,Loreto,5821.04,483.59,777,0,45,262,Alto,2.0,1,0.027122848431762343,0,Aprobar,Bajo
CLI-102208,Lima,4620.27,2290.86,404,1,46,106,Medio,1.0,1,0.6320450114154323,1,Denegar/Revisar,Alto
CLI-102209,Cusco,3912.2,6264.08,814,1,34,124,Medio,1.0,0,0.09097649678387248,0,Aprobar,Bajo
CLI-102210,Arequipa,5652.99,614.75,332,1,48,102,Alto,2.0,0,0.6595526089868852,1,Denegar/Revisar,Alto
CLI-102211,Loreto,6052.81,10983.65,344,1,51,208,Medio,1.0,1,0.9313256749435002,1,Denegar/Revisar,Muy alto
CLI-102212,Lima,5136.13,12653.938750000001,820,1,54,309,Alto,2.0,1,0.213596590844212,1,Denegar/Revisar,Bajo
CLI-102213,Cusco,2016.34,2143.92,859,0,58,239,Medio,1.0,1,0.04092973428667171,0,Aprobar,Bajo
CLI-102214,Arequipa,1025.0,23.97,394,0,28,92,Bajo,0.0,1,0.7366854191463221,1,Denegar/Revisar,Alto
CLI-102215,Lima,6451.24,6237.73,938,0,40,31,Alto,2.0,0,0.01761479707921394,0,Aprobar,Bajo
CLI-102216,Loreto,3831.09,8511.03,482,1,39,75,Alto,2.0,0,0.7932301737867142,1,Denegar/Revisar,Muy alto
CLI-102217,Lima,5467.33,768.22,257,0,39,80,Alto,2.0,0,0.8085101173404478,1,Denegar/Revisar,Muy alto
CLI-102218,Loreto,1499.98,9916.92,504,1,31,108,Medio,1.0,0,0.8740733172679841,1,Denegar/Revisar,Muy alto
CLI-102219,Lima,3655.12,9818.16,100,1,23,30,Alto,2.0,0,0.9947532202776229,1,Denegar/Revisar,Muy alto
CLI-102220,Arequipa,4675.79,2549.27,316,0,40,74,Medio,1.0,0,0.803482878424068,1,Denegar/Revisar,Muy alto
CLI-102221,Piura,2617.32,6398.64,606,0,30,43,Alto,2.0,0,0.5042045586179905,1,Denegar/Revisar,Alto
CLI-102222,Lima,5742.18,2354.77,860,0,41,235,Medio,1.0,1,0.018279761884439562,0,Aprobar,Bajo
CLI-102223,Lima,3675.83,3320.88,680,0,30,48,Medio,1.0,0,0.16638795809511417,0,Aprobar,Bajo
CLI-102224,Lima,2800.09,1541.7,129,1,27,37,Alto,2.0,0,0.9684269706651647,1,Denegar/Revisar,Muy alto
CLI-102225,Lima,2176.55,694.89,726,1,41,29,Medio,1.0,0,0.09538044365170102,0,Aprobar,Bajo
CLI-102226,Lima,4115.08,5490.14,619,0,41,112,Bajo,0.0,1,0.34422140686302655,1,Denegar/Revisar,Medio
CLI-102227,Piura,7749.18,5.58,980,0,47,108,Alto,2.0,0,0.0023936075692935236,0,Aprobar,Bajo
CLI-102228,Lima,3830.03,3465.74,374,1,63,273,Bajo,0.0,1,0.7845523962295924,1,Denegar/Revisar,Muy alto
CLI-102229,Lima,2494.41,8000.63,591,0,42,138,Bajo,0.0,1,0.6281688225192414,1,Denegar/Revisar,Alto
CLI-102230,Arequipa,6445.31,1000.4,926,0,45,87,Bajo,0.0,1,0.006604709791544192,0,Aprobar,Bajo
CLI-102231,Lima,3249.64,1619.26,946,0,27,89,Alto,2.0,0,0.01301260453521125,0,Aprobar,Bajo
CLI-102232,Cusco,5351.65,3541.94,135,1,26,41,Alto,2.0,0,0.9607377036286097,1,Denegar/Revisar,Muy alto
CLI-102233,Loreto,1407.56,1134.07,410,0,56,243,Bajo,0.0,1,0.7358257634607174,1,Denegar/Revisar,Alto
CLI-102234,Arequipa,3195.06,7522.02,143,1,29,56,Alto,2.0,0,0.9886075270649802,1,Denegar/Revisar,Muy alto
CLI-102235,Piura,5297.47,1826.63,254,1,28,13,Alto,2.0,0,0.8495960490204193,1,Denegar/Revisar,Muy alto
CLI-102236,Loreto,1551.77,3485.4,176,1,38,32,Alto,2.0,0,0.9754601932717807,1,Denegar/Revisar,Muy alto
CLI-102237,Lima,4002.74,1025.36,689,0,38,138,Alto,2.0,0,0.0981431835432497,0,Aprobar,Bajo
CLI-102238,Lima,5659.93,169.07,712,0,30,32,Alto,2.0,0,0.047463732214442264,0,Aprobar,Bajo
CLI-102239,Lima,3655.12,763.19,537,0,36,60,Alto,2.0,0,0.31716317433710656,1,Denegar/Revisar,Medio
CLI-102240,Arequipa,4952.33,189.2,531,0,53,212,Bajo,0.0,1,0.2436484233547054,1,Denegar/Revisar,Bajo
CLI-102241,Lima,3650.11,2528.99,641,0,30,84,Medio,1.0,0,0.19672988030579888,0,Aprobar,Bajo
CLI-102242,Piura,4938.93,3533.72,138,0,24,36,Medio,1.0,0,0.9617585620255866,1,Denegar/Revisar,Muy alto
CLI-102243,Cusco,1934.75,182.82,338,1,49,247,Alto,2.0,1,0.7984422835752528,1,Denegar/Revisar,Muy alto
CLI-102244,Loreto,3600.67,379.36,112,1,44,77,Bajo,0.0,1,0.9589719980566822,1,Denegar/Revisar,Muy alto
CLI-102245,Piura,2127.45,2658.43,221,1,32,49,Alto,2.0,0,0.9503696005986124,1,Denegar/Revisar,Muy alto
CLI-102246,Lima,3655.12,6421.38,243,1,22,15,Alto,2.0,0,0.9603064874186833,1,Denegar/Revisar,Muy alto
CLI-102247,Loreto,3756.27,3955.54,783,0,31,45,Alto,2.0,0,0.08137367848190762,0,Aprobar,Bajo
CLI-102248,Piura,2905.13,442.43,554,0,38,26,Alto,2.0,0,0.30575836352200475,1,Denegar/Revisar,Medio
CLI-102249,Lima,1025.0,8740.71,467,1,51,22,Bajo,0.0,1,0.898881354129314,1,Denegar/Revisar,Muy alto
CLI-102250,Lima,4073.57,12653.938750000001,858,1,28,80,Alto,2.0,0,0.19571482815681268,0,Aprobar,Bajo
CLI-102251,Cusco,3539.7,1571.91,346,1,38,112,Medio,1.0,1,0.765665649384229,1,Denegar/Revisar,Muy alto
CLI-102252,Arequipa,3638.81,3828.64,144,1,46,115,Alto,2.0,0,0.972641992731536,1,Denegar/Revisar,Muy alto
CLI-102253,Loreto,4658.24,2711.67,864,0,18,1,Alto,2.0,0,0.025193311964897595,0,Aprobar,Bajo
CLI-102254,Loreto,3575.42,11390.89,474,1,50,79,Bajo,0.0,1,0.8896395913828673,1,Denegar/Revisar,Muy alto
CLI-102255,Piura,1207.01,2843.2,390,1,25,41,Alto,2.0,0,0.8347235976162584,1,Denegar/Revisar,Muy alto
CLI-102256,Piura,2660.72,12653.938750000001,306,1,42,136,Medio,1.0,1,0.9829482689517912,1,Denegar/Revisar,Muy alto
CLI-102257,Lima,3906.85,889.29,618,0,42,76,Alto,2.0,0,0.17386604784217027,0,Aprobar,Bajo
CLI-102258,Lima,2826.24,1695.76,341,1,51,187,Bajo,0.0,1,0.8116996328660252,1,Denegar/Revisar,Muy alto
CLI-102259,Lima,1702.81,6081.04,721,0,44,228,Medio,1.0,1,0.2778137125604042,1,Denegar/Revisar,Medio
CLI-102260,Arequipa,4760.67,6122.71,213,1,18,0,Alto,2.0,0,0.9588251849797802,1,Denegar/Revisar,Muy alto
CLI-102261,Piura,2877.77,5269.81,918,0,30,17,Alto,2.0,0,0.03883434448765479,0,Aprobar,Bajo
CLI-102262,Loreto,1438.71,7853.37,401,0,40,37,Medio,1.0,0,0.9228788093262392,1,Denegar/Revisar,Muy alto
CLI-102263,Lima,3311.23,4849.99,375,1,37,100,Medio,1.0,0,0.8398683432274711,1,Denegar/Revisar,Muy alto
CLI-102264,Piura,2416.36,12653.938750000001,195,1,44,87,Alto,2.0,0,0.9944630900200242,1,Denegar/Revisar,Muy alto
CLI-102265,Piura,4188.16,2456.79,393,1,48,229,Bajo,0.0,1,0.6938078493632743,1,Denegar/Revisar,Alto
CLI-102266,Piura,5408.98,2517.59,800,0,46,171,Medio,1.0,1,0.03526516019304854,0,Aprobar,Bajo
CLI-102267,Arequipa,4498.85,2084.59,459,0,37,138,Alto,2.0,0,0.5120347128431249,1,Denegar/Revisar,Alto
CLI-102268,Lima,3271.33,3872.57,387,1,19,4,Medio,1.0,0,0.7937238696772949,1,Denegar/Revisar,Muy alto
CLI-102269,Piura,3835.95,2087.98,253,1,34,99,Medio,1.0,0,0.8905783067751298,1,Denegar/Revisar,Muy alto
CLI-102270,Lima,1497.98,638.3,669,0,43,115,Bajo,0.0,1,0.1778558416994299,0,Aprobar,Bajo
CLI-102271,Lima,5185.54,450.57,522,0,28,87,Alto,2.0,0,0.25974984179063776,1,Denegar/Revisar,Medio
CLI-102272,Lima,3790.76,10333.02,949,0,46,204,Medio,1.0,1,0.06412140601824905,0,Aprobar,Bajo
CLI-102273,Arequipa,3638.81,100.2,149,1,49,126,Bajo,0.0,1,0.9391583850993024,1,Denegar/Revisar,Muy alto
CLI-102274,Cusco,4799.2,445.82,306,1,41,206,Medio,1.0,1,0.7367531423482784,1,Denegar/Revisar,Alto
CLI-102275,Piura,3530.07,2357.35,663,0,18,0,Alto,2.0,0,0.1703499253565391,0,Aprobar,Bajo
CLI-102276,Arequipa,4438.12,1220.27,953,0,25,67,Alto,2.0,0,0.008539782862056524,0,Aprobar,Bajo
CLI-102277,Piura,3660.39,2082.49,982,0,60,223,Bajo,0.0,1,0.009341212397791083,0,Aprobar,Bajo
CLI-102278,Piura,1025.0,499.75,761,0,32,21,Medio,1.0,0,0.08690898904957199,0,Aprobar,Bajo
CLI-102279,Lima,3587.65,561.22,664,0,18,0,Bajo,0.0,0,0.12076478676899745,0,Aprobar,Bajo
CLI-102280,Lima,5676.14,6450.93,312,1,53,247,Alto,2.0,1,0.8885547858295628,1,Denegar/Revisar,Muy alto
CLI-102281,Lima,4097.28,5693.64,165,1,39,65,Alto,2.0,0,0.9749493317862409,1,Denegar/Revisar,Muy alto
CLI-102282,Lima,1905.43,440.39,331,0,50,198,Bajo,0.0,1,0.818088696783836,1,Denegar/Revisar,Muy alto
CLI-102283,Lima,4939.71,4407.96,984,0,43,64,Alto,2.0,0,0.011113196950751936,0,Aprobar,Bajo
CLI-102284,Lima,2854.96,3759.38,910,0,44,85,Medio,1.0,1,0.02971420054518153,0,Aprobar,Bajo
CLI-102285,Lima,3885.8,4998.15,949,0,43,178,Bajo,0.0,1,0.022076345562443547,0,Aprobar,Bajo
CLI-102286,Cusco,4524.76,2573.23,762,0,47,147,Medio,1.0,1,0.06090748511775691,0,Aprobar,Bajo
CLI-102287,Lima,4896.74,1258.77,816,0,65,123,Bajo,0.0,1,0.02745008593749223,0,Aprobar,Bajo
CLI-102288,Lima,4432.13,4358.76,419,0,50,117,Alto,2.0,1,0.7148661454435508,1,Denegar/Revisar,Alto
CLI-102289,Lima,6082.68,1856.77,866,0,23,38,Alto,2.0,0,0.014986656921145024,0,Aprobar,Bajo
CLI-102290,Piura,1181.41,988.48,236,1,43,181,Alto,2.0,1,0.9357391581162671,1,Denegar/Revisar,Muy alto
CLI-102291,Lima,4496.03,2101.25,980,0,52,203,Alto,2.0,1,0.007883142995389442,0,Aprobar,Bajo
CLI-102292,Lima,3655.12,5763.34,746,0,52,256,Bajo,0.0,1,0.1582265422180049,0,Aprobar,Bajo
CLI-102293,Piura,3231.72,2583.48,665,0,34,106,Alto,2.0,0,0.18468454138675194,0,Aprobar,Bajo
CLI-102294,Lima,1696.34,1425.92,164,1,51,110,Medio,1.0,1,0.9640225329177828,1,Denegar/Revisar,Muy alto
CLI-102295,Lima,4475.11,7132.04,613,1,50,218,Medio,1.0,1,0.4101047187367444,1,Denegar/Revisar,Medio
CLI-102296,Lima,4541.53,8536.22,231,1,68,292,Medio,1.0,1,0.9707188050585639,1,Denegar/Revisar,Muy alto
CLI-102297,Lima,5026.52,2271.35,433,1,31,121,Alto,2.0,0,0.5520730425619228,1,Denegar/Revisar,Alto
CLI-102298,Lima,1104.24,1878.02,131,1,32,119,Medio,1.0,0,0.9787653939012628,1,Denegar/Revisar,Muy alto
CLI-102299,Lima,4249.05,3794.21,967,0,36,78,Alto,2.0,0,0.013409064628719514,0,Aprobar,Bajo
CLI-102300,Loreto,2794.65,238.89,997,0,33,12,Medio,1.0,0,0.00648612056068089,0,Aprobar,Bajo
CLI-102301,Piura,2692.66,4701.84,971,0,29,61,Alto,2.0,0,0.02224761305906072,0,Aprobar,Bajo
CLI-102302,Piura,2701.4,6098.32,597,0,18,0,Alto,2.0,0,0.5045781649530185,1,Denegar/Revisar,Alto
CLI-102303,Lima,3698.95,2026.28,342,1,34,107,Medio,1.0,0,0.7825389192128531,1,Denegar/Revisar,Muy alto
CLI-102304,Cusco,3860.37,767.63,291,1,43,62,Alto,2.0,0,0.8167027959499938,1,Denegar/Revisar,Muy alto
CLI-102305,Lima,3963.34,116.97,241,0,34,115,Medio,1.0,0,0.8536379548290971,1,Denegar/Revisar,Muy alto
CLI-102306,Lima,4906.54,4056.12,759,0,61,383,Bajo,0.0,1,0.07985221517638973,0,Aprobar,Bajo
CLI-102307,Piura,2628.22,1253.33,700,0,39,87,Alto,2.0,0,0.12410400431258732,0,Aprobar,Bajo
CLI-102308,Lima,5594.14,2493.66,660,0,54,322,Alto,2.0,1,0.11866104617599431,0,Aprobar,Bajo
CLI-102309,Lima,5198.92,1953.36,747,0,42,65,Medio,1.0,0,0.05304123696192274,0,Aprobar,Bajo
CLI-102310,Piura,2460.96,768.93,290,1,48,302,Bajo,0.0,1,0.8615881670045451,1,Denegar/Revisar,Muy alto
CLI-102311,Loreto,2433.62,2840.1,248,1,42,148,Alto,2.0,0,0.9350076756805873,1,Denegar/Revisar,Muy alto
CLI-102312,Lima,2909.69,2461.73,698,0,54,244,Bajo,0.0,1,0.14861795125904972,0,Aprobar,Bajo
CLI-102313,Arequipa,1592.24,3914.24,515,1,39,122,Medio,1.0,1,0.6330184154789575,1,Denegar/Revisar,Alto
CLI-102314,Cusco,4737.04,1160.79,619,0,45,183,Medio,1.0,1,0.14910503373706,0,Aprobar,Bajo
CLI-102315,Lima,5401.09,966.45,834,0,44,131,Medio,1.0,1,0.018823341130622992,0,Aprobar,Bajo
CLI-102316,Lima,3046.92,6735.46,968,0,36,114,Medio,1.0,0,0.030885551019913565,0,Aprobar,Bajo
CLI-102317,Lima,1025.0,4845.23,115,1,42,253,Alto,2.0,1,0.9906617587626976,1,Denegar/Revisar,Muy alto
CLI-102318,Lima,3655.12,5917.26,907,0,64,143,Bajo,0.0,1,0.04111894509556052,0,Aprobar,Bajo
CLI-102319,Lima,3075.37,526.32,205,1,36,51,Bajo,0.0,1,0.9192435586326937,1,Denegar/Revisar,Muy alto
CLI-102320,Cusco,1191.03,12175.38,382,1,43,233,Alto,2.0,1,0.9751336042454557,1,Denegar/Revisar,Muy alto
CLI-102321,Arequipa,4597.71,3427.67,203,1,53,220,Bajo,0.0,1,0.9376346792847076,1,Denegar/Revisar,Muy alto
CLI-102322,Piura,5021.94,7785.28,460,1,52,206,Medio,1.0,1,0.7470250669635701,1,Denegar/Revisar,Alto
CLI-102323,Lima,4650.52,8906.74,757,1,40,8,Alto,2.0,0,0.20721304181991634,1,Denegar/Revisar,Bajo
CLI-102324,Loreto,3982.6,7133.02,134,1,18,0,Medio,1.0,0,0.9858584558754007,1,Denegar/Revisar,Muy alto
CLI-102325,Cusco,3012.13,177.47,212,1,44,178,Alto,2.0,1,0.9094921325183474,1,Denegar/Revisar,Muy alto
CLI-102326,Loreto,4011.73,6878.78,407,1,18,0,Alto,2.0,0,0.840432439960722,1,Denegar/Revisar,Muy alto
CLI-102327,Lima,3655.12,9174.15,152,1,55,355,Alto,2.0,1,0.990253659156543,1,Denegar/Revisar,Muy alto
CLI-102328,Piura,6501.72,233.69,958,0,42,89,Medio,1.0,1,0.0039620492536128595,0,Aprobar,Bajo
CLI-102329,Lima,2128.97,2153.34,180,1,49,137,Alto,2.0,1,0.9619420008355787,1,Denegar/Revisar,Muy alto
CLI-102330,Lima,3736.8,3076.75,715,0,29,8,Alto,2.0,0,0.1227116990435525,0,Aprobar,Bajo
CLI-102331,Lima,8096.8,1059.77,933,0,24,16,Alto,2.0,0,0.00427925051861207,0,Aprobar,Bajo
CLI-102332,Piura,3660.39,2908.35,468,1,42,96,Medio,1.0,1,0.5729167868859874,1,Denegar/Revisar,Alto
CLI-102333,Arequipa,4291.1,8684.68,341,1,39,34,Medio,1.0,0,0.928153028440596,1,Denegar/Revisar,Muy alto
CLI-102334,Lima,3531.8,8067.9,130,1,34,79,Alto,2.0,0,0.9902668797263666,1,Denegar/Revisar,Muy alto
CLI-102335,Lima,2356.77,11242.81,928,1,39,62,Medio,1.0,0,0.12359387172770793,0,Aprobar,Bajo
CLI-102336,Lima,3655.12,2647.45,803,0,69,216,Bajo,0.0,1,0.05395072314263813,0,Aprobar,Bajo
CLI-102337,Lima,7489.83,2114.38,968,0,50,213,Medio,1.0,1,0.00426541404461224,0,Aprobar,Bajo
CLI-102338,Lima,4288.74,4383.92,460,1,51,241,Medio,1.0,1,0.6305609047343924,1,Denegar/Revisar,Alto
CLI-102339,Lima,3138.69,2156.63,332,1,48,205,Medio,1.0,1,0.8222789417099002,1,Denegar/Revisar,Muy alto
CLI-102340,Arequipa,3114.53,171.4,709,0,55,229,Bajo,0.0,1,0.08471928431710382,0,Aprobar,Bajo
CLI-102341,Lima,3246.12,5090.74,133,1,37,130,Alto,2.0,0,0.9825678675446974,1,Denegar/Revisar,Muy alto
CLI-102342,Lima,3806.72,1319.49,342,1,18,0,Alto,2.0,0,0.7585480532494117,1,Denegar/Revisar,Muy alto
CLI-102343,Lima,3155.78,201.32,158,1,37,153,Alto,2.0,0,0.9418992998962242,1,Denegar/Revisar,Muy alto
CLI-102344,Cusco,5843.44,83.35,870,0,49,98,Bajo,0.0,1,0.01053954763074719,0,Aprobar,Bajo
CLI-102345,Arequipa,3638.81,10715.59,628,1,28,81,Alto,2.0,0,0.618948555232832,1,Denegar/Revisar,Alto
CLI-102346,Arequipa,1352.95,1161.82,177,1,36,44,Alto,2.0,0,0.961898680889305,1,Denegar/Revisar,Muy alto
CLI-102347,Lima,5698.61,2376.1,817,0,32,142,Alto,2.0,0,0.028552665801830336,0,Aprobar,Bajo
CLI-102348,Piura,6471.03,12029.31,401,1,57,156,Alto,2.0,1,0.9033304724016771,1,Denegar/Revisar,Muy alto
CLI-102349,Lima,5317.89,2520.82,777,0,48,210,Bajo,0.0,1,0.045961673944114705,0,Aprobar,Bajo
CLI-102350,Piura,6250.63,327.48,902,0,47,116,Alto,2.0,0,0.007501357384052925,0,Aprobar,Bajo
CLI-102351,Cusco,4379.74,3211.28,996,0,46,66,Bajo,0.0,1,0.008803165044361088,0,Aprobar,Bajo
CLI-102352,Piura,3660.39,369.33,211,1,39,103,Medio,1.0,1,0.8973795783270634,1,Denegar/Revisar,Muy alto
CLI-102353,Loreto,3902.98,399.67,512,1,41,58,Medio,1.0,0,0.3306858573372918,1,Denegar/Revisar,Medio
CLI-102354,Arequipa,3638.81,7628.06,999,0,26,23,Alto,2.0,0,0.025400500569017718,0,Aprobar,Bajo
CLI-102355,Lima,5448.95,1366.7,416,1,18,0,Alto,2.0,0,0.5198531928893542,1,Denegar/Revisar,Alto
CLI-102356,Cusco,6101.77,4541.15,964,0,42,219,Alto,2.0,1,0.010536179735691724,0,Aprobar,Bajo
CLI-102357,Lima,2389.15,2844.63,244,1,42,61,Bajo,0.0,1,0.9379109079131099,1,Denegar/Revisar,Muy alto
CLI-102358,Piura,1565.63,1005.8,767,0,51,283,Alto,2.0,1,0.08406500677752544,0,Aprobar,Bajo
CLI-102359,Lima,3982.64,2917.75,789,0,56,313,Alto,2.0,1,0.05998471568536131,0,Aprobar,Bajo
CLI-102360,Lima,3655.12,285.96,957,0,56,328,Medio,1.0,1,0.007797892680276333,0,Aprobar,Bajo
CLI-102361,Lima,4029.51,1706.01,747,0,28,79,Alto,2.0,0,0.06757268658232365,0,Aprobar,Bajo
CLI-102362,Lima,2738.2,2959.58,926,0,35,31,Medio,1.0,0,0.02235989914139401,0,Aprobar,Bajo
CLI-102363,Lima,4618.77,1037.13,117,1,45,7,Medio,1.0,0,0.9511486895067254,1,Denegar/Revisar,Muy alto
CLI-102364,Piura,4426.63,4317.45,450,0,67,433,Bajo,0.0,1,0.6504190426473389,1,Denegar/Revisar,Alto
CLI-102365,Lima,3998.2,212.81,254,1,55,67,Medio,1.0,1,0.83938017837891,1,Denegar/Revisar,Muy alto
CLI-102366,Lima,5874.28,2652.88,883,0,52,250,Medio,1.0,1,0.015262621326873166,0,Aprobar,Bajo
CLI-102367,Piura,4296.66,5021.01,605,1,35,29,Medio,1.0,0,0.3333890580469912,1,Denegar/Revisar,Medio
CLI-102368,Lima,5074.2,2248.1,877,0,30,24,Medio,1.0,0,0.017801436524101735,0,Aprobar,Bajo
CLI-102369,Arequipa,5570.05,8304.55,459,0,48,61,Medio,1.0,1,0.7454834116522604,1,Denegar/Revisar,Alto
CLI-102370,Arequipa,3160.23,4000.79,431,0,27,15,Medio,1.0,0,0.7286174862346435,1,Denegar/Revisar,Alto
CLI-102371,Loreto,4661.67,12653.938750000001,627,1,37,57,Alto,2.0,0,0.6495865941262401,1,Denegar/Revisar,Alto
CLI-102372,Arequipa,1142.29,1336.98,111,1,37,50,Alto,2.0,0,0.9808040073682972,1,Denegar/Revisar,Muy alto
CLI-102373,Lima,2966.92,11173.74,174,1,56,194,Medio,1.0,1,0.993023333018136,1,Denegar/Revisar,Muy alto
CLI-102374,Arequipa,6510.93,3733.98,311,1,36,140,Alto,2.0,0,0.7888416485438868,1,Denegar/Revisar,Muy alto
CLI-102375,Lima,5302.24,5468.77,790,0,18,0,Alto,2.0,0,0.07387384050776881,0,Aprobar,Bajo
CLI-102376,Lima,3851.01,9297.73,740,1,45,203,Alto,2.0,1,0.2861328188386614,1,Denegar/Revisar,Medio
CLI-102377,Arequipa,3660.81,3204.69,382,1,31,94,Alto,2.0,0,0.7687888221206416,1,Denegar/Revisar,Muy alto
CLI-102378,Lima,3056.5,7927.25,294,1,39,44,Medio,1.0,0,0.9579558014790398,1,Denegar/Revisar,Muy alto
CLI-102379,Arequipa,3638.81,3120.9,879,0,38,66,Medio,1.0,0,0.028976023539897526,0,Aprobar,Bajo
CLI-102380,Loreto,2159.49,3657.16,129,1,35,137,Alto,2.0,0,0.9823423439990452,1,Denegar/Revisar,Muy alto
CLI-102381,Loreto,3600.67,2355.86,108,1,48,271,Medio,1.0,1,0.9725633568304753,1,Denegar/Revisar,Muy alto
CLI-102382,Cusco,4111.46,629.6,408,0,22,29,Medio,1.0,0,0.5672666856085,1,Denegar/Revisar,Alto
CLI-102383,Lima,3597.96,3225.29,544,0,33,17,Medio,1.0,0,0.41635242328025557,1,Denegar/Revisar,Medio
CLI-102384,Lima,3655.12,12653.938750000001,409,1,47,88,Alto,2.0,0,0.9476391674671969,1,Denegar/Revisar,Muy alto
CLI-102385,Piura,4563.15,6189.35,776,0,33,157,Alto,2.0,0,0.1116850581054285,0,Aprobar,Bajo
CLI-102386,Lima,3317.14,5505.35,804,0,21,6,Alto,2.0,0,0.10050446774378437,0,Aprobar,Bajo
CLI-102387,Piura,4277.91,4123.54,525,0,47,281,Medio,1.0,1,0.46814112601279373,1,Denegar/Revisar,Medio
CLI-102388,Arequipa,5502.24,1710.28,916,0,52,141,Bajo,0.0,1,0.01044854930155382,0,Aprobar,Bajo
CLI-102389,Arequipa,6439.3,743.46,871,0,40,132,Medio,1.0,1,0.010063279609505048,0,Aprobar,Bajo
CLI-102390,Lima,4583.56,1017.26,803,0,18,1,Alto,2.0,0,0.03155580821627287,0,Aprobar,Bajo
CLI-102391,Lima,3046.55,25.37,690,0,47,190,Bajo,0.0,1,0.09825938448585714,0,Aprobar,Bajo
CLI-102392,Lima,3655.12,4477.06,790,0,21,5,Alto,2.0,0,0.08659912276418974,0,Aprobar,Bajo
CLI-102393,Lima,1165.55,6682.65,190,1,41,78,Medio,1.0,0,0.9863143830209744,1,Denegar/Revisar,Muy alto
CLI-102394,Loreto,4701.03,1252.88,555,0,30,76,Medio,1.0,0,0.2472267900838224,1,Denegar/Revisar,Bajo
CLI-102395,Lima,1025.0,385.38,543,1,25,67,Alto,2.0,0,0.42736401524496026,1,Denegar/Revisar,Medio
CLI-102396,Lima,5688.98,1636.25,826,0,35,48,Alto,2.0,0,0.022632504334304082,0,Aprobar,Bajo
CLI-102397,Lima,4573.99,1381.53,178,1,37,173,Alto,2.0,0,0.9254121720031149,1,Denegar/Revisar,Muy alto
CLI-102398,Piura,1025.0,2397.73,574,1,31,43,Medio,1.0,0,0.4509272394515698,1,Denegar/Revisar,Medio
CLI-102399,Piura,4816.92,1226.66,202,1,46,125,Medio,1.0,1,0.8971140384870075,1,Denegar/Revisar,Muy alto
CLI-102400,Lima,5484.93,1660.44,722,0,35,89,Alto,2.0,0,0.06080175108516872,0,Aprobar,Bajo
CLI-102401,Lima,3174.92,9524.56,555,1,50,199,Medio,1.0,1,0.7285982867976502,1,Denegar/Revisar,Alto
CLI-102402,Lima,1538.28,1630.88,413,0,41,126,Medio,1.0,1,0.7373703669887778,1,Denegar/Revisar,Alto
CLI-102403,Lima,1935.36,6158.12,346,1,31,7,Medio,1.0,0,0.9258630311418502,1,Denegar/Revisar,Muy alto
CLI-102404,Arequipa,2028.22,3932.22,333,1,29,56,Bajo,0.0,0,0.8996752161984259,1,Denegar/Revisar,Muy alto
CLI-102405,Piura,5860.08,1647.17,693,0,22,26,Alto,2.0,0,0.0720768702312481,0,Aprobar,Bajo
CLI-102406,Lima,3312.44,6810.34,743,1,42,153,Medio,1.0,1,0.2008169895142531,1,Denegar/Revisar,Bajo
CLI-102407,Lima,4525.98,3616.22,334,1,35,48,Medio,1.0,0,0.8174905146631141,1,Denegar/Revisar,Muy alto
CLI-102408,Cusco,3560.7650000000003,34.62,889,0,18,0,Alto,2.0,0,0.014761285502381538,0,Aprobar,Bajo
CLI-102409,Lima,3554.61,284.82,486,0,33,63,Alto,2.0,0,0.4094795695740269,1,Denegar/Revisar,Medio
CLI-102410,Arequipa,2034.91,5587.63,946,0,28,58,Alto,2.0,0,0.038835596490010615,0,Aprobar,Bajo
CLI-102411,Lima,3655.12,2366.17,710,0,56,202,Medio,1.0,1,0.11010319531875758,0,Aprobar,Bajo
CLI-102412,Lima,4713.65,2080.19,137,1,21,31,Alto,2.0,0,0.9533814938051176,1,Denegar/Revisar,Muy alto
CLI-102413,Lima,2786.42,630.49,260,1,23,42,Alto,2.0,0,0.8813433353413321,1,Denegar/Revisar,Muy alto
CLI-102414,Piura,4072.99,684.67,561,1,51,32,Bajo,0.0,1,0.24870587817154408,1,Denegar/Revisar,Bajo
CLI-102415,Cusco,6305.54,6393.05,548,0,55,63,Medio,1.0,1,0.4171274964438122,1,Denegar/Revisar,Medio
CLI-102416,Lima,2740.56,7064.77,216,1,30,30,Alto,2.0,0,0.9778482800635362,1,Denegar/Revisar,Muy alto
CLI-102417,Lima,2903.63,3283.95,340,1,32,104,Medio,1.0,0,0.8518815097254512,1,Denegar/Revisar,Muy alto
CLI-102418,Lima,4559.13,1398.96,125,0,46,196,Bajo,0.0,1,0.9535837349457612,1,Denegar/Revisar,Muy alto
CLI-102419,Lima,4012.52,10794.43,747,0,18,0,Alto,2.0,0,0.3315234480502547,1,Denegar/Revisar,Medio
CLI-102420,Lima,4302.01,3912.26,661,0,19,7,Alto,2.0,0,0.1954252719189167,0,Aprobar,Bajo
CLI-102421,Lima,5805.22,6371.15,905,0,37,92,Alto,2.0,0,0.0283713141039213,0,Aprobar,Bajo
CLI-102422,Arequipa,3294.17,13.15,397,1,56,258,Bajo,0.0,1,0.6158193602202211,1,Denegar/Revisar,Alto
CLI-102423,Lima,5489.38,2393.67,904,0,35,124,Alto,2.0,0,0.013507481310179233,0,Aprobar,Bajo
CLI-102424,Lima,2832.23,8190.19,253,1,40,85,Medio,1.0,0,0.9738718192218146,1,Denegar/Revisar,Muy alto
CLI-102425,Cusco,5633.71,1651.37,831,0,52,248,Medio,1.0,1,0.021147800612056643,0,Aprobar,Bajo
CLI-102426,Lima,4633.99,5186.56,751,0,63,133,Bajo,0.0,1,0.1123125488543834,0,Aprobar,Bajo
CLI-102427,Cusco,3295.89,4287.98,567,0,33,128,Alto,2.0,0,0.4450911330919074,1,Denegar/Revisar,Medio
CLI-102428,Lima,2907.37,660.53,148,1,39,51,Medio,1.0,0,0.9523779733106711,1,Denegar/Revisar,Muy alto
CLI-102429,Loreto,1025.0,5964.91,753,1,58,242,Bajo,0.0,1,0.25269656174802346,1,Denegar/Revisar,Medio
CLI-102430,Piura,4580.66,477.51,145,0,23,15,Alto,2.0,0,0.9331033529328647,1,Denegar/Revisar,Muy alto
CLI-102431,Loreto,2166.05,5206.55,774,0,50,84,Bajo,0.0,1,0.15365639348065702,0,Aprobar,Bajo
CLI-102432,Cusco,3560.7650000000003,12653.938750000001,384,1,28,30,Alto,2.0,0,0.958996544824147,1,Denegar/Revisar,Muy alto
CLI-102433,Lima,3600.97,12653.938750000001,879,1,40,52,Alto,2.0,0,0.1823315080025697,0,Aprobar,Bajo
CLI-102434,Cusco,1264.57,6442.59,727,1,35,80,Alto,2.0,0,0.3110766960114239,1,Denegar/Revisar,Medio
CLI-102435,Lima,3563.42,3058.72,181,1,28,26,Bajo,0.0,0,0.956010261022665,1,Denegar/Revisar,Muy alto
CLI-102436,Lima,3327.52,4493.56,143,1,28,44,Alto,2.0,0,0.9779693038712585,1,Denegar/Revisar,Muy alto
CLI-102437,Lima,3380.19,5209.41,805,0,42,189,Medio,1.0,1,0.08975548466693792,0,Aprobar,Bajo
CLI-102438,Piura,3220.94,33.75,869,0,50,106,Alto,2.0,0,0.01917872630513095,0,Aprobar,Bajo
CLI-102439,Lima,2203.91,431.97,372,1,37,47,Medio,1.0,0,0.7328860218416212,1,Denegar/Revisar,Alto
CLI-102440,Piura,4408.2,3635.86,493,1,40,37,Bajo,0.0,1,0.519449866316601,1,Denegar/Revisar,Alto
CLI-102441,Piura,3660.39,26.22,885,0,45,80,Alto,2.0,0,0.014946133123821674,0,Aprobar,Bajo
CLI-102442,Arequipa,3664.5,9583.44,889,0,28,51,Alto,2.0,0,0.09900092926761292,0,Aprobar,Bajo
CLI-102443,Loreto,1593.86,2690.73,694,1,46,39,Bajo,0.0,1,0.2051733071565507,1,Denegar/Revisar,Bajo
CLI-102444,Lima,3967.12,1192.37,157,1,48,269,Medio,1.0,1,0.94145599680041,1,Denegar/Revisar,Muy alto
CLI-102445,Lima,3323.67,2002.32,664,0,68,484,Bajo,0.0,1,0.1652581305306035,0,Aprobar,Bajo
CLI-102446,Lima,3520.12,7609.24,100,1,35,41,Alto,2.0,0,0.9919156989547556,1,Denegar/Revisar,Muy alto
CLI-102447,Lima,5004.31,10479.77,315,1,34,77,Medio,1.0,0,0.9532989992225466,1,Denegar/Revisar,Muy alto
CLI-102448,Lima,3655.12,494.26,416,0,47,80,Medio,1.0,1,0.5678216892736194,1,Denegar/Revisar,Alto
CLI-102449,Lima,3655.12,6019.6,327,1,48,175,Medio,1.0,1,0.9067631623550231,1,Denegar/Revisar,Muy alto
CLI-102450,Lima,4108.19,3453.15,572,0,33,91,Alto,2.0,0,0.3470071045399935,1,Denegar/Revisar,Medio
CLI-102451,Cusco,5348.09,3522.76,583,0,35,41,Medio,1.0,0,0.259820465735896,1,Denegar/Revisar,Medio
CLI-102452,Piura,5274.71,6046.56,865,0,46,94,Medio,1.0,1,0.041396107432813994,0,Aprobar,Bajo
CLI-102453,Lima,5233.0,1008.46,770,0,31,95,Medio,1.0,0,0.035386295299318034,0,Aprobar,Bajo
CLI-102454,Piura,1025.0,3028.99,386,1,33,159,Alto,2.0,0,0.8504932637251553,1,Denegar/Revisar,Muy alto
CLI-102455,Lima,4741.72,1538.84,610,0,40,89,Medio,1.0,1,0.17101409855726774,0,Aprobar,Bajo
CLI-102456,Lima,2664.6,397.13,677,0,50,102,Bajo,0.0,1,0.12701357960244877,0,Aprobar,Bajo
CLI-102457,Piura,5337.03,444.08,920,0,33,133,Bajo,0.0,1,0.008023064044753225,0,Aprobar,Bajo
CLI-102458,Lima,4578.21,586.91,557,0,19,7,Alto,2.0,0,0.23043075085614625,1,Denegar/Revisar,Bajo
CLI-102459,Lima,3655.12,3817.01,194,0,18,0,Alto,2.0,0,0.9567159550204475,1,Denegar/Revisar,Muy alto
CLI-102460,Cusco,3560.7650000000003,447.44,592,0,25,9,Alto,2.0,0,0.20956076325945935,1,Denegar/Revisar,Bajo
CLI-102461,Loreto,6202.14,3376.85,864,0,26,32,Alto,2.0,0,0.0203635672282474,0,Aprobar,Bajo
CLI-102462,Piura,3763.46,3549.81,249,0,37,92,Alto,2.0,0,0.9240159727571025,1,Denegar/Revisar,Muy alto
CLI-102463,Piura,3226.27,9369.32,122,1,26,61,Alto,2.0,0,0.9935884609623677,1,Denegar/Revisar,Muy alto
CLI-102464,Piura,2808.38,3938.03,855,0,31,45,Alto,2.0,0,0.05300046621230335,0,Aprobar,Bajo
CLI-102465,Lima,3722.14,12653.938750000001,314,1,31,78,Alto,2.0,0,0.9774991971394152,1,Denegar/Revisar,Muy alto
CLI-102466,Lima,6464.07,125.93,498,0,35,89,Medio,1.0,0,0.22690980089263849,1,Denegar/Revisar,Bajo
CLI-102467,Lima,1432.73,4871.56,509,0,53,49,Bajo,0.0,1,0.7066441957220916,1,Denegar/Revisar,Alto
CLI-102468,Lima,3655.12,107.35,230,1,46,189,Medio,1.0,1,0.8739232690194233,1,Denegar/Revisar,Muy alto
CLI-102469,Piura,5692.36,5228.12,954,0,40,68,Alto,2.0,0,0.014651379760745086,0,Aprobar,Bajo
CLI-102470,Lima,3655.12,1950.07,247,1,34,42,Alto,2.0,0,0.9006319070560308,1,Denegar/Revisar,Muy alto
CLI-102471,Cusco,4548.61,3779.87,480,0,35,78,Alto,2.0,0,0.5492453036118383,1,Denegar/Revisar,Alto
CLI-102472,Cusco,2932.02,1481.58,208,1,42,122,Bajo,0.0,1,0.9333279632672693,1,Denegar/Revisar,Muy alto
CLI-102473,Arequipa,4435.92,693.15,651,0,46,156,Medio,1.0,1,0.11197622873135993,0,Aprobar,Bajo
CLI-102474,Piura,2537.92,5142.36,220,1,29,55,Alto,2.0,0,0.9674205589391034,1,Denegar/Revisar,Muy alto
CLI-102475,Loreto,5116.89,9399.56,394,1,40,102,Medio,1.0,1,0.8829663975076784,1,Denegar/Revisar,Muy alto
CLI-102476,Lima,1025.0,811.32,219,1,18,1,Alto,2.0,0,0.9446292605896054,1,Denegar/Revisar,Muy alto
CLI-102477,Arequipa,2878.19,10138.22,555,1,41,179,Medio,1.0,1,0.7660199586398543,1,Denegar/Revisar,Muy alto
CLI-102478,Lima,4427.23,604.14,629,0,48,86,Alto,2.0,0,0.136740426243427,0,Aprobar,Bajo
CLI-102479,Arequipa,4792.4,5322.1,268,1,36,34,Alto,2.0,0,0.9209622933233826,1,Denegar/Revisar,Muy alto
CLI-102480,Lima,4097.32,12653.938750000001,809,0,59,286,Alto,2.0,1,0.27704972181995313,1,Denegar/Revisar,Medio
CLI-102481,Loreto,1810.49,637.72,242,1,29,29,Bajo,0.0,0,0.91698368951576,1,Denegar/Revisar,Muy alto
CLI-102482,Cusco,2455.69,2284.36,136,1,41,51,Alto,2.0,0,0.9732591495919146,1,Denegar/Revisar,Muy alto
CLI-102483,Lima,3543.56,1646.68,797,0,39,92,Medio,1.0,0,0.046006128158711856,0,Aprobar,Bajo
CLI-102484,Lima,2738.54,1967.22,360,0,38,162,Bajo,0.0,1,0.795846453636321,1,Denegar/Revisar,Muy alto
CLI-102485,Cusco,2507.23,5595.73,330,1,37,88,Medio,1.0,0,0.918597303955359,1,Denegar/Revisar,Muy alto
CLI-102486,Lima,2553.89,4329.25,353,1,40,93,Bajo,0.0,1,0.8773824656708036,1,Denegar/Revisar,Muy alto
CLI-102487,Loreto,1025.0,12653.938750000001,428,1,47,249,Bajo,0.0,1,0.9653728730543953,1,Denegar/Revisar,Muy alto
CLI-102488,Piura,3742.23,9847.47,396,1,54,250,Medio,1.0,1,0.9180118389430136,1,Denegar/Revisar,Muy alto
CLI-102489,Lima,3730.1,3134.57,109,1,39,101,Medio,1.0,0,0.9757098396662732,1,Denegar/Revisar,Muy alto
CLI-102490,Lima,5837.59,2385.0,545,0,49,88,Medio,1.0,1,0.2603227569677541,1,Denegar/Revisar,Medio
CLI-102491,Lima,5660.6,10046.13,935,0,32,19,Alto,2.0,0,0.047184264380609096,0,Aprobar,Bajo
CLI-102492,Arequipa,4372.04,42.7,329,1,48,165,Alto,2.0,1,0.7038854973244313,1,Denegar/Revisar,Alto
CLI-102493,Lima,4214.02,12653.938750000001,635,1,31,33,Alto,2.0,0,0.6561196095586633,1,Denegar/Revisar,Alto
CLI-102494,Piura,3660.39,2613.66,177,1,51,160,Medio,1.0,1,0.9507977280611014,1,Denegar/Revisar,Muy alto
CLI-102495,Lima,3968.21,3929.08,524,0,63,300,Bajo,0.0,1,0.4877653641560034,1,Denegar/Revisar,Medio
CLI-102496,Piura,3252.57,1785.48,292,1,37,71,Medio,1.0,0,0.8584278247680422,1,Denegar/Revisar,Muy alto
CLI-102497,Loreto,5044.81,7656.43,500,0,18,1,Medio,1.0,0,0.6626342101997841,1,Denegar/Revisar,Alto
CLI-102498,Cusco,3560.7650000000003,3302.04,208,1,33,74,Alto,2.0,0,0.9467244399914698,1,Denegar/Revisar,Muy alto
CLI-102499,Lima,4087.19,4348.45,891,0,53,294,Alto,2.0,1,0.031347469857238526,0,Aprobar,Bajo
CLI-102500,Loreto,6161.23,4186.79,362,1,46,179,Alto,2.0,1,0.7342521840576012,1,Denegar/Revisar,Alto
CLI-102501,Arequipa,4628.68,1810.11,428,1,42,186,Alto,2.0,1,0.562388906236073,1,Denegar/Revisar,Alto
CLI-102502,Piura,3933.8,316.13,462,1,50,140,Medio,1.0,1,0.4351584662016315,1,Denegar/Revisar,Medio
CLI-102503,Cusco,5114.97,12653.938750000001,966,1,45,252,Medio,1.0,1,0.06258730667302033,0,Aprobar,Bajo
CLI-102504,Lima,3545.77,1368.36,477,0,52,288,Alto,2.0,1,0.487300178494539,1,Denegar/Revisar,Medio
CLI-102505,Lima,4282.76,7560.05,879,0,49,300,Medio,1.0,1,0.06158222057996128,0,Aprobar,Bajo
CLI-102506,Loreto,1025.0,3752.54,440,1,55,284,Bajo,0.0,1,0.7997465601214229,1,Denegar/Revisar,Muy alto
CLI-102507,Lima,1843.37,1745.99,358,1,42,53,Alto,2.0,0,0.8235072025492204,1,Denegar/Revisar,Muy alto
CLI-102508,Loreto,2556.61,3608.04,434,1,49,215,Bajo,0.0,1,0.741749587588545,1,Denegar/Revisar,Alto
CLI-102509,Loreto,3543.95,4148.11,184,1,36,55,Bajo,0.0,1,0.9639193463578858,1,Denegar/Revisar,Muy alto
CLI-102510,Lima,1264.47,4906.01,621,0,31,36,Alto,2.0,0,0.46874131459593127,1,Denegar/Revisar,Medio
CLI-102511,Loreto,3518.25,6911.49,900,0,58,281,Medio,1.0,1,0.0531315985137336,0,Aprobar,Bajo
CLI-102512,Lima,3352.02,696.25,913,0,41,103,Alto,2.0,0,0.014233057005016625,0,Aprobar,Bajo
CLI-102513,Piura,4015.13,11539.94,670,0,48,89,Alto,2.0,0,0.5443480824132666,1,Denegar/Revisar,Alto
CLI-102514,Piura,3993.68,2116.23,407,0,40,27,Medio,1.0,0,0.6505308289043908,1,Denegar/Revisar,Alto
CLI-102515,Cusco,2253.28,7877.34,361,1,32,63,Medio,1.0,0,0.9354388128964692,1,Denegar/Revisar,Muy alto
CLI-102516,Lima,3633.1,996.31,997,0,39,163,Medio,1.0,1,0.006266923481857467,0,Aprobar,Bajo
CLI-102517,Lima,3271.56,117.83,896,0,55,25,Medio,1.0,1,0.014480806153895624,0,Aprobar,Bajo
CLI-102518,Arequipa,3374.81,3407.11,730,0,45,51,Medio,1.0,1,0.12000004008421561,0,Aprobar,Bajo
CLI-102519,Arequipa,3981.28,1570.19,779,0,20,8,Alto,2.0,0,0.050103264588088246,0,Aprobar,Bajo
CLI-102520,Arequipa,6400.69,12653.938750000001,964,0,38,119,Medio,1.0,1,0.048055936181466766,0,Aprobar,Bajo
CLI-102521,Lima,2581.26,441.28,800,0,58,199,Bajo,0.0,1,0.04509626097071392,0,Aprobar,Bajo
CLI-102522,Lima,6228.26,193.83,551,0,38,54,Alto,2.0,0,0.1658279013395145,0,Aprobar,Bajo
CLI-102523,Lima,1349.27,184.25,350,1,18,0,Alto,2.0,0,0.802211570260665,1,Denegar/Revisar,Muy alto
CLI-102524,Loreto,4777.96,977.85,423,0,60,176,Bajo,0.0,1,0.5218278469077116,1,Denegar/Revisar,Alto
CLI-102525,Lima,2442.31,3462.31,328,1,46,192,Bajo,0.0,1,0.8854618020266726,1,Denegar/Revisar,Muy alto
CLI-102526,Lima,2735.56,2817.35,801,0,38,131,Alto,2.0,0,0.06938307675167758,0,Aprobar,Bajo
CLI-102527,Cusco,6329.32,1723.6,927,0,36,143,Alto,2.0,0,0.007821065711197471,0,Aprobar,Bajo
CLI-102528,Lima,4092.63,371.94,735,0,51,267,Medio,1.0,1,0.05484269305919611,0,Aprobar,Bajo
CLI-102529,Cusco,3560.7650000000003,1064.92,695,0,33,134,Alto,2.0,0,0.10308546115359765,0,Aprobar,Bajo
CLI-102530,Arequipa,2876.39,814.08,396,1,51,131,Medio,1.0,1,0.6701417321170621,1,Denegar/Revisar,Alto
CLI-102531,Loreto,3600.67,5476.44,826,0,45,123,Medio,1.0,1,0.07527208042078454,0,Aprobar,Bajo
CLI-102532,Lima,2906.73,6055.54,336,1,41,144,Medio,1.0,1,0.9146326309315387,1,Denegar/Revisar,Muy alto
CLI-102533,Lima,1025.0,6002.59,724,0,40,86,Bajo,0.0,1,0.30911092175321864,1,Denegar/Revisar,Medio
CLI-102534,Arequipa,1025.0,12653.938750000001,316,1,36,138,Bajo,0.0,1,0.9876116723011702,1,Denegar/Revisar,Muy alto
CLI-102535,Loreto,4952.48,8624.87,932,0,51,266,Alto,2.0,1,0.042571981026859565,0,Aprobar,Bajo
CLI-102536,Arequipa,4964.17,2755.07,345,1,30,96,Alto,2.0,0,0.7597281181994893,1,Denegar/Revisar,Muy alto
CLI-102537,Lima,5639.33,2144.14,547,0,22,20,Alto,2.0,0,0.26319423052724916,1,Denegar/Revisar,Medio
CLI-102538,Arequipa,2956.5,9896.75,946,0,45,245,Bajo,0.0,1,0.07497733114737595,0,Aprobar,Bajo
CLI-102539,Arequipa,3625.23,3779.02,418,1,46,146,Alto,2.0,0,0.7297431057562331,1,Denegar/Revisar,Alto
CLI-102540,Arequipa,1025.0,1394.82,531,1,43,30,Medio,1.0,0,0.4986631476237557,1,Denegar/Revisar,Medio
CLI-102541,Arequipa,2978.92,3324.71,503,0,43,174,Bajo,0.0,1,0.5621698152112419,1,Denegar/Revisar,Alto
CLI-102542,Loreto,5705.54,12653.938750000001,985,0,36,151,Medio,1.0,1,0.046449138007011594,0,Aprobar,Bajo
CLI-102543,Piura,2745.75,7574.37,136,1,47,62,Medio,1.0,1,0.990105595524208,1,Denegar/Revisar,Muy alto
CLI-102544,Lima,3352.38,1321.13,675,0,38,36,Medio,1.0,0,0.1287781284669829,0,Aprobar,Bajo
CLI-102545,Lima,4140.07,12226.55,830,0,34,64,Alto,2.0,0,0.23022000995509148,1,Denegar/Revisar,Bajo
CLI-102546,Lima,5306.27,12653.938750000001,441,1,36,93,Alto,2.0,0,0.9013655801480116,1,Denegar/Revisar,Muy alto
CLI-102547,Lima,3655.12,1051.53,488,1,61,164,Bajo,0.0,1,0.43873846189476584,1,Denegar/Revisar,Medio
CLI-102548,Lima,2874.97,9037.8,133,1,20,8,Alto,2.0,0,0.992977148692604,1,Denegar/Revisar,Muy alto
CLI-102549,Lima,5055.09,8589.26,138,1,45,135,Bajo,0.0,1,0.9866661937926885,1,Denegar/Revisar,Muy alto
CLI-102550,Lima,3513.52,162.26,678,0,20,4,Alto,2.0,0,0.10123353006881006,0,Aprobar,Bajo
CLI-102551,Lima,1025.0,4430.88,308,1,37,48,Bajo,0.0,1,0.9408241071593951,1,Denegar/Revisar,Muy alto
CLI-102552,Loreto,6410.61,1456.99,929,0,35,14,Alto,2.0,0,0.007124885383688822,0,Aprobar,Bajo
CLI-102553,Cusco,5933.39,4490.96,955,0,18,1,Medio,1.0,0,0.011340929105216644,0,Aprobar,Bajo
CLI-102554,Lima,1025.0,9793.16,251,1,42,78,Bajo,0.0,1,0.9882651422760733,1,Denegar/Revisar,Muy alto
CLI-102555,Cusco,4300.72,2762.83,998,0,35,138,Alto,2.0,0,0.008010703650826002,0,Aprobar,Bajo
CLI-102556,Piura,3394.76,2140.56,464,0,18,1,Alto,2.0,0,0.5669110396270666,1,Denegar/Revisar,Alto
CLI-102557,Lima,5148.98,10180.22,298,1,49,210,Bajo,0.0,1,0.9576003567606227,1,Denegar/Revisar,Muy alto
CLI-102558,Lima,3878.43,12653.938750000001,700,0,55,244,Bajo,0.0,1,0.5285099055149496,1,Denegar/Revisar,Alto
CLI-102559,Piura,3660.39,257.03,859,0,55,97,Medio,1.0,1,0.019188292898318828,0,Aprobar,Bajo
CLI-102560,Arequipa,4663.48,10247.91,934,0,43,156,Medio,1.0,1,0.05949771265967031,0,Aprobar,Bajo
CLI-102561,Arequipa,2156.86,345.58,178,1,39,125,Medio,1.0,1,0.9438466553682331,1,Denegar/Revisar,Muy alto
CLI-102562,Lima,3655.12,12653.938750000001,576,1,54,40,Bajo,0.0,1,0.790709779616713,1,Denegar/Revisar,Muy alto
CLI-102563,Lima,2377.6,5751.6,533,0,57,150,Bajo,0.0,1,0.6503554731888277,1,Denegar/Revisar,Alto
CLI-102564,Lima,3563.83,6003.0,896,0,51,54,Alto,2.0,0,0.04711879419619768,0,Aprobar,Bajo
CLI-102565,Lima,4373.1,5175.91,941,0,29,79,Alto,2.0,0,0.02206583810239015,0,Aprobar,Bajo
CLI-102566,Lima,3655.12,159.59,131,1,41,87,Medio,1.0,1,0.9466391519742744,1,Denegar/Revisar,Muy alto
CLI-102567,Lima,5520.11,570.71,186,1,45,89,Bajo,0.0,1,0.886194117549809,1,Denegar/Revisar,Muy alto
CLI-102568,Loreto,3798.72,11009.04,650,0,19,9,Alto,2.0,0,0.5753162382429858,1,Denegar/Revisar,Alto
CLI-102569,Cusco,4720.91,339.89,492,0,45,91,Bajo,0.0,1,0.33594818942704374,1,Denegar/Revisar,Medio
CLI-102570,Lima,2487.77,327.21,712,0,64,249,Bajo,0.0,1,0.09711576347300538,0,Aprobar,Bajo
CLI-102571,Cusco,4253.6,7222.93,343,1,46,178,Medio,1.0,1,0.9037755572295673,1,Denegar/Revisar,Muy alto
CLI-102572,Lima,4356.89,4100.69,331,1,55,117,Bajo,0.0,1,0.8465262494979191,1,Denegar/Revisar,Muy alto
CLI-102573,Lima,5269.3,1733.34,679,0,42,173,Medio,1.0,1,0.09053807645342399,0,Aprobar,Bajo
CLI-102574,Lima,5939.5,724.7,291,1,39,120,Alto,2.0,0,0.7315801436724041,1,Denegar/Revisar,Alto
CLI-102575,Piura,2940.64,12653.938750000001,639,1,43,162,Bajo,0.0,1,0.7117715342881596,1,Denegar/Revisar,Alto
CLI-102576,Cusco,2958.03,12653.938750000001,369,1,30,57,Alto,2.0,0,0.9687141651784643,1,Denegar/Revisar,Muy alto
CLI-102577,Piura,2906.13,205.05,837,0,28,14,Alto,2.0,0,0.028604340497232175,0,Aprobar,Bajo
CLI-102578,Lima,2707.66,3230.76,176,1,53,210,Alto,2.0,1,0.9664509285239278,1,Denegar/Revisar,Muy alto
CLI-102579,Piura,3660.39,1211.47,834,0,54,168,Medio,1.0,1,0.029369348183936758,0,Aprobar,Bajo
CLI-102580,Lima,5381.35,7144.39,983,0,29,47,Alto,2.0,0,0.017921844923530137,0,Aprobar,Bajo
CLI-102581,Loreto,5493.13,1699.04,266,1,50,32,Alto,2.0,0,0.8244104448368527,1,Denegar/Revisar,Muy alto
CLI-102582,Piura,4001.3,5015.86,383,1,38,87,Alto,2.0,0,0.8169156254313672,1,Denegar/Revisar,Muy alto
CLI-102583,Lima,4106.84,3101.97,803,0,43,93,Bajo,0.0,1,0.05350180762179711,0,Aprobar,Bajo
CLI-102584,Piura,1238.38,3119.38,188,1,43,66,Alto,2.0,0,0.9724941109398664,1,Denegar/Revisar,Muy alto
CLI-102585,Piura,5085.48,7807.7,643,0,51,119,Medio,1.0,1,0.34436531666403347,1,Denegar/Revisar,Medio
CLI-102586,Lima,3761.26,2542.57,748,0,40,129,Alto,2.0,0,0.08355066238754161,0,Aprobar,Bajo
CLI-102587,Arequipa,4343.56,7472.82,255,1,55,237,Medio,1.0,1,0.9567817782904143,1,Denegar/Revisar,Muy alto
CLI-102588,Lima,2560.84,1806.62,349,0,42,35,Alto,2.0,0,0.8132155600761519,1,Denegar/Revisar,Muy alto
CLI-102589,Arequipa,4689.06,768.44,194,1,46,122,Medio,1.0,1,0.8978451922077036,1,Denegar/Revisar,Muy alto
CLI-102590,Loreto,3600.67,2431.38,116,1,30,77,Alto,2.0,0,0.9720078662318268,1,Denegar/Revisar,Muy alto
CLI-102591,Loreto,4420.38,2759.46,216,0,63,419,Bajo,0.0,1,0.9233268341074794,1,Denegar/Revisar,Muy alto
CLI-102592,Piura,3942.72,2603.29,432,0,44,80,Alto,2.0,0,0.6318168903561463,1,Denegar/Revisar,Alto
CLI-102593,Piura,3660.39,6607.93,922,0,47,145,Alto,2.0,1,0.04127392030297415,0,Aprobar,Bajo
CLI-102594,Lima,3655.12,3326.69,621,1,21,5,Alto,2.0,0,0.26630346906936214,1,Denegar/Revisar,Medio
CLI-102595,Arequipa,1025.0,8772.92,179,1,29,66,Medio,1.0,0,0.9922698550610641,1,Denegar/Revisar,Muy alto
CLI-102596,Lima,4266.97,2887.71,745,0,53,262,Bajo,0.0,1,0.08230989219109226,0,Aprobar,Bajo
CLI-102597,Lima,1368.05,1018.1,531,1,41,168,Medio,1.0,1,0.45896568364554685,1,Denegar/Revisar,Medio
CLI-102598,Lima,3544.81,554.73,302,1,18,1,Alto,2.0,0,0.8052190214620708,1,Denegar/Revisar,Muy alto
CLI-102599,Lima,1025.0,8110.82,215,1,49,145,Medio,1.0,1,0.9875969241698684,1,Denegar/Revisar,Muy alto
CLI-102600,Piura,4352.9,231.25,319,0,33,66,Bajo,0.0,1,0.7318322344114836,1,Denegar/Revisar,Alto
CLI-102601,Lima,1548.5,500.48,352,1,54,204,Bajo,0.0,1,0.8024956983582138,1,Denegar/Revisar,Muy alto
CLI-102602,Arequipa,1605.13,263.1,268,1,37,130,Bajo,0.0,1,0.8934701549555587,1,Denegar/Revisar,Muy alto
CLI-102603,Lima,6449.81,2204.75,946,0,42,143,Alto,2.0,0,0.007049906072109381,0,Aprobar,Bajo
CLI-102604,Lima,3809.68,3042.41,415,0,52,292,Bajo,0.0,1,0.6948941404691056,1,Denegar/Revisar,Alto
CLI-102605,Piura,5401.5,80.3,816,0,30,90,Alto,2.0,0,0.01919820857545335,0,Aprobar,Bajo
CLI-102606,Lima,2810.0,2899.26,909,0,28,61,Alto,2.0,0,0.02635691594202015,0,Aprobar,Bajo
CLI-102607,Lima,4884.84,2001.91,471,1,37,143,Bajo,0.0,1,0.45724241395188076,1,Denegar/Revisar,Medio
CLI-102608,Arequipa,4011.8,5942.61,859,0,48,61,Alto,2.0,0,0.05861136803053924,0,Aprobar,Bajo
CLI-102609,Lima,4628.44,7086.81,976,0,25,49,Alto,2.0,0,0.0224131863792514,0,Aprobar,Bajo
CLI-102610,Loreto,6099.45,4620.32,682,0,22,24,Alto,2.0,0,0.13242517782753052,0,Aprobar,Bajo
CLI-102611,Lima,3655.12,2565.98,255,1,48,251,Medio,1.0,1,0.902102483889568,1,Denegar/Revisar,Muy alto
CLI-102612,Lima,5295.55,974.14,713,0,33,67,Medio,1.0,0,0.05773323385246866,0,Aprobar,Bajo
CLI-102613,Arequipa,3302.12,7512.27,112,1,35,63,Alto,2.0,0,0.9912268729313619,1,Denegar/Revisar,Muy alto
CLI-102614,Lima,3394.36,12653.938750000001,607,1,18,1,Alto,2.0,0,0.7500556900597583,1,Denegar/Revisar,Muy alto
CLI-102615,Lima,1986.8,1762.04,564,1,31,27,Medio,1.0,0,0.38685705287855915,1,Denegar/Revisar,Medio
CLI-102616,Lima,3927.52,9908.3,882,0,39,73,Medio,1.0,0,0.10214476689937671,0,Aprobar,Bajo
CLI-102617,Lima,3655.12,12653.938750000001,903,0,49,221,Medio,1.0,1,0.14469631880299466,0,Aprobar,Bajo
CLI-102618,Loreto,4918.28,9136.27,319,1,31,58,Alto,2.0,0,0.9401026774324981,1,Denegar/Revisar,Muy alto
CLI-102619,Lima,2865.64,12653.938750000001,114,1,57,195,Medio,1.0,1,0.9970052115370518,1,Denegar/Revisar,Muy alto
CLI-102620,Arequipa,3182.54,8127.45,849,0,31,114,Alto,2.0,0,0.11621324929556683,0,Aprobar,Bajo
CLI-102621,Loreto,1025.0,4874.42,216,1,30,64,Alto,2.0,0,0.9764075083208001,1,Denegar/Revisar,Muy alto
CLI-102622,Lima,2665.43,1391.54,430,1,56,218,Bajo,0.0,1,0.6454874664542102,1,Denegar/Revisar,Alto
CLI-102623,Cusco,3560.7650000000003,12226.78,155,1,41,87,Medio,1.0,0,0.994627148343164,1,Denegar/Revisar,Muy alto
CLI-102624,Lima,3567.15,8370.17,450,1,33,9,Alto,2.0,0,0.8423997341807747,1,Denegar/Revisar,Muy alto
CLI-102625,Cusco,2691.71,1101.68,231,1,37,9,Alto,2.0,0,0.9167314486518678,1,Denegar/Revisar,Muy alto
CLI-102626,Lima,5698.03,2686.81,325,0,55,269,Medio,1.0,1,0.7531757674007055,1,Denegar/Revisar,Muy alto
CLI-102627,Arequipa,2692.18,290.52,407,0,55,98,Bajo,0.0,1,0.640214588175144,1,Denegar/Revisar,Alto
CLI-102628,Lima,2435.52,12256.8,574,1,30,13,Medio,1.0,0,0.8260470966639759,1,Denegar/Revisar,Muy alto
CLI-102629,Lima,3748.13,3401.72,321,1,39,88,Alto,2.0,0,0.857547268951888,1,Denegar/Revisar,Muy alto
CLI-102630,Piura,3673.35,1125.21,272,1,40,160,Alto,2.0,0,0.8570884440371055,1,Denegar/Revisar,Muy alto
CLI-102631,Arequipa,2497.82,1383.5,439,1,28,39,Alto,2.0,0,0.6346061790590689,1,Denegar/Revisar,Alto
CLI-102632,Lima,3095.5,12653.938750000001,896,1,38,89,Medio,1.0,0,0.1706117518560879,0,Aprobar,Bajo
CLI-102633,Lima,5880.61,3824.44,605,1,40,210,Alto,2.0,1,0.2184614523224683,1,Denegar/Revisar,Bajo
CLI-102634,Arequipa,3690.52,2183.62,920,0,52,71,Medio,1.0,1,0.016199590649917144,0,Aprobar,Bajo
CLI-102635,Arequipa,1025.0,2771.35,256,1,51,51,Bajo,0.0,1,0.948023065006022,1,Denegar/Revisar,Muy alto
CLI-102636,Cusco,3560.7650000000003,415.0,250,0,35,100,Alto,2.0,0,0.866901144101295,1,Denegar/Revisar,Muy alto
CLI-102637,Arequipa,5433.89,311.94,796,0,37,45,Medio,1.0,0,0.023134687700047674,0,Aprobar,Bajo
CLI-102638,Cusco,2768.09,12653.938750000001,277,1,46,32,Bajo,0.0,1,0.9871302017051745,1,Denegar/Revisar,Muy alto
CLI-102639,Arequipa,4569.69,2869.79,632,1,33,102,Alto,2.0,0,0.193822992115944,0,Aprobar,Bajo
CLI-102640,Lima,1351.0,1779.86,211,1,45,121,Bajo,0.0,1,0.9543786227754869,1,Denegar/Revisar,Muy alto
CLI-102641,Lima,5006.39,3339.89,782,0,39,140,Alto,2.0,0,0.055485802742542445,0,Aprobar,Bajo
CLI-102642,Arequipa,1541.18,301.81,237,1,27,30,Bajo,0.0,0,0.9198646096349163,1,Denegar/Revisar,Muy alto
CLI-102643,Piura,3621.76,11528.98,332,1,28,16,Bajo,0.0,0,0.9688579429055532,1,Denegar/Revisar,Muy alto
CLI-102644,Lima,4513.5,1390.93,431,0,55,71,Medio,1.0,1,0.5305716714537942,1,Denegar/Revisar,Alto
CLI-102645,Lima,3930.06,297.94,641,0,37,147,Medio,1.0,1,0.12532029556088028,0,Aprobar,Bajo
CLI-102646,Cusco,2630.83,742.93,992,0,57,227,Medio,1.0,1,0.007843310799218885,0,Aprobar,Bajo
CLI-102647,Piura,1523.88,401.38,406,1,32,75,Alto,2.0,0,0.7068602165562706,1,Denegar/Revisar,Alto
CLI-102648,Lima,5409.68,787.0,260,1,43,113,Medio,1.0,1,0.8007639686896022,1,Denegar/Revisar,Muy alto
CLI-102649,Lima,2349.79,12653.938750000001,501,1,65,99,Bajo,0.0,1,0.9117881341899343,1,Denegar/Revisar,Muy alto
CLI-102650,Lima,5025.69,5358.42,689,0,28,51,Alto,2.0,0,0.17648926553411257,0,Aprobar,Bajo
CLI-102651,Lima,3431.56,1271.73,377,1,18,1,Alto,2.0,0,0.7095855061598724,1,Denegar/Revisar,Alto
CLI-102652,Lima,1831.94,2290.28,419,1,52,94,Medio,1.0,1,0.7402319484025722,1,Denegar/Revisar,Alto
CLI-102653,Lima,2964.86,10566.65,632,0,30,104,Medio,1.0,0,0.6304184171577825,1,Denegar/Revisar,Alto
CLI-102654,Arequipa,7041.75,1402.89,996,0,40,152,Medio,1.0,1,0.0031353042006695524,0,Aprobar,Bajo
CLI-102655,Lima,8926.47,6333.52,596,0,35,138,Alto,2.0,0,0.2030865751409131,1,Denegar/Revisar,Bajo
CLI-102656,Loreto,2948.03,687.03,462,0,42,241,Medio,1.0,1,0.5115564162796558,1,Denegar/Revisar,Alto
CLI-102657,Loreto,2862.43,785.63,471,0,28,26,Bajo,0.0,0,0.510242216172098,1,Denegar/Revisar,Alto
CLI-102658,Lima,2024.56,2436.35,991,0,36,29,Bajo,0.0,1,0.01346572636450825,0,Aprobar,Bajo
CLI-102659,Arequipa,1533.13,1066.83,754,0,43,159,Alto,2.0,0,0.09569733751624399,0,Aprobar,Bajo
CLI-102660,Lima,1484.12,9333.34,135,1,27,59,Alto,2.0,0,0.9951210101963349,1,Denegar/Revisar,Muy alto
CLI-102661,Loreto,2636.49,208.34,402,1,31,29,Alto,2.0,0,0.6499381181759448,1,Denegar/Revisar,Alto
CLI-102662,Lima,3535.84,3637.98,537,1,35,133,Alto,2.0,0,0.4670359599245091,1,Denegar/Revisar,Medio
CLI-102663,Arequipa,5185.2,3707.68,825,0,24,36,Alto,2.0,0,0.03910027158673753,0,Aprobar,Bajo
CLI-102664,Piura,3093.31,273.23,131,1,34,98,Bajo,0.0,1,0.9555824444396631,1,Denegar/Revisar,Muy alto
CLI-102665,Lima,4130.06,5275.5,285,0,40,40,Medio,1.0,0,0.9169329233909106,1,Denegar/Revisar,Muy alto
CLI-102666,Lima,2125.08,2531.2,273,1,34,133,Medio,1.0,0,0.916799844004439,1,Denegar/Revisar,Muy alto
CLI-102667,Arequipa,3723.81,5136.01,665,0,36,181,Medio,1.0,1,0.2500140846739409,1,Denegar/Revisar,Medio
CLI-102668,Arequipa,3497.85,7016.12,772,0,39,101,Alto,2.0,0,0.1659891995211954,0,Aprobar,Bajo
CLI-102669,Lima,1297.92,1559.74,349,1,31,67,Alto,2.0,0,0.8470895786807227,1,Denegar/Revisar,Muy alto
CLI-102670,Piura,1262.98,2650.36,862,0,46,123,Medio,1.0,1,0.05212953694059886,0,Aprobar,Bajo
CLI-102671,Lima,3655.12,1208.53,378,1,55,234,Bajo,0.0,1,0.6939749023531693,1,Denegar/Revisar,Alto
CLI-102672,Arequipa,1025.0,900.15,782,0,33,12,Alto,2.0,0,0.08121658761549208,0,Aprobar,Bajo
CLI-102673,Lima,2388.68,2.38,794,0,44,117,Medio,1.0,1,0.0438134806983151,0,Aprobar,Bajo
CLI-102674,Loreto,3519.75,12653.938750000001,101,1,36,131,Alto,2.0,0,0.9970309374487017,1,Denegar/Revisar,Muy alto
CLI-102675,Lima,3356.24,2325.91,293,1,43,73,Alto,2.0,0,0.8723022779509635,1,Denegar/Revisar,Muy alto
CLI-102676,Lima,3062.11,52.62,265,0,56,309,Bajo,0.0,1,0.8547433787854135,1,Denegar/Revisar,Muy alto
CLI-102677,Lima,5986.79,35.92,858,0,46,291,Alto,2.0,1,0.011287201067221538,0,Aprobar,Bajo
CLI-102678,Lima,3117.29,1360.69,855,0,19,8,Alto,2.0,0,0.02934141590931317,0,Aprobar,Bajo
CLI-102679,Piura,3940.93,56.14,209,1,44,126,Alto,2.0,0,0.890362412621341,1,Denegar/Revisar,Muy alto
CLI-102680,Lima,2247.33,1876.91,479,0,52,216,Medio,1.0,1,0.5745980660373862,1,Denegar/Revisar,Alto
CLI-102681,Loreto,4784.18,260.03,934,0,37,63,Medio,1.0,0,0.0074078563657069664,0,Aprobar,Bajo
CLI-102682,Lima,4094.32,160.17,682,0,50,350,Alto,2.0,1,0.08656408984782751,0,Aprobar,Bajo
CLI-102683,Lima,4361.28,4427.16,775,0,32,23,Alto,2.0,0,0.08397157068130123,0,Aprobar,Bajo
CLI-102684,Lima,2687.94,9493.8,384,1,22,39,Alto,2.0,0,0.9391542930781862,1,Denegar/Revisar,Muy alto
CLI-102685,Lima,4950.98,2106.37,986,0,41,183,Bajo,0.0,1,0.006720258214508586,0,Aprobar,Bajo
CLI-102686,Lima,4136.26,7250.39,520,0,20,5,Alto,2.0,0,0.6572341715172472,1,Denegar/Revisar,Alto
CLI-102687,Lima,1025.0,118.81,212,1,35,122,Alto,2.0,0,0.9402602639834624,1,Denegar/Revisar,Muy alto
CLI-102688,Lima,4426.74,6014.73,327,1,53,170,Medio,1.0,1,0.8903832278549219,1,Denegar/Revisar,Muy alto
CLI-102689,Lima,1786.13,259.43,570,0,18,0,Alto,2.0,0,0.32101510253199367,1,Denegar/Revisar,Medio
CLI-102690,Piura,3660.39,7291.5,912,0,25,29,Alto,2.0,0,0.05179850242270959,0,Aprobar,Bajo
CLI-102691,Piura,4116.95,8560.72,627,1,28,42,Alto,2.0,0,0.4821183294575497,1,Denegar/Revisar,Medio
CLI-102692,Lima,4586.87,6166.63,595,0,39,126,Medio,1.0,1,0.3954427482914207,1,Denegar/Revisar,Medio
CLI-102693,Lima,3090.05,6875.87,130,1,35,155,Medio,1.0,1,0.9882806141070588,1,Denegar/Revisar,Muy alto
CLI-102694,Cusco,3510.34,3297.44,261,1,54,33,Medio,1.0,1,0.9131399134928335,1,Denegar/Revisar,Muy alto
CLI-102695,Piura,2628.97,1230.91,917,0,49,58,Medio,1.0,1,0.017409633438612997,0,Aprobar,Bajo
CLI-102696,Arequipa,3322.49,4122.67,804,0,44,34,Alto,2.0,0,0.07692530698673168,0,Aprobar,Bajo
CLI-102697,Lima,1066.44,2316.0,821,0,40,170,Medio,1.0,1,0.07304179061010324,0,Aprobar,Bajo
CLI-102698,Arequipa,2075.82,21.4,477,0,43,130,Alto,2.0,0,0.5014554349197277,1,Denegar/Revisar,Alto
CLI-102699,Arequipa,1577.57,2591.36,545,1,29,25,Alto,2.0,0,0.5065685076863125,1,Denegar/Revisar,Alto
CLI-102700,Piura,4205.98,4212.89,843,0,49,138,Alto,2.0,1,0.04579589817959037,0,Aprobar,Bajo
CLI-102701,Cusco,7086.19,55.92,526,0,28,60,Alto,2.0,0,0.16670417406392535,0,Aprobar,Bajo
CLI-102702,Lima,5230.18,3884.68,795,0,49,70,Medio,1.0,1,0.05060114768886675,0,Aprobar,Bajo
CLI-102703,Lima,1025.0,4228.33,603,0,51,163,Bajo,0.0,1,0.4890289284368046,1,Denegar/Revisar,Medio
CLI-102704,Arequipa,1475.54,688.41,626,0,40,124,Medio,1.0,1,0.24044192716462384,1,Denegar/Revisar,Bajo
CLI-102705,Loreto,2383.76,2256.02,916,0,37,9,Medio,1.0,0,0.02296838371490567,0,Aprobar,Bajo
CLI-102706,Lima,3655.12,12653.938750000001,820,1,43,172,Alto,2.0,0,0.27693345162330646,1,Denegar/Revisar,Medio
CLI-102707,Lima,3642.28,8623.19,783,0,18,1,Alto,2.0,0,0.19597594519829198,0,Aprobar,Bajo
CLI-102708,Lima,4597.13,2116.1,877,0,43,161,Bajo,0.0,1,0.020051273023140314,0,Aprobar,Bajo
CLI-102709,Lima,1822.53,1722.19,631,0,37,77,Bajo,0.0,1,0.26485666809916913,1,Denegar/Revisar,Medio
CLI-102710,Arequipa,3527.43,529.93,681,0,38,92,Medio,1.0,0,0.10194481878720223,0,Aprobar,Bajo
CLI-102711,Piura,4068.32,143.29,619,0,47,89,Alto,2.0,0,0.14643190195363573,0,Aprobar,Bajo
CLI-102712,Lima,3814.46,1412.23,133,1,38,127,Medio,1.0,1,0.9562548914377714,1,Denegar/Revisar,Muy alto
CLI-102713,Lima,3655.12,11272.58,835,0,26,60,Alto,2.0,0,0.2070320065132059,1,Denegar/Revisar,Bajo
CLI-102714,Lima,4575.6,12653.938750000001,790,0,38,59,Medio,1.0,0,0.28284948524249054,1,Denegar/Revisar,Medio
CLI-102715,Lima,4157.88,6696.32,857,0,40,114,Medio,1.0,1,0.06471413205836277,0,Aprobar,Bajo
CLI-102716,Piura,2156.7,1728.21,589,1,40,96,Medio,1.0,1,0.32264714417441565,1,Denegar/Revisar,Medio
CLI-102717,Cusco,3048.73,620.19,871,0,41,166,Bajo,0.0,1,0.022106204300962193,0,Aprobar,Bajo
CLI-102718,Loreto,1953.8,3620.75,719,0,50,218,Medio,1.0,1,0.1802893550054357,0,Aprobar,Bajo
CLI-102719,Lima,6454.04,4159.54,853,0,28,52,Alto,2.0,0,0.02500386267115775,0,Aprobar,Bajo
CLI-102720,Loreto,1340.14,2210.58,522,1,40,52,Medio,1.0,0,0.5444402528789358,1,Denegar/Revisar,Alto
CLI-102721,Arequipa,3638.81,4706.04,567,0,53,107,Medio,1.0,1,0.43775177623901096,1,Denegar/Revisar,Medio
CLI-102722,Arequipa,1025.0,5492.44,123,1,19,5,Alto,2.0,0,0.9912150334868106,1,Denegar/Revisar,Muy alto
CLI-102723,Lima,3655.12,6112.57,315,1,41,145,Medio,1.0,1,0.9173551961893458,1,Denegar/Revisar,Muy alto
CLI-102724,Lima,4266.19,2791.02,154,1,33,131,Alto,2.0,0,0.9574049838452341,1,Denegar/Revisar,Muy alto
CLI-102725,Lima,4477.98,6273.97,125,1,35,170,Alto,2.0,0,0.9832248425425161,1,Denegar/Revisar,Muy alto
CLI-102726,Lima,1697.8,103.23,380,0,28,22,Bajo,0.0,0,0.7351214603056166,1,Denegar/Revisar,Alto
CLI-102727,Lima,4552.42,4562.79,903,0,37,164,Alto,2.0,0,0.026441314978121664,0,Aprobar,Bajo
CLI-102728,Lima,2451.03,1074.83,426,1,59,207,Bajo,0.0,1,0.6501391409397511,1,Denegar/Revisar,Alto
CLI-102729,Lima,1740.08,1261.69,285,1,24,62,Alto,2.0,0,0.8953681058627315,1,Denegar/Revisar,Muy alto
CLI-102730,Arequipa,3753.78,382.97,594,1,26,32,Alto,2.0,0,0.197065095554731,0,Aprobar,Bajo
CLI-102731,Lima,3942.84,854.72,111,1,25,44,Alto,2.0,0,0.960150462460139,1,Denegar/Revisar,Muy alto
CLI-102732,Lima,3087.28,12653.938750000001,740,1,58,260,Bajo,0.0,1,0.4806368516176264,1,Denegar/Revisar,Medio
CLI-102733,Cusco,4959.76,2147.24,983,0,34,94,Alto,2.0,0,0.006956145457918208,0,Aprobar,Bajo
CLI-102734,Cusco,2204.38,10511.34,533,1,38,143,Medio,1.0,1,0.8358270755442748,1,Denegar/Revisar,Muy alto
CLI-102735,Arequipa,1549.13,711.24,307,0,34,15,Medio,1.0,0,0.8617600390306464,1,Denegar/Revisar,Muy alto
CLI-102736,Cusco,2477.4,912.92,232,0,28,28,Alto,2.0,0,0.9167684414128653,1,Denegar/Revisar,Muy alto
CLI-102737,Piura,2979.29,3264.09,438,0,36,74,Medio,1.0,0,0.6917596705594395,1,Denegar/Revisar,Alto
CLI-102738,Cusco,4091.67,1720.26,295,0,66,155,Bajo,0.0,1,0.8325980405408968,1,Denegar/Revisar,Muy alto
CLI-102739,Lima,1344.71,4130.35,361,1,53,89,Alto,2.0,0,0.8939180224740777,1,Denegar/Revisar,Muy alto
CLI-102740,Lima,6499.95,2193.05,381,1,31,26,Alto,2.0,0,0.5838071415338797,1,Denegar/Revisar,Alto
CLI-102741,Lima,1025.0,6676.69,468,1,45,199,Bajo,0.0,1,0.8506342971393319,1,Denegar/Revisar,Muy alto
CLI-102742,Lima,3246.1,2259.43,202,1,30,69,Medio,1.0,0,0.93980958811265,1,Denegar/Revisar,Muy alto
CLI-102743,Lima,3534.39,3397.79,731,0,19,1,Medio,1.0,0,0.1149844624517274,0,Aprobar,Bajo
CLI-102744,Piura,2091.49,12653.938750000001,282,1,50,163,Medio,1.0,1,0.9880089483105841,1,Denegar/Revisar,Muy alto
CLI-102745,Arequipa,3281.3,4870.14,522,0,52,117,Medio,1.0,1,0.5718641280599374,1,Denegar/Revisar,Alto
CLI-102746,Piura,3724.25,4253.76,108,1,51,191,Medio,1.0,1,0.9809263369067037,1,Denegar/Revisar,Muy alto
CLI-102747,Lima,5053.27,2023.36,656,0,34,168,Alto,2.0,0,0.1254871517090118,0,Aprobar,Bajo
CLI-102748,Loreto,2859.65,1292.03,343,1,37,42,Medio,1.0,0,0.7876525018103926,1,Denegar/Revisar,Muy alto
CLI-102749,Piura,4759.68,3808.75,881,0,48,126,Bajo,0.0,1,0.02641671346189545,0,Aprobar,Bajo
CLI-102750,Lima,1950.56,11469.47,723,0,43,81,Alto,2.0,0,0.5361514108406232,1,Denegar/Revisar,Alto
CLI-102751,Arequipa,3555.6,569.22,666,0,35,56,Medio,1.0,0,0.11574808051707573,0,Aprobar,Bajo
CLI-102752,Lima,4075.56,6420.12,492,1,21,5,Alto,2.0,0,0.6797017147951973,1,Denegar/Revisar,Alto
CLI-102753,Lima,1025.0,3132.22,626,0,39,111,Alto,2.0,0,0.3796264822908807,1,Denegar/Revisar,Medio
CLI-102754,Cusco,2893.37,2982.48,136,1,51,103,Medio,1.0,1,0.9734508018338515,1,Denegar/Revisar,Muy alto
CLI-102755,Lima,2801.69,12653.938750000001,277,1,25,32,Alto,2.0,0,0.9870307750838446,1,Denegar/Revisar,Muy alto
CLI-102756,Lima,5880.72,3724.35,738,0,47,85,Medio,1.0,1,0.070308702644433,0,Aprobar,Bajo
CLI-102757,Loreto,4206.67,7100.03,728,0,43,258,Medio,1.0,1,0.19991853463221815,0,Aprobar,Bajo
CLI-102758,Arequipa,5121.74,2890.12,951,0,48,192,Bajo,0.0,1,0.01054333462586301,0,Aprobar,Bajo
CLI-102759,Lima,2434.73,1149.95,171,1,48,174,Bajo,0.0,1,0.953973568966599,1,Denegar/Revisar,Muy alto
CLI-102760,Lima,4350.07,4743.09,451,1,32,94,Alto,2.0,0,0.6724208966394033,1,Denegar/Revisar,Alto
CLI-102761,Lima,4787.43,10265.0,722,0,22,19,Alto,2.0,0,0.31899360649890285,1,Denegar/Revisar,Medio
CLI-102762,Piura,1036.09,7361.2,248,1,32,151,Alto,2.0,0,0.9810228848234526,1,Denegar/Revisar,Muy alto
CLI-102763,Lima,4558.46,884.4,796,0,49,182,Alto,2.0,1,0.03291044815492744,0,Aprobar,Bajo
CLI-102764,Lima,4681.36,1524.39,204,1,33,45,Medio,1.0,0,0.9038828424642975,1,Denegar/Revisar,Muy alto
CLI-102765,Cusco,3560.7650000000003,2909.97,758,0,31,51,Alto,2.0,0,0.08590052083340917,0,Aprobar,Bajo
CLI-102766,Piura,3181.06,3390.82,320,1,19,9,Medio,1.0,0,0.8693525528387441,1,Denegar/Revisar,Muy alto
CLI-102767,Lima,4832.53,861.76,925,0,59,95,Bajo,0.0,1,0.00938688438391271,0,Aprobar,Bajo
CLI-102768,Piura,5796.36,1045.52,962,0,49,18,Medio,1.0,1,0.005328050673478648,0,Aprobar,Bajo
CLI-102769,Arequipa,3638.81,5689.03,473,1,47,95,Medio,1.0,1,0.69827645334328,1,Denegar/Revisar,Alto
CLI-102770,Lima,4445.57,5242.04,617,0,50,267,Alto,2.0,1,0.3197634463630683,1,Denegar/Revisar,Medio
CLI-102771,Lima,1025.0,7310.59,359,1,44,194,Medio,1.0,1,0.9457044295238376,1,Denegar/Revisar,Muy alto
CLI-102772,Loreto,4589.53,10808.06,398,1,37,133,Alto,2.0,0,0.9199457289473654,1,Denegar/Revisar,Muy alto
CLI-102773,Lima,3842.87,1474.19,960,0,37,32,Bajo,0.0,1,0.009676206098118844,0,Aprobar,Bajo
CLI-102774,Piura,2652.31,7852.9,141,1,34,26,Alto,2.0,0,0.9907873665932578,1,Denegar/Revisar,Muy alto
CLI-102775,Lima,3406.95,4386.6,870,0,68,126,Bajo,0.0,1,0.04445208707435566,0,Aprobar,Bajo
CLI-102776,Lima,4430.43,12653.938750000001,996,0,45,175,Alto,2.0,1,0.057830855495561995,0,Aprobar,Bajo
CLI-102777,Lima,4065.08,1270.22,591,0,34,92,Alto,2.0,0,0.22072312242511213,1,Denegar/Revisar,Bajo
CLI-102778,Lima,4707.47,1257.04,538,1,45,24,Medio,1.0,0,0.27796089173546124,1,Denegar/Revisar,Medio
CLI-102779,Lima,6213.25,4873.55,882,0,29,61,Alto,2.0,0,0.023458449204555504,0,Aprobar,Bajo
CLI-102780,Lima,2864.82,10547.24,146,1,55,295,Bajo,0.0,1,0.994238126167411,1,Denegar/Revisar,Muy alto
CLI-102781,Loreto,1025.0,6961.74,184,1,31,134,Alto,2.0,0,0.9886143565049488,1,Denegar/Revisar,Muy alto
CLI-102782,Cusco,6028.47,5193.71,785,0,45,102,Alto,2.0,0,0.06248232155145525,0,Aprobar,Bajo
CLI-102783,Arequipa,1025.0,1959.58,157,1,50,59,Bajo,0.0,1,0.9749338482736952,1,Denegar/Revisar,Muy alto
CLI-102784,Loreto,3486.61,5060.09,810,0,43,88,Medio,1.0,1,0.08167850807394057,0,Aprobar,Bajo
CLI-102785,Lima,2380.47,6459.72,308,1,40,94,Medio,1.0,0,0.9448877669110867,1,Denegar/Revisar,Muy alto
CLI-102786,Cusco,3211.34,5598.1,347,1,39,215,Medio,1.0,1,0.8910082907537545,1,Denegar/Revisar,Muy alto
CLI-102787,Lima,1224.77,12653.938750000001,310,1,37,38,Bajo,0.0,1,0.9877325802333472,1,Denegar/Revisar,Muy alto
CLI-102788,Cusco,1025.0,193.11,138,1,32,123,Alto,2.0,0,0.9697057584213381,1,Denegar/Revisar,Muy alto
CLI-102789,Cusco,3169.72,4311.89,351,1,34,63,Alto,2.0,0,0.86295698934281,1,Denegar/Revisar,Muy alto
CLI-102790,Arequipa,2787.31,2602.61,742,0,55,204,Bajo,0.0,1,0.10908794283329572,0,Aprobar,Bajo
CLI-102791,Cusco,6323.14,12653.938750000001,902,0,39,98,Medio,1.0,1,0.0842055131511438,0,Aprobar,Bajo
CLI-102792,Piura,3395.68,3737.72,861,0,30,141,Alto,2.0,0,0.04237636578755651,0,Aprobar,Bajo
CLI-102793,Lima,1981.52,3748.29,512,0,33,79,Alto,2.0,0,0.6192668968644984,1,Denegar/Revisar,Alto
CLI-102794,Lima,3655.12,12653.938750000001,545,1,51,41,Alto,2.0,0,0.8347973600927003,1,Denegar/Revisar,Muy alto
CLI-102795,Piura,3506.9,393.04,151,1,46,156,Alto,2.0,1,0.943235272686464,1,Denegar/Revisar,Muy alto
CLI-102796,Lima,7521.43,1293.6,473,0,47,122,Medio,1.0,1,0.2708965819641027,1,Denegar/Revisar,Medio
CLI-102797,Piura,1025.0,4269.38,625,0,35,57,Alto,2.0,0,0.4398917525763065,1,Denegar/Revisar,Medio
CLI-102798,Cusco,3321.65,1514.73,255,1,45,85,Medio,1.0,1,0.8885660881400294,1,Denegar/Revisar,Muy alto
CLI-102799,Lima,4510.42,1699.51,641,0,32,80,Medio,1.0,0,0.14409806773717188,0,Aprobar,Bajo
CLI-102800,Arequipa,2919.73,8926.45,189,1,36,158,Alto,2.0,0,0.9877790545659902,1,Denegar/Revisar,Muy alto
CLI-102801,Cusco,3513.0,3463.85,778,0,50,80,Bajo,0.0,1,0.08133746688759683,0,Aprobar,Bajo
CLI-102802,Cusco,5268.43,434.2,450,1,49,85,Bajo,0.0,1,0.4026255052089346,1,Denegar/Revisar,Medio
CLI-102803,Cusco,3535.6,1489.26,168,1,28,70,Medio,1.0,0,0.9446579043154103,1,Denegar/Revisar,Muy alto
CLI-102804,Piura,3660.39,316.43,262,1,30,89,Medio,1.0,0,0.8427516254945052,1,Denegar/Revisar,Muy alto
CLI-102805,Cusco,1877.95,3248.89,341,0,39,164,Medio,1.0,1,0.8776810009001005,1,Denegar/Revisar,Muy alto
CLI-102806,Arequipa,1941.99,761.1,594,1,57,105,Bajo,0.0,1,0.28813229483163716,1,Denegar/Revisar,Medio
CLI-102807,Lima,3282.26,7782.86,482,1,18,1,Alto,2.0,0,0.7888620881028483,1,Denegar/Revisar,Muy alto
CLI-102808,Lima,4225.3,3444.5,151,1,42,164,Alto,2.0,0,0.9640191922884587,1,Denegar/Revisar,Muy alto
CLI-102809,Arequipa,3437.13,244.85,753,0,24,25,Alto,2.0,0,0.05457848017953678,0,Aprobar,Bajo
CLI-102810,Lima,3655.12,1431.71,162,1,32,115,Alto,2.0,0,0.9474579980386163,1,Denegar/Revisar,Muy alto
CLI-102811,Piura,2247.47,3831.97,608,1,34,82,Alto,2.0,0,0.38742105641628566,1,Denegar/Revisar,Medio
CLI-102812,Arequipa,4424.01,1634.87,391,1,35,37,Alto,2.0,0,0.6475846928314575,1,Denegar/Revisar,Alto
CLI-102813,Lima,4728.97,2879.42,190,1,34,154,Medio,1.0,1,0.9338616321803574,1,Denegar/Revisar,Muy alto
CLI-102814,Piura,3977.34,9603.54,763,0,39,33,Medio,1.0,0,0.24356826625815117,1,Denegar/Revisar,Bajo
CLI-102815,Arequipa,5916.03,1723.35,523,0,34,90,Alto,2.0,0,0.2774067046803947,1,Denegar/Revisar,Medio
CLI-102816,Lima,3219.88,1637.13,768,0,23,41,Alto,2.0,0,0.06609609585345012,0,Aprobar,Bajo
CLI-102817,Lima,2244.53,6853.79,920,0,47,105,Alto,2.0,0,0.06030436236268865,0,Aprobar,Bajo
CLI-102818,Lima,4634.55,1535.34,464,0,48,72,Medio,1.0,1,0.4539506624768278,1,Denegar/Revisar,Medio
CLI-102819,Lima,2854.19,324.66,249,1,48,110,Medio,1.0,1,0.8797016074499487,1,Denegar/Revisar,Muy alto
CLI-102820,Cusco,3506.14,798.42,939,0,22,37,Alto,2.0,0,0.011031136653474712,0,Aprobar,Bajo
CLI-102821,Lima,3355.01,11888.08,370,1,42,64,Medio,1.0,0,0.9600875685729657,1,Denegar/Revisar,Muy alto
CLI-102822,Piura,2083.42,10829.77,980,0,46,183,Bajo,0.0,1,0.08076853259866866,0,Aprobar,Bajo
CLI-102823,Lima,1237.9,1018.6,680,0,27,62,Alto,2.0,0,0.18340166988499576,0,Aprobar,Bajo
CLI-102824,Lima,3068.85,3225.28,215,1,39,77,Bajo,0.0,1,0.9483287003065815,1,Denegar/Revisar,Muy alto
CLI-102825,Loreto,4757.54,591.07,803,0,38,78,Alto,2.0,0,0.027805852278526614,0,Aprobar,Bajo
CLI-102826,Arequipa,5820.79,4491.75,615,0,60,386,Medio,1.0,1,0.2223299898373808,1,Denegar/Revisar,Bajo
CLI-102827,Lima,5201.96,819.77,686,0,61,411,Medio,1.0,1,0.07242274120953794,0,Aprobar,Bajo
CLI-102828,Lima,5271.05,204.29,909,0,21,17,Alto,2.0,0,0.008581569352684245,0,Aprobar,Bajo
CLI-102829,Lima,5085.65,6969.52,340,0,67,370,Medio,1.0,1,0.8830311788358244,1,Denegar/Revisar,Muy alto
CLI-102830,Lima,3492.84,1574.54,129,1,29,46,Alto,2.0,0,0.9633695759845048,1,Denegar/Revisar,Muy alto
CLI-102831,Arequipa,2467.7,459.5,242,1,49,11,Medio,1.0,0,0.8978381808390365,1,Denegar/Revisar,Muy alto
CLI-102832,Lima,4718.58,7180.76,425,1,50,82,Alto,2.0,0,0.8009668618415369,1,Denegar/Revisar,Muy alto
CLI-102833,Lima,5401.41,5748.62,794,0,29,6,Alto,2.0,0,0.07377573232637036,0,Aprobar,Bajo
CLI-102834,Lima,3655.12,4605.0,115,1,44,109,Medio,1.0,1,0.981380313320649,1,Denegar/Revisar,Muy alto
CLI-102835,Cusco,1120.29,9687.67,210,1,37,9,Alto,2.0,0,0.9916210122949477,1,Denegar/Revisar,Muy alto
CLI-102836,Cusco,1764.4,2687.31,971,0,44,45,Medio,1.0,0,0.017437367851469043,0,Aprobar,Bajo
CLI-102837,Lima,5387.6,548.12,812,0,42,97,Alto,2.0,0,0.022009887875806978,0,Aprobar,Bajo
CLI-102838,Arequipa,3630.01,253.24,206,0,52,332,Bajo,0.0,1,0.9034676513879534,1,Denegar/Revisar,Muy alto
CLI-102839,Lima,4384.65,1533.49,478,0,40,139,Medio,1.0,1,0.4357431956042288,1,Denegar/Revisar,Medio
CLI-102840,Lima,4341.61,363.34,261,1,37,88,Medio,1.0,0,0.8234736745352657,1,Denegar/Revisar,Muy alto
CLI-102841,Arequipa,3638.81,3067.26,382,0,51,219,Bajo,0.0,1,0.7645099799066691,1,Denegar/Revisar,Muy alto
CLI-102842,Cusco,1025.0,58.42,368,0,44,100,Medio,1.0,1,0.7758261688640504,1,Denegar/Revisar,Muy alto
CLI-102843,Cusco,4439.78,2346.25,583,0,47,222,Medio,1.0,1,0.25263696736527796,1,Denegar/Revisar,Medio
CLI-102844,Piura,5828.61,786.3,766,0,33,15,Bajo,0.0,0,0.031844737509544786,0,Aprobar,Bajo
CLI-102845,Lima,3371.79,1837.16,172,1,27,51,Medio,1.0,0,0.9483996614402627,1,Denegar/Revisar,Muy alto
CLI-102846,Arequipa,1025.0,4496.14,296,0,32,93,Alto,2.0,0,0.9474791352948987,1,Denegar/Revisar,Muy alto
CLI-102847,Lima,3545.03,1729.07,342,1,32,56,Alto,2.0,0,0.7844780992035644,1,Denegar/Revisar,Muy alto
CLI-102848,Piura,2206.88,1670.19,697,0,47,129,Bajo,0.0,1,0.14928989821474636,0,Aprobar,Bajo
CLI-102849,Lima,1982.38,12653.938750000001,898,1,49,175,Bajo,0.0,1,0.21361250820439195,1,Denegar/Revisar,Bajo
CLI-102850,Arequipa,3204.5,5074.97,358,1,37,23,Alto,2.0,0,0.8729707738326081,1,Denegar/Revisar,Muy alto
CLI-102851,Lima,4537.75,2885.05,897,0,55,369,Bajo,0.0,1,0.019827565296672425,0,Aprobar,Bajo
CLI-102852,Lima,2848.07,3464.06,248,1,54,79,Medio,1.0,1,0.9348323552459414,1,Denegar/Revisar,Muy alto
CLI-102853,Cusco,3560.7650000000003,3872.26,966,0,42,195,Bajo,0.0,1,0.016099294417160393,0,Aprobar,Bajo
CLI-102854,Lima,2292.1,99.53,489,1,29,67,Alto,2.0,0,0.46494886777360045,1,Denegar/Revisar,Medio
CLI-102855,Piura,3658.52,334.68,515,0,56,39,Medio,1.0,1,0.33398253118114624,1,Denegar/Revisar,Medio
CLI-102856,Lima,2821.97,4190.03,525,1,38,38,Bajo,0.0,1,0.5653135674809854,1,Denegar/Revisar,Alto
CLI-102857,Lima,3724.47,1813.18,801,0,40,47,Medio,1.0,0,0.04409877859822807,0,Aprobar,Bajo
CLI-102858,Lima,3534.62,228.16,316,1,35,56,Alto,2.0,0,0.7722929515216707,1,Denegar/Revisar,Muy alto
CLI-102859,Lima,6021.46,1412.51,966,0,30,41,Bajo,0.0,0,0.005468878078390968,0,Aprobar,Bajo
CLI-102860,Loreto,3308.44,558.35,185,1,23,46,Alto,2.0,0,0.9290648895670467,1,Denegar/Revisar,Muy alto
CLI-102861,Lima,4066.01,9922.73,315,1,46,96,Medio,1.0,1,0.9575580624879205,1,Denegar/Revisar,Muy alto
CLI-102862,Cusco,3559.34,907.23,522,0,30,29,Bajo,0.0,0,0.3604336948705412,1,Denegar/Revisar,Medio
CLI-102863,Piura,3660.39,620.5,419,0,70,100,Bajo,0.0,1,0.5765792953827353,1,Denegar/Revisar,Alto
CLI-102864,Lima,4484.7,3935.8,217,1,27,70,Alto,2.0,0,0.9377632328883222,1,Denegar/Revisar,Muy alto
CLI-102865,Piura,7280.78,2951.84,981,0,27,12,Alto,2.0,0,0.004912526908732653,0,Aprobar,Bajo
CLI-102866,Piura,5344.16,3431.45,514,0,45,230,Medio,1.0,1,0.396997096677703,1,Denegar/Revisar,Medio
CLI-102867,Arequipa,3813.37,2290.44,698,0,56,340,Bajo,0.0,1,0.1201143408013148,0,Aprobar,Bajo
CLI-102868,Lima,4495.0,2518.21,139,1,40,72,Bajo,0.0,1,0.9586119937190648,1,Denegar/Revisar,Muy alto
CLI-102869,Lima,3843.56,6034.71,260,1,45,191,Medio,1.0,1,0.9459725811876571,1,Denegar/Revisar,Muy alto
CLI-102870,Loreto,3193.18,993.45,802,0,19,5,Alto,2.0,0,0.04323307875443406,0,Aprobar,Bajo
CLI-102871,Cusco,4616.22,2020.23,636,0,32,23,Alto,2.0,0,0.1606913416120783,0,Aprobar,Bajo
CLI-102872,Loreto,1844.96,12653.938750000001,519,1,26,42,Alto,2.0,0,0.9075392240650064,1,Denegar/Revisar,Muy alto
CLI-102873,Lima,4872.45,842.81,763,0,19,7,Medio,1.0,0,0.039503651369717854,0,Aprobar,Bajo
CLI-102874,Arequipa,3638.81,1391.28,194,1,40,145,Medio,1.0,1,0.9274891763596281,1,Denegar/Revisar,Muy alto
CLI-102875,Lima,4815.92,850.63,541,0,18,0,Medio,1.0,0,0.25091572825262454,1,Denegar/Revisar,Medio
CLI-102876,Lima,5608.93,82.83,657,1,25,5,Alto,2.0,0,0.076590995775317,0,Aprobar,Bajo
CLI-102877,Lima,3430.71,1257.91,749,0,33,13,Alto,2.0,0,0.06920058645119348,0,Aprobar,Bajo
CLI-102878,Piura,4351.32,190.33,565,0,30,47,Alto,2.0,0,0.21214711060342417,1,Denegar/Revisar,Bajo
CLI-102879,Lima,3655.12,672.18,387,0,43,170,Medio,1.0,1,0.6416628324238715,1,Denegar/Revisar,Alto
CLI-102880,Lima,3655.12,1801.95,964,0,42,60,Medio,1.0,0,0.010035062027451438,0,Aprobar,Bajo
CLI-102881,Loreto,5075.56,83.76,775,0,49,165,Medio,1.0,1,0.028999230726991516,0,Aprobar,Bajo
CLI-102882,Lima,4204.03,5592.76,511,1,47,102,Medio,1.0,1,0.5820379533866139,1,Denegar/Revisar,Alto
CLI-102883,Lima,4540.22,6350.49,499,1,52,102,Bajo,0.0,1,0.6374260200078101,1,Denegar/Revisar,Alto
CLI-102884,Lima,2208.89,2120.13,627,0,38,88,Alto,2.0,0,0.27111639025788664,1,Denegar/Revisar,Medio
CLI-102885,Cusco,4648.15,12653.938750000001,117,1,43,166,Medio,1.0,1,0.9953495146140338,1,Denegar/Revisar,Muy alto
CLI-102886,Piura,3645.96,4545.18,235,1,45,45,Medio,1.0,0,0.944198106195715,1,Denegar/Revisar,Muy alto
CLI-102887,Lima,3448.8,5445.97,563,0,40,50,Medio,1.0,0,0.4968962587765565,1,Denegar/Revisar,Medio
CLI-102888,Loreto,4074.98,854.26,858,0,35,132,Medio,1.0,1,0.019942163328156976,0,Aprobar,Bajo
CLI-102889,Loreto,3600.67,7266.77,347,0,35,22,Bajo,0.0,0,0.9169509556585991,1,Denegar/Revisar,Muy alto
CLI-102890,Lima,3140.61,11605.06,942,0,30,71,Medio,1.0,0,0.10015145803974435,0,Aprobar,Bajo
CLI-102891,Arequipa,3638.81,1078.37,809,0,44,70,Alto,2.0,0,0.03739554236049307,0,Aprobar,Bajo
CLI-102892,Arequipa,4144.66,4639.37,100,1,38,30,Alto,2.0,0,0.982666029424227,1,Denegar/Revisar,Muy alto
CLI-102893,Arequipa,5647.49,5496.53,801,0,32,64,Alto,2.0,0,0.06261487578222859,0,Aprobar,Bajo
CLI-102894,Lima,5729.79,1456.35,480,1,33,116,Medio,1.0,0,0.3530548336275928,1,Denegar/Revisar,Medio
CLI-102895,Loreto,3600.67,2577.5,608,0,26,14,Alto,2.0,0,0.26171168426212216,1,Denegar/Revisar,Medio
CLI-102896,Piura,1134.4,410.52,559,1,49,206,Bajo,0.0,1,0.38632552506342055,1,Denegar/Revisar,Medio
CLI-102897,Lima,4651.31,760.26,604,0,40,45,Bajo,0.0,1,0.16422323096418284,0,Aprobar,Bajo
CLI-102898,Lima,5197.44,254.19,905,0,30,75,Alto,2.0,0,0.00915391456444411,0,Aprobar,Bajo
CLI-102899,Lima,3655.12,3285.43,575,0,48,159,Bajo,0.0,1,0.3564851980112344,1,Denegar/Revisar,Medio
CLI-102900,Lima,5435.13,3926.12,656,0,34,69,Medio,1.0,0,0.15886213338522037,0,Aprobar,Bajo
CLI-102901,Arequipa,4596.98,9913.45,948,0,24,32,Medio,1.0,0,0.049877983233251905,0,Aprobar,Bajo
CLI-102902,Lima,3655.12,3125.16,996,0,50,28,Medio,1.0,1,0.009831052343145203,0,Aprobar,Bajo
CLI-102903,Lima,4267.46,1207.73,131,1,33,17,Alto,2.0,0,0.9522835572961794,1,Denegar/Revisar,Muy alto
CLI-102904,Piura,1025.0,245.26,217,1,33,23,Medio,1.0,0,0.9368775729824307,1,Denegar/Revisar,Muy alto
CLI-102905,Lima,3655.12,8649.66,907,0,39,87,Alto,2.0,0,0.07094553355398388,0,Aprobar,Bajo
CLI-102906,Cusco,4484.49,2606.93,283,1,52,296,Bajo,0.0,1,0.8597029087664193,1,Denegar/Revisar,Muy alto
CLI-102907,Lima,2898.49,5347.31,290,1,39,120,Bajo,0.0,1,0.9366660769225214,1,Denegar/Revisar,Muy alto
CLI-102908,Lima,3618.76,59.03,846,0,26,59,Medio,1.0,0,0.020953291507933142,0,Aprobar,Bajo
CLI-102909,Lima,4640.27,2678.81,849,0,45,94,Medio,1.0,1,0.027754775604988464,0,Aprobar,Bajo
CLI-102910,Lima,6178.17,1576.45,827,0,35,21,Medio,1.0,0,0.019086913179412864,0,Aprobar,Bajo
CLI-102911,Lima,3655.12,1478.44,173,1,60,194,Bajo,0.0,1,0.9426135841480698,1,Denegar/Revisar,Muy alto
CLI-102912,Arequipa,2928.47,12653.938750000001,722,1,39,105,Alto,2.0,0,0.5320099075296043,1,Denegar/Revisar,Alto
CLI-102913,Cusco,4729.47,2877.16,202,1,18,1,Alto,2.0,0,0.9290968639476929,1,Denegar/Revisar,Muy alto
CLI-102914,Lima,6557.47,1620.94,970,0,44,111,Alto,2.0,0,0.004863696769581811,0,Aprobar,Bajo
CLI-102915,Arequipa,2659.01,6555.44,685,1,60,127,Bajo,0.0,1,0.33162815879380897,1,Denegar/Revisar,Medio
CLI-102916,Arequipa,7735.85,2369.04,519,1,58,63,Medio,1.0,1,0.2236995414355189,1,Denegar/Revisar,Bajo
CLI-102917,Loreto,3643.02,14.02,572,1,59,247,Bajo,0.0,1,0.22260041019207666,1,Denegar/Revisar,Bajo
CLI-102918,Lima,5648.64,11561.72,863,1,29,33,Alto,2.0,0,0.11846027526985081,0,Aprobar,Bajo
CLI-102919,Lima,4017.19,1181.15,213,1,49,99,Medio,1.0,1,0.9036393302664079,1,Denegar/Revisar,Muy alto
CLI-102920,Lima,2409.0,7101.39,478,0,31,63,Alto,2.0,0,0.8044464326212464,1,Denegar/Revisar,Muy alto
CLI-102921,Arequipa,2646.71,6780.32,412,1,41,165,Medio,1.0,1,0.8666907685757353,1,Denegar/Revisar,Muy alto
CLI-102922,Loreto,3600.67,708.73,429,0,25,26,Alto,2.0,0,0.561543425121927,1,Denegar/Revisar,Alto
CLI-102923,Lima,1025.0,2569.84,438,0,31,19,Medio,1.0,0,0.7531011762694162,1,Denegar/Revisar,Muy alto
CLI-102924,Lima,4405.47,164.12,337,0,32,42,Alto,2.0,0,0.6918340048736529,1,Denegar/Revisar,Alto
CLI-102925,Cusco,1025.0,1751.24,272,0,48,126,Medio,1.0,1,0.9241116368049894,1,Denegar/Revisar,Muy alto
CLI-102926,Loreto,2878.0,5251.86,178,1,47,151,Medio,1.0,1,0.9756525071311367,1,Denegar/Revisar,Muy alto
CLI-102927,Cusco,2618.43,1082.35,563,0,42,62,Alto,2.0,0,0.3311951507884089,1,Denegar/Revisar,Medio
CLI-102928,Arequipa,5362.21,498.3,997,0,25,14,Alto,2.0,0,0.003934226263777181,0,Aprobar,Bajo
CLI-102929,Lima,1025.0,2829.99,704,0,35,87,Alto,2.0,0,0.21641721365510053,1,Denegar/Revisar,Bajo
CLI-102930,Piura,1206.7,3080.0,600,1,30,43,Alto,2.0,0,0.4254544796486536,1,Denegar/Revisar,Medio
CLI-102931,Arequipa,2926.86,4505.94,661,1,48,219,Medio,1.0,1,0.26714636313956497,1,Denegar/Revisar,Medio
CLI-102932,Lima,4046.27,5694.12,384,1,52,34,Alto,2.0,0,0.8346587651531306,1,Denegar/Revisar,Muy alto
CLI-102933,Piura,3476.4,4760.4,322,1,51,125,Medio,1.0,1,0.8906296253802205,1,Denegar/Revisar,Muy alto
CLI-102934,Arequipa,5459.42,7467.97,692,0,31,61,Alto,2.0,0,0.22730415347889876,1,Denegar/Revisar,Bajo
CLI-102935,Lima,3391.85,1008.78,365,1,18,0,Alto,2.0,0,0.7230468120551329,1,Denegar/Revisar,Alto
CLI-102936,Arequipa,4005.39,3373.71,766,0,20,12,Alto,2.0,0,0.07980252928362913,0,Aprobar,Bajo
CLI-102937,Piura,1836.63,1785.74,472,1,54,126,Medio,1.0,1,0.6088184586026398,1,Denegar/Revisar,Alto
CLI-102938,Cusco,2828.94,12653.938750000001,332,1,34,49,Medio,1.0,0,0.9774974693836349,1,Denegar/Revisar,Muy alto
CLI-102939,Lima,4324.73,2321.27,927,0,31,103,Alto,2.0,0,0.014039879653098943,0,Aprobar,Bajo
CLI-102940,Lima,1025.0,12653.938750000001,335,1,56,183,Bajo,0.0,1,0.9852303091616187,1,Denegar/Revisar,Muy alto
CLI-102941,Piura,3660.39,5862.49,770,0,53,237,Medio,1.0,1,0.1283764386666,0,Aprobar,Bajo
CLI-102942,Lima,5049.03,5069.98,927,0,40,161,Alto,2.0,0,0.021055881936754225,0,Aprobar,Bajo
CLI-102943,Arequipa,4493.24,2705.66,862,0,36,88,Medio,1.0,0,0.025621599290059225,0,Aprobar,Bajo
CLI-102944,Arequipa,2946.49,2343.48,413,1,37,110,Bajo,0.0,1,0.7098292831179116,1,Denegar/Revisar,Alto
CLI-102945,Lima,3412.84,2990.82,912,0,41,102,Alto,2.0,0,0.022798350304152358,0,Aprobar,Bajo
CLI-102946,Piura,1025.0,1390.48,479,1,56,314,Bajo,0.0,1,0.6271534527792141,1,Denegar/Revisar,Alto
CLI-102947,Piura,3660.39,9394.93,893,0,44,8,Medio,1.0,0,0.08921658054248233,0,Aprobar,Bajo
CLI-102948,Lima,3465.97,6325.94,713,0,47,60,Medio,1.0,1,0.2248377313863524,1,Denegar/Revisar,Bajo
CLI-102949,Cusco,6057.42,6465.77,662,0,53,217,Alto,2.0,1,0.21541617576222616,1,Denegar/Revisar,Bajo
CLI-102950,Loreto,3600.67,2270.67,519,0,26,51,Alto,2.0,0,0.4336458848497285,1,Denegar/Revisar,Medio
CLI-102951,Arequipa,4334.1,294.97,151,0,48,183,Medio,1.0,1,0.9281932539688925,1,Denegar/Revisar,Muy alto
CLI-102952,Arequipa,2374.97,4596.39,820,0,35,78,Medio,1.0,0,0.0867844295802822,0,Aprobar,Bajo
CLI-102953,Lima,4760.72,1876.26,918,0,18,0,Alto,2.0,0,0.012586875008947881,0,Aprobar,Bajo
CLI-102954,Cusco,3560.7650000000003,8174.15,742,1,18,1,Alto,2.0,0,0.24918994558342353,1,Denegar/Revisar,Bajo
CLI-102955,Arequipa,2602.58,6062.67,608,0,27,50,Alto,2.0,0,0.48263828425508587,1,Denegar/Revisar,Medio
CLI-102956,Arequipa,5378.88,628.15,881,0,46,205,Medio,1.0,1,0.011420644118599037,0,Aprobar,Bajo
CLI-102957,Loreto,2927.33,3682.36,304,0,40,140,Medio,1.0,1,0.8971346698962692,1,Denegar/Revisar,Muy alto
CLI-102958,Lima,2081.7,4713.4,830,0,40,133,Alto,2.0,0,0.08979759511984839,0,Aprobar,Bajo
CLI-102959,Loreto,3359.04,3358.59,356,1,60,293,Bajo,0.0,1,0.8246120048449346,1,Denegar/Revisar,Muy alto
CLI-102960,Lima,1993.75,2886.53,284,1,24,23,Alto,2.0,0,0.919860107222659,1,Denegar/Revisar,Muy alto
CLI-102961,Lima,1025.0,1034.37,244,1,38,95,Alto,2.0,0,0.9339693336954126,1,Denegar/Revisar,Muy alto
CLI-102962,Lima,2584.98,1076.26,789,0,42,138,Medio,1.0,1,0.05443017175736611,0,Aprobar,Bajo
CLI-102963,Cusco,5794.84,5844.21,113,1,32,108,Alto,2.0,0,0.9778427294617186,1,Denegar/Revisar,Muy alto
CLI-102964,Loreto,5008.58,75.47,345,1,40,24,Bajo,0.0,1,0.6399142428381726,1,Denegar/Revisar,Alto
CLI-102965,Arequipa,1025.0,6036.74,286,1,20,11,Alto,2.0,0,0.9648298976828982,1,Denegar/Revisar,Muy alto
CLI-102966,Arequipa,3089.45,2992.94,436,1,54,297,Bajo,0.0,1,0.6862786872266512,1,Denegar/Revisar,Alto
CLI-102967,Piura,3042.78,11009.43,358,1,31,92,Alto,2.0,0,0.9615165099175568,1,Denegar/Revisar,Muy alto
CLI-102968,Cusco,4030.94,12653.938750000001,965,1,61,261,Bajo,0.0,1,0.0826285831609244,0,Aprobar,Bajo
CLI-102969,Lima,1782.17,4356.45,139,1,38,109,Alto,2.0,0,0.9846352553222857,1,Denegar/Revisar,Muy alto
CLI-102970,Lima,5020.6,2125.86,700,0,51,204,Bajo,0.0,1,0.08907395645460453,0,Aprobar,Bajo
CLI-102971,Lima,5386.04,2578.08,736,0,39,47,Medio,1.0,0,0.06353720129736562,0,Aprobar,Bajo
CLI-102972,Arequipa,5107.5,913.71,517,0,39,178,Alto,2.0,0,0.2922569362117026,1,Denegar/Revisar,Medio
CLI-102973,Arequipa,3895.16,418.04,450,1,33,9,Medio,1.0,0,0.47058987211359216,1,Denegar/Revisar,Medio
CLI-102974,Lima,3628.98,3458.24,108,1,40,160,Bajo,0.0,1,0.978809335551306,1,Denegar/Revisar,Muy alto
CLI-102975,Lima,2881.27,6549.19,449,1,42,14,Medio,1.0,0,0.8056015504321501,1,Denegar/Revisar,Muy alto
CLI-102976,Loreto,1025.0,1213.98,183,1,29,87,Alto,2.0,0,0.9630125804044872,1,Denegar/Revisar,Muy alto
CLI-102977,Lima,1359.87,2176.52,632,0,37,112,Alto,2.0,0,0.30428971629937024,1,Denegar/Revisar,Medio
CLI-102978,Arequipa,3006.46,3236.69,892,0,32,63,Medio,1.0,0,0.030393875949507793,0,Aprobar,Bajo
CLI-102979,Cusco,3560.7650000000003,9539.43,457,1,64,246,Bajo,0.0,1,0.8651732282023078,1,Denegar/Revisar,Muy alto
CLI-102980,Lima,3655.12,596.93,477,0,38,95,Alto,2.0,0,0.44050844372743686,1,Denegar/Revisar,Medio
CLI-102981,Lima,1347.19,1081.38,271,1,55,10,Bajo,0.0,1,0.9114288152014451,1,Denegar/Revisar,Muy alto
CLI-102982,Arequipa,2180.41,10030.1,124,1,36,71,Medio,1.0,0,0.9953591674358537,1,Denegar/Revisar,Muy alto
CLI-102983,Loreto,4780.17,161.35,492,0,42,149,Alto,2.0,0,0.3245676328220661,1,Denegar/Revisar,Medio
CLI-102984,Piura,3405.49,4269.8,202,1,24,57,Medio,1.0,0,0.9583431441004161,1,Denegar/Revisar,Muy alto
CLI-102985,Cusco,2806.71,4081.34,801,1,34,70,Medio,1.0,0,0.08438076755871084,0,Aprobar,Bajo
CLI-102986,Lima,3239.58,1933.19,335,1,41,84,Medio,1.0,0,0.8073875763343079,1,Denegar/Revisar,Muy alto
CLI-102987,Piura,1525.03,2525.69,509,0,56,24,Bajo,0.0,1,0.5895994882046836,1,Denegar/Revisar,Alto
CLI-102988,Arequipa,3052.72,7721.82,924,0,41,72,Alto,2.0,0,0.057981883368416254,0,Aprobar,Bajo
CLI-102989,Loreto,1310.24,721.21,648,0,53,161,Medio,1.0,1,0.21226036653668862,1,Denegar/Revisar,Bajo
CLI-102990,Lima,4909.26,1053.61,883,0,47,183,Medio,1.0,1,0.013643085087499611,0,Aprobar,Bajo
CLI-102991,Loreto,3883.79,2872.63,904,0,57,83,Bajo,0.0,1,0.021516199481704412,0,Aprobar,Bajo
CLI-102992,Piura,3125.42,2108.81,431,1,38,149,Alto,2.0,0,0.6535365546479432,1,Denegar/Revisar,Alto
CLI-102993,Lima,5234.91,3416.76,763,1,66,272,Medio,1.0,1,0.06113528219374448,0,Aprobar,Bajo
CLI-102994,Lima,2790.12,12653.938750000001,893,1,33,65,Alto,2.0,0,0.19095583340668876,0,Aprobar,Bajo
CLI-102995,Loreto,4462.12,9960.58,631,1,31,115,Alto,2.0,0,0.5265887446843829,1,Denegar/Revisar,Alto
CLI-102996,Lima,6973.38,1045.55,748,0,27,43,Alto,2.0,0,0.030574133874068075,0,Aprobar,Bajo
CLI-102997,Lima,2966.83,1438.97,970,0,64,340,Bajo,0.0,1,0.010704482051336828,0,Aprobar,Bajo
CLI-102998,Lima,1025.0,707.28,128,1,47,171,Bajo,0.0,1,0.9751183678340792,1,Denegar/Revisar,Muy alto
CLI-102999,Loreto,3600.67,10512.73,642,0,35,88,Alto,2.0,0,0.5792668686488781,1,Denegar/Revisar,Alto
CLI-103000,Arequipa,3638.81,2029.09,118,1,53,143,Bajo,0.0,1,0.9687767362872237,1,Denegar/Revisar,Muy alto
CLI-103001,Arequipa,3638.81,2389.2,247,1,47,42,Medio,1.0,1,0.905706682760196,1,Denegar/Revisar,Muy alto
CLI-103002,Lima,6197.99,6490.92,570,1,62,49,Bajo,0.0,1,0.3877338202287358,1,Denegar/Revisar,Medio
CLI-103003,Piura,4947.36,2877.75,590,1,22,18,Alto,2.0,0,0.24650954562170704,1,Denegar/Revisar,Bajo
CLI-103004,Piura,4582.94,510.22,382,1,36,92,Medio,1.0,0,0.5938721538875911,1,Denegar/Revisar,Alto
CLI-103005,Loreto,5118.84,2303.94,961,0,34,45,Alto,2.0,0,0.008504739222262267,0,Aprobar,Bajo
CLI-103006,Cusco,5491.65,3982.68,952,0,18,1,Alto,2.0,0,0.012055031264472197,0,Aprobar,Bajo
CLI-103007,Lima,4777.64,5080.58,911,0,51,42,Medio,1.0,1,0.02502659777428768,0,Aprobar,Bajo
CLI-103008,Arequipa,2848.35,4146.52,774,0,36,73,Alto,2.0,0,0.11023020626611689,0,Aprobar,Bajo
CLI-103009,Lima,5494.16,507.61,212,1,48,191,Alto,2.0,1,0.858299178819161,1,Denegar/Revisar,Muy alto
CLI-103010,Piura,5611.15,1451.6,554,0,66,264,Bajo,0.0,1,0.22534004678186934,1,Denegar/Revisar,Bajo
CLI-103011,Lima,3655.12,5290.49,761,0,35,51,Alto,2.0,0,0.12875013094277946,0,Aprobar,Bajo
CLI-103012,Lima,4330.72,8487.4,429,1,35,90,Medio,1.0,0,0.8432068810724765,1,Denegar/Revisar,Muy alto
CLI-103013,Lima,5399.86,193.34,354,1,41,51,Medio,1.0,0,0.5953628256302478,1,Denegar/Revisar,Alto
CLI-103014,Piura,4524.02,2071.04,698,0,50,216,Alto,2.0,1,0.09951880395384607,0,Aprobar,Bajo
CLI-103015,Lima,3187.96,4124.61,498,1,33,88,Medio,1.0,0,0.5935873845301028,1,Denegar/Revisar,Alto
CLI-103016,Arequipa,6566.6,3176.7,961,0,33,62,Alto,2.0,0,0.007316951079971409,0,Aprobar,Bajo
CLI-103017,Lima,4301.01,675.28,709,0,51,81,Medio,1.0,1,0.06996210153914752,0,Aprobar,Bajo
CLI-103018,Lima,2772.18,3178.87,607,0,43,103,Medio,1.0,1,0.32148673095339264,1,Denegar/Revisar,Medio
CLI-103019,Arequipa,2260.75,12653.938750000001,743,1,18,1,Alto,2.0,0,0.5215256414110346,1,Denegar/Revisar,Alto
CLI-103020,Lima,1025.0,3986.75,565,1,24,15,Medio,1.0,0,0.5555400642638355,1,Denegar/Revisar,Alto
CLI-103021,Lima,7305.69,2385.11,923,0,57,169,Alto,2.0,1,0.007447386654209104,0,Aprobar,Bajo
CLI-103022,Arequipa,2256.72,7030.19,506,1,43,6,Bajo,0.0,1,0.7634981281610875,1,Denegar/Revisar,Muy alto
CLI-103023,Lima,3655.12,957.21,708,0,31,101,Alto,2.0,0,0.08866909186140463,0,Aprobar,Bajo
CLI-103024,Lima,1513.41,2139.97,197,1,36,121,Medio,1.0,0,0.9597629248510119,1,Denegar/Revisar,Muy alto
CLI-103025,Lima,3528.44,3001.14,389,0,39,97,Bajo,0.0,1,0.7546461182437402,1,Denegar/Revisar,Muy alto
CLI-103026,Cusco,5108.59,12653.938750000001,967,0,48,198,Medio,1.0,1,0.06212538520399149,0,Aprobar,Bajo
CLI-103027,Piura,2317.31,10151.84,838,0,24,44,Medio,1.0,0,0.20820313767535342,1,Denegar/Revisar,Bajo
CLI-103028,Arequipa,5447.56,1385.02,756,0,30,40,Medio,1.0,0,0.041315121995071154,0,Aprobar,Bajo
CLI-103029,Piura,2712.64,232.65,255,1,42,116,Alto,2.0,0,0.8792364672535606,1,Denegar/Revisar,Muy alto
CLI-103030,Lima,5090.97,9925.76,881,0,38,64,Alto,2.0,0,0.08378199987876972,0,Aprobar,Bajo
CLI-103031,Lima,5203.78,978.84,261,1,46,209,Alto,2.0,1,0.8188342479644422,1,Denegar/Revisar,Muy alto
CLI-103032,Arequipa,5055.43,1905.88,723,0,26,16,Alto,2.0,0,0.06944194332952146,0,Aprobar,Bajo
CLI-103033,Lima,4241.76,3027.69,942,0,43,236,Bajo,0.0,1,0.014428887438906333,0,Aprobar,Bajo
CLI-103034,Lima,7008.07,12653.938750000001,796,0,52,98,Medio,1.0,1,0.1749286606264832,0,Aprobar,Bajo
CLI-103035,Lima,4065.02,3065.18,816,0,45,53,Medio,1.0,1,0.04602058261832843,0,Aprobar,Bajo
CLI-103036,Lima,3031.7,2374.97,196,1,40,169,Bajo,0.0,1,0.9486844557639852,1,Denegar/Revisar,Muy alto
CLI-103037,Cusco,3206.56,3504.81,476,0,38,120,Alto,2.0,0,0.6197456663656131,1,Denegar/Revisar,Alto
CLI-103038,Lima,1993.6,12653.938750000001,666,1,29,63,Alto,2.0,0,0.7048441376878742,1,Denegar/Revisar,Alto
CLI-103039,Piura,1594.32,6813.78,549,0,37,102,Medio,1.0,0,0.6980641005545787,1,Denegar/Revisar,Alto
CLI-103040,Lima,2100.7,740.35,216,0,52,327,Medio,1.0,1,0.9283626226075218,1,Denegar/Revisar,Muy alto
CLI-103041,Cusco,2387.4,6503.49,704,0,37,85,Bajo,0.0,1,0.30427701619485414,1,Denegar/Revisar,Medio
CLI-103042,Lima,3891.49,7357.9,904,0,29,6,Medio,1.0,0,0.05164948786097701,0,Aprobar,Bajo
CLI-103043,Lima,5369.24,4693.7,815,0,34,116,Alto,2.0,0,0.05009675665952125,0,Aprobar,Bajo
CLI-103044,Arequipa,3672.4,4282.82,893,0,41,114,Medio,1.0,1,0.03212002684486146,0,Aprobar,Bajo
CLI-103045,Arequipa,4039.94,2325.54,605,1,35,51,Alto,2.0,0,0.23792530756278576,1,Denegar/Revisar,Bajo
CLI-103046,Lima,2317.14,4105.49,288,1,44,265,Medio,1.0,1,0.927360127466214,1,Denegar/Revisar,Muy alto
CLI-103047,Lima,7467.55,5351.16,575,0,46,97,Medio,1.0,1,0.25397421128773384,1,Denegar/Revisar,Medio
CLI-103048,Lima,5606.35,524.17,422,0,50,36,Medio,1.0,1,0.44280961285065407,1,Denegar/Revisar,Medio
CLI-103049,Lima,3518.59,1190.01,695,0,55,156,Alto,2.0,1,0.10648122654189014,0,Aprobar,Bajo
CLI-103050,Lima,3466.3,863.09,279,1,50,14,Bajo,0.0,1,0.8479145645586503,1,Denegar/Revisar,Muy alto
CLI-103051,Lima,2259.42,7360.74,885,0,28,59,Medio,1.0,0,0.0868515186252049,0,Aprobar,Bajo
CLI-103052,Lima,3655.12,4557.77,280,1,29,54,Alto,2.0,0,0.9202247826560647,1,Denegar/Revisar,Muy alto
CLI-103053,Lima,3183.43,2397.01,792,1,38,100,Bajo,0.0,1,0.06271003075462983,0,Aprobar,Bajo
CLI-103054,Arequipa,5402.34,6996.08,894,0,35,134,Alto,2.0,0,0.038980084198313,0,Aprobar,Bajo
CLI-103055,Cusco,1876.53,5046.14,386,1,26,13,Alto,2.0,0,0.8772752713659439,1,Denegar/Revisar,Muy alto
CLI-103056,Piura,6134.61,9794.75,574,1,35,13,Alto,2.0,0,0.5542990546916553,1,Denegar/Revisar,Alto
CLI-103057,Lima,3835.86,319.67,717,0,34,99,Alto,2.0,0,0.06971982900989016,0,Aprobar,Bajo
CLI-103058,Lima,2675.88,2846.53,740,0,31,68,Medio,1.0,0,0.11481813749163072,0,Aprobar,Bajo
CLI-103059,Cusco,3270.24,4906.89,361,1,35,14,Alto,2.0,0,0.8639616755505328,1,Denegar/Revisar,Muy alto
CLI-103060,Lima,4849.16,930.22,622,0,52,326,Medio,1.0,1,0.13652114111990227,0,Aprobar,Bajo
CLI-103061,Lima,3802.6,1584.79,261,1,41,82,Alto,2.0,0,0.8767027557747478,1,Denegar/Revisar,Muy alto
CLI-103062,Piura,3906.86,2171.85,586,0,66,242,Bajo,0.0,1,0.2714203729252444,1,Denegar/Revisar,Medio
CLI-103063,Piura,4376.45,6325.84,280,0,41,52,Medio,1.0,0,0.9316893608955517,1,Denegar/Revisar,Muy alto
CLI-103064,Piura,5372.74,2721.53,824,0,36,143,Alto,2.0,0,0.030944173366425076,0,Aprobar,Bajo
CLI-103065,Lima,4868.22,2715.95,568,0,40,163,Alto,2.0,0,0.2835860762314027,1,Denegar/Revisar,Medio
CLI-103066,Lima,3856.49,2254.71,885,0,42,43,Bajo,0.0,1,0.022684614529020854,0,Aprobar,Bajo
CLI-103067,Cusco,2316.06,1038.14,120,1,43,103,Bajo,0.0,1,0.971076995755102,1,Denegar/Revisar,Muy alto
CLI-103068,Lima,2936.98,10259.52,374,1,62,219,Medio,1.0,1,0.9476426694851707,1,Denegar/Revisar,Muy alto
CLI-103069,Arequipa,2476.9,1529.74,359,0,29,34,Medio,1.0,0,0.7857935750725006,1,Denegar/Revisar,Muy alto
CLI-103070,Arequipa,3522.51,3352.37,432,0,48,200,Bajo,0.0,1,0.6890583021949377,1,Denegar/Revisar,Alto
CLI-103071,Piura,3621.57,644.34,565,0,41,163,Alto,2.0,0,0.25983652873345925,1,Denegar/Revisar,Medio
CLI-103072,Lima,3655.12,2278.37,215,1,22,7,Alto,2.0,0,0.9291552981409128,1,Denegar/Revisar,Muy alto
CLI-103073,Lima,2766.78,9365.45,512,1,47,231,Alto,2.0,1,0.8161513358885006,1,Denegar/Revisar,Muy alto
CLI-103074,Piura,2291.94,12653.938750000001,636,1,52,193,Medio,1.0,1,0.7396574714472579,1,Denegar/Revisar,Alto
CLI-103075,Loreto,5356.6,1796.11,944,0,30,34,Alto,2.0,0,0.008479968577476097,0,Aprobar,Bajo
CLI-103076,Cusco,4337.28,668.9,865,0,39,130,Medio,1.0,1,0.01694901208795742,0,Aprobar,Bajo
CLI-103077,Lima,3114.48,1510.14,822,0,20,9,Alto,2.0,0,0.04080881766976222,0,Aprobar,Bajo
CLI-103078,Lima,3655.12,1585.48,916,0,25,43,Medio,1.0,0,0.01496419337706509,0,Aprobar,Bajo
CLI-103079,Cusco,3945.51,4137.02,932,0,51,311,Alto,2.0,1,0.02130739459440129,0,Aprobar,Bajo
CLI-103080,Arequipa,3638.81,2741.96,950,0,34,111,Medio,1.0,0,0.013953803507990397,0,Aprobar,Bajo
CLI-103081,Loreto,1786.78,5852.01,356,1,26,22,Alto,2.0,0,0.9197767028993324,1,Denegar/Revisar,Muy alto
CLI-103082,Lima,2162.77,4833.31,267,1,41,155,Medio,1.0,1,0.9494707183280029,1,Denegar/Revisar,Muy alto
CLI-103083,Piura,3660.39,1157.71,948,0,33,73,Medio,1.0,0,0.010163193530743434,0,Aprobar,Bajo
CLI-103084,Arequipa,5800.68,6134.65,632,0,35,119,Alto,2.0,0,0.264733650406209,1,Denegar/Revisar,Medio
CLI-103085,Arequipa,2823.75,7521.36,697,0,47,70,Medio,1.0,1,0.3348962997990401,1,Denegar/Revisar,Medio
CLI-103086,Lima,3655.12,3649.1,114,1,26,29,Bajo,0.0,0,0.9783472494575611,1,Denegar/Revisar,Muy alto
CLI-103087,Lima,1052.05,10505.94,149,1,28,29,Alto,2.0,0,0.9960672993478314,1,Denegar/Revisar,Muy alto
CLI-103088,Piura,4681.09,6110.48,403,1,41,68,Bajo,0.0,1,0.7992156145482647,1,Denegar/Revisar,Muy alto
CLI-103089,Lima,2694.26,3619.38,586,0,49,183,Medio,1.0,1,0.39201755377057984,1,Denegar/Revisar,Medio
CLI-103090,Lima,4458.16,9464.91,515,0,53,246,Medio,1.0,1,0.741234433686276,1,Denegar/Revisar,Alto
CLI-103091,Cusco,4313.61,3668.75,404,0,32,87,Alto,2.0,0,0.7194290418977041,1,Denegar/Revisar,Alto
CLI-103092,Lima,1025.0,2945.82,295,1,48,100,Bajo,0.0,1,0.9292069225994989,1,Denegar/Revisar,Muy alto
CLI-103093,Loreto,4763.99,1761.83,975,0,31,68,Medio,1.0,0,0.00696027767479346,0,Aprobar,Bajo
CLI-103094,Lima,3565.47,8577.66,912,0,59,184,Bajo,0.0,1,0.06827067312484762,0,Aprobar,Bajo
CLI-103095,Arequipa,5045.77,523.75,899,0,27,29,Alto,2.0,0,0.010602866880282742,0,Aprobar,Bajo
CLI-103096,Cusco,2162.91,12653.938750000001,487,1,53,200,Alto,2.0,1,0.9248650795527201,1,Denegar/Revisar,Muy alto
CLI-103097,Lima,3339.85,3083.69,856,0,32,95,Alto,2.0,0,0.03931175425316123,0,Aprobar,Bajo
CLI-103098,Lima,6225.7,3236.47,964,0,62,202,Bajo,0.0,1,0.007793550970196946,0,Aprobar,Bajo
CLI-103099,Lima,5289.61,4220.95,554,0,46,76,Bajo,0.0,1,0.3600018080519824,1,Denegar/Revisar,Medio
CLI-103100,Lima,2632.84,2819.22,812,0,27,39,Medio,1.0,0,0.06217286876168159,0,Aprobar,Bajo
CLI-103101,Arequipa,3638.81,1187.26,804,0,33,53,Alto,2.0,0,0.03999474352271041,0,Aprobar,Bajo
CLI-103102,Cusco,1025.0,7778.09,947,0,47,140,Alto,2.0,0,0.07438155544388637,0,Aprobar,Bajo
CLI-103103,Lima,4335.87,4286.23,757,0,51,135,Alto,2.0,1,0.09581804779248661,0,Aprobar,Bajo
CLI-103104,Lima,3655.12,7813.01,409,1,38,57,Alto,2.0,0,0.8724427503021924,1,Denegar/Revisar,Muy alto
CLI-103105,Lima,3509.07,1292.1,226,1,39,74,Medio,1.0,0,0.9053141211539513,1,Denegar/Revisar,Muy alto
CLI-103106,Arequipa,2655.53,4054.04,274,1,47,38,Medio,1.0,0,0.9301355892147026,1,Denegar/Revisar,Muy alto
CLI-103107,Lima,1439.54,5009.48,233,1,40,104,Medio,1.0,1,0.9694488611575427,1,Denegar/Revisar,Muy alto
CLI-103108,Piura,1723.89,1934.17,165,1,24,24,Alto,2.0,0,0.9682705442173469,1,Denegar/Revisar,Muy alto
CLI-103109,Piura,2304.06,6690.45,492,1,30,112,Medio,1.0,0,0.7653199510401694,1,Denegar/Revisar,Muy alto
CLI-103110,Piura,3542.58,10.05,464,0,42,150,Medio,1.0,1,0.4369728381765128,1,Denegar/Revisar,Medio
CLI-103111,Lima,4718.09,3614.68,378,1,53,148,Medio,1.0,1,0.7391925180581154,1,Denegar/Revisar,Alto
CLI-103112,Arequipa,7152.22,3803.2,857,0,58,27,Medio,1.0,1,0.018402938353006583,0,Aprobar,Bajo
CLI-103113,Lima,3167.66,3052.93,462,1,47,51,Medio,1.0,1,0.6212633992545091,1,Denegar/Revisar,Alto
CLI-103114,Lima,4644.22,3977.53,848,0,43,176,Medio,1.0,1,0.036492797427941225,0,Aprobar,Bajo
CLI-103115,Loreto,4819.32,731.98,270,1,48,130,Medio,1.0,1,0.8057513663488821,1,Denegar/Revisar,Muy alto
CLI-103116,Arequipa,2126.6,4617.96,150,1,31,49,Medio,1.0,0,0.9819044519167223,1,Denegar/Revisar,Muy alto
CLI-103117,Lima,2179.37,1636.62,427,0,37,131,Alto,2.0,0,0.6882495466756822,1,Denegar/Revisar,Alto
CLI-103118,Lima,7362.64,2406.31,970,0,31,79,Alto,2.0,0,0.004763225744018135,0,Aprobar,Bajo
CLI-103119,Lima,3655.12,1620.52,764,0,25,29,Alto,2.0,0,0.06207991846122193,0,Aprobar,Bajo
CLI-103120,Lima,3655.12,2569.33,691,0,43,97,Medio,1.0,1,0.13371000499321112,0,Aprobar,Bajo
CLI-103121,Lima,1025.0,3886.89,244,1,40,94,Alto,2.0,0,0.9627354103052566,1,Denegar/Revisar,Muy alto
CLI-103122,Lima,2460.28,7289.13,373,1,46,86,Medio,1.0,1,0.9159521404993233,1,Denegar/Revisar,Muy alto
CLI-103123,Lima,5838.71,2642.22,254,1,46,89,Alto,2.0,0,0.8554604368425364,1,Denegar/Revisar,Muy alto
CLI-103124,Arequipa,4408.21,1561.66,607,0,42,74,Medio,1.0,1,0.18723052611857963,0,Aprobar,Bajo
CLI-103125,Piura,4352.98,2677.27,948,0,45,126,Alto,2.0,0,0.012369369095846999,0,Aprobar,Bajo
CLI-103126,Arequipa,5514.57,4669.33,462,0,39,102,Alto,2.0,0,0.5818020049938706,1,Denegar/Revisar,Alto
CLI-103127,Lima,1025.0,1702.88,424,1,42,15,Alto,2.0,0,0.7506246803164465,1,Denegar/Revisar,Muy alto
CLI-103128,Cusco,3771.88,2139.67,947,0,31,122,Alto,2.0,0,0.012749920621608653,0,Aprobar,Bajo
CLI-103129,Loreto,7420.48,3309.82,754,0,45,124,Alto,2.0,0,0.04155079035314415,0,Aprobar,Bajo
CLI-103130,Loreto,3219.05,1392.61,397,1,46,145,Bajo,0.0,1,0.6858080595361352,1,Denegar/Revisar,Alto
CLI-103131,Loreto,3600.67,938.26,593,1,32,30,Medio,1.0,0,0.2173724990430788,1,Denegar/Revisar,Bajo
CLI-103132,Cusco,5558.72,605.12,645,0,40,173,Alto,2.0,0,0.09491291589379827,0,Aprobar,Bajo
CLI-103133,Piura,5178.98,1739.23,403,0,33,81,Alto,2.0,0,0.5848518774012235,1,Denegar/Revisar,Alto
CLI-103134,Lima,1679.68,2378.42,566,0,32,85,Medio,1.0,0,0.4309762177630802,1,Denegar/Revisar,Medio
CLI-103135,Piura,3817.95,3503.31,338,1,27,35,Alto,2.0,0,0.8376497980973209,1,Denegar/Revisar,Muy alto
CLI-103136,Arequipa,3638.81,773.9,749,0,53,241,Medio,1.0,1,0.05797493213376323,0,Aprobar,Bajo
CLI-103137,Arequipa,3265.37,1895.37,865,0,51,100,Medio,1.0,1,0.027849096442360426,0,Aprobar,Bajo
CLI-103138,Piura,3173.35,1254.59,616,1,45,289,Bajo,0.0,1,0.21545344436101374,1,Denegar/Revisar,Bajo
CLI-103139,Lima,4509.23,3981.23,983,0,61,53,Medio,1.0,1,0.010902743426970393,0,Aprobar,Bajo
CLI-103140,Lima,3655.12,7597.71,275,1,37,56,Bajo,0.0,1,0.9582856443158675,1,Denegar/Revisar,Muy alto
CLI-103141,Cusco,2326.5,4012.86,984,0,70,65,Medio,1.0,1,0.017915801447454253,0,Aprobar,Bajo
CLI-103142,Piura,1025.0,3127.96,509,0,35,109,Alto,2.0,0,0.6469201485084574,1,Denegar/Revisar,Alto
CLI-103143,Piura,4473.24,4423.56,825,0,42,115,Medio,1.0,1,0.050987796052559715,0,Aprobar,Bajo
CLI-103144,Lima,5174.82,121.8,463,1,35,80,Medio,1.0,0,0.3545211491005538,1,Denegar/Revisar,Medio
CLI-103145,Lima,2276.06,524.28,122,1,43,153,Medio,1.0,1,0.9663426101692256,1,Denegar/Revisar,Muy alto
CLI-103146,Loreto,3600.67,398.96,417,1,48,160,Bajo,0.0,1,0.5731169953676251,1,Denegar/Revisar,Alto
CLI-103147,Arequipa,3497.55,413.44,624,0,38,104,Medio,1.0,0,0.15992884105718755,0,Aprobar,Bajo
CLI-103148,Arequipa,6600.32,1207.04,852,0,60,310,Medio,1.0,1,0.012742684363005479,0,Aprobar,Bajo
CLI-103149,Lima,3655.12,3037.59,375,1,42,35,Bajo,0.0,1,0.7743750446435117,1,Denegar/Revisar,Muy alto
CLI-103150,Piura,4761.42,487.23,703,0,42,166,Alto,2.0,0,0.06666703016828944,0,Aprobar,Bajo
CLI-103151,Lima,2207.64,10940.63,719,0,28,47,Medio,1.0,0,0.49314101490141593,1,Denegar/Revisar,Medio
CLI-103152,Arequipa,3638.81,7703.64,328,1,44,249,Alto,2.0,1,0.9348241697635928,1,Denegar/Revisar,Muy alto
CLI-103153,Lima,3655.12,12653.938750000001,763,0,38,158,Medio,1.0,1,0.38615654082240314,1,Denegar/Revisar,Medio
CLI-103154,Lima,5365.55,173.72,207,1,33,78,Alto,2.0,0,0.8590557480960317,1,Denegar/Revisar,Muy alto
CLI-103155,Piura,5633.5,7626.05,900,0,31,24,Alto,2.0,0,0.039855328016869924,0,Aprobar,Bajo
CLI-103156,Cusco,1025.0,6513.14,275,0,67,87,Bajo,0.0,1,0.9711270972882261,1,Denegar/Revisar,Muy alto
CLI-103157,Lima,2708.08,9295.47,419,1,36,32,Medio,1.0,0,0.910785785009223,1,Denegar/Revisar,Muy alto
CLI-103158,Loreto,3628.38,3002.63,385,1,23,38,Alto,2.0,0,0.7573481227786297,1,Denegar/Revisar,Muy alto
CLI-103159,Lima,4539.36,6202.58,975,0,32,93,Medio,1.0,0,0.018512813676586016,0,Aprobar,Bajo
CLI-103160,Lima,3655.12,210.6,428,0,38,58,Medio,1.0,0,0.5251023361246756,1,Denegar/Revisar,Alto
CLI-103161,Lima,2506.21,315.64,976,0,45,99,Medio,1.0,1,0.00856519430091031,0,Aprobar,Bajo
CLI-103162,Lima,3001.36,504.67,852,0,45,84,Alto,2.0,0,0.025964678389227756,0,Aprobar,Bajo
CLI-103163,Piura,3910.59,9850.49,756,0,47,121,Medio,1.0,1,0.26895953845346526,1,Denegar/Revisar,Medio
CLI-103164,Lima,1025.0,252.48,455,0,31,102,Alto,2.0,0,0.6235951876165963,1,Denegar/Revisar,Alto
CLI-103165,Lima,3626.34,422.11,113,1,43,85,Alto,2.0,0,0.9587230437035007,1,Denegar/Revisar,Muy alto
CLI-103166,Cusco,3108.53,10660.56,374,1,29,40,Medio,1.0,0,0.9498255561648135,1,Denegar/Revisar,Muy alto
CLI-103167,Lima,1275.19,454.43,170,1,31,13,Bajo,0.0,0,0.9594171128716107,1,Denegar/Revisar,Muy alto
CLI-103168,Arequipa,4642.38,8153.39,926,0,29,98,Alto,2.0,0,0.043756080459319203,0,Aprobar,Bajo
CLI-103169,Lima,1025.0,6228.73,294,1,25,36,Alto,2.0,0,0.9636401911529459,1,Denegar/Revisar,Muy alto
CLI-103170,Arequipa,4349.87,164.46,964,0,51,177,Alto,2.0,1,0.006304752503576033,0,Aprobar,Bajo
CLI-103171,Lima,1620.92,88.36,911,0,46,208,Bajo,0.0,1,0.018969327686503917,0,Aprobar,Bajo
CLI-103172,Lima,3655.12,3057.61,978,0,50,213,Alto,2.0,1,0.011899869680116151,0,Aprobar,Bajo
CLI-103173,Lima,3062.93,12653.938750000001,622,1,39,51,Medio,1.0,0,0.7303933308579199,1,Denegar/Revisar,Alto
CLI-103174,Lima,1835.6,8442.25,205,1,47,87,Bajo,0.0,1,0.9877695610380005,1,Denegar/Revisar,Muy alto
CLI-103175,Lima,4814.43,1484.4,869,0,20,8,Alto,2.0,0,0.01802176002696075,0,Aprobar,Bajo
CLI-103176,Arequipa,4456.01,1953.06,992,0,49,45,Bajo,0.0,1,0.0068973692174622205,0,Aprobar,Bajo
CLI-103177,Loreto,6240.59,1963.48,295,1,42,124,Alto,2.0,0,0.7607649059902881,1,Denegar/Revisar,Muy alto
CLI-103178,Loreto,2590.26,5299.73,244,1,45,227,Alto,2.0,1,0.9603383167730865,1,Denegar/Revisar,Muy alto
CLI-103179,Arequipa,1025.0,1668.93,831,0,42,35,Bajo,0.0,1,0.06161594904671406,0,Aprobar,Bajo
CLI-103180,Lima,1025.0,639.72,449,0,27,64,Alto,2.0,0,0.6554089241494458,1,Denegar/Revisar,Alto
CLI-103181,Lima,1751.81,5499.16,523,0,22,19,Medio,1.0,0,0.6830504166335325,1,Denegar/Revisar,Alto
CLI-103182,Lima,8716.81,2450.07,570,0,33,77,Alto,2.0,0,0.13071073444468811,0,Aprobar,Bajo
CLI-103183,Lima,4014.92,319.55,785,0,45,126,Medio,1.0,1,0.03526514905837807,0,Aprobar,Bajo
CLI-103184,Piura,4792.8,6243.59,315,1,47,222,Alto,2.0,1,0.9010642109087065,1,Denegar/Revisar,Muy alto
CLI-103185,Piura,4394.81,3520.91,192,1,24,22,Alto,2.0,0,0.9468646100675504,1,Denegar/Revisar,Muy alto
CLI-103186,Lima,1317.64,2688.43,359,1,27,40,Alto,2.0,0,0.8643538401859242,1,Denegar/Revisar,Muy alto
CLI-103187,Lima,1158.31,4475.38,674,1,30,73,Bajo,0.0,1,0.3343237699880466,1,Denegar/Revisar,Medio
CLI-103188,Loreto,4743.47,2815.76,640,1,36,38,Alto,2.0,0,0.17477745520236695,0,Aprobar,Bajo
CLI-103189,Arequipa,1025.0,4181.27,886,1,23,29,Medio,1.0,0,0.06025065306268553,0,Aprobar,Bajo
CLI-103190,Lima,5882.49,8084.34,958,0,24,60,Alto,2.0,0,0.024437139227635695,0,Aprobar,Bajo
CLI-103191,Cusco,3560.7650000000003,3802.64,384,1,30,33,Alto,2.0,0,0.791206965859149,1,Denegar/Revisar,Muy alto
CLI-103192,Cusco,4590.08,4310.54,583,0,40,139,Medio,1.0,1,0.33078340934344375,1,Denegar/Revisar,Medio
CLI-103193,Lima,3897.16,3806.18,471,1,26,32,Alto,2.0,0,0.6079658788721797,1,Denegar/Revisar,Alto
CLI-103194,Lima,3373.24,3030.14,169,1,38,33,Alto,2.0,0,0.9619285976534745,1,Denegar/Revisar,Muy alto
CLI-103195,Piura,3612.73,754.84,478,0,51,247,Medio,1.0,1,0.43935553342243994,1,Denegar/Revisar,Medio
CLI-103196,Cusco,3678.4,1635.95,378,1,25,27,Medio,1.0,0,0.7037352547430183,1,Denegar/Revisar,Alto
CLI-103197,Loreto,4253.13,12653.938750000001,842,1,37,32,Medio,1.0,0,0.20695975244852508,1,Denegar/Revisar,Bajo
CLI-103198,Lima,1237.29,2216.85,401,0,49,223,Medio,1.0,1,0.7922442595730452,1,Denegar/Revisar,Muy alto
CLI-103199,Lima,2617.21,2084.37,354,1,34,149,Alto,2.0,0,0.8130137855026653,1,Denegar/Revisar,Muy alto
CLI-103200,Piura,7320.66,5696.31,783,0,34,143,Alto,2.0,0,0.052985760472018036,0,Aprobar,Bajo
CLI-103201,Piura,4553.17,22.34,791,0,52,149,Bajo,0.0,1,0.02890461049192,0,Aprobar,Bajo
CLI-103202,Lima,4939.67,4545.19,363,1,36,96,Alto,2.0,0,0.7967438348318043,1,Denegar/Revisar,Muy alto
CLI-103203,Loreto,2613.29,2687.32,794,0,51,237,Medio,1.0,1,0.07121921133369792,0,Aprobar,Bajo
CLI-103204,Arequipa,2865.17,1891.31,933,0,43,145,Medio,1.0,1,0.016324900698453788,0,Aprobar,Bajo
CLI-103205,Loreto,2326.82,1665.32,816,0,35,107,Alto,2.0,0,0.05288178712975721,0,Aprobar,Bajo
CLI-103206,Loreto,1548.35,759.2,523,0,43,52,Medio,1.0,0,0.45364019272423134,1,Denegar/Revisar,Medio
CLI-103207,Arequipa,1786.4,1627.38,860,1,42,77,Bajo,0.0,1,0.03989715002694061,0,Aprobar,Bajo
CLI-103208,Lima,3473.82,1986.5,312,0,50,118,Bajo,0.0,1,0.8381153262537998,1,Denegar/Revisar,Muy alto
CLI-103209,Piura,3506.27,2301.09,770,0,33,16,Medio,1.0,0,0.06712314247505992,0,Aprobar,Bajo
CLI-103210,Lima,4211.24,4462.63,199,0,40,113,Medio,1.0,1,0.9533645999076812,1,Denegar/Revisar,Muy alto
CLI-103211,Arequipa,3890.41,2417.4,928,0,38,94,Alto,2.0,0,0.015673085113324724,0,Aprobar,Bajo
CLI-103212,Lima,1025.0,6364.12,211,1,46,229,Medio,1.0,1,0.9828081077678871,1,Denegar/Revisar,Muy alto
CLI-103213,Arequipa,3979.43,4083.69,407,1,28,99,Alto,2.0,0,0.7462406490143458,1,Denegar/Revisar,Alto
CLI-103214,Lima,1025.0,840.89,777,0,49,92,Bajo,0.0,1,0.08381998591178143,0,Aprobar,Bajo
CLI-103215,Lima,3969.59,12653.938750000001,574,0,44,166,Medio,1.0,1,0.7749572853647586,1,Denegar/Revisar,Muy alto
CLI-103216,Lima,2636.96,330.26,647,0,24,15,Alto,2.0,0,0.16058145571336302,0,Aprobar,Bajo
CLI-103217,Lima,3270.77,11654.53,211,1,52,140,Alto,2.0,1,0.9908117882988492,1,Denegar/Revisar,Muy alto
CLI-103218,Arequipa,1025.0,8705.59,186,1,63,181,Bajo,0.0,1,0.9919457228921033,1,Denegar/Revisar,Muy alto
CLI-103219,Arequipa,4231.49,354.43,282,1,50,96,Bajo,0.0,1,0.8030104274519718,1,Denegar/Revisar,Muy alto
CLI-103220,Piura,3948.41,3413.98,696,0,55,166,Bajo,0.0,1,0.14595995911404686,0,Aprobar,Bajo
CLI-103221,Lima,3743.7,12653.938750000001,880,0,40,58,Alto,2.0,0,0.17608061914368323,0,Aprobar,Bajo
CLI-103222,Lima,3655.12,5499.72,264,0,21,12,Alto,2.0,0,0.9423738275502507,1,Denegar/Revisar,Muy alto
CLI-103223,Lima,7043.8,2707.62,914,0,20,18,Medio,1.0,0,0.00885750753879114,0,Aprobar,Bajo
CLI-103224,Lima,1517.81,1103.56,189,1,41,116,Alto,2.0,0,0.9554483538379991,1,Denegar/Revisar,Muy alto
CLI-103225,Loreto,4002.41,1308.67,554,0,33,85,Alto,2.0,0,0.29075854334470613,1,Denegar/Revisar,Medio
CLI-103226,Lima,1750.68,5330.83,337,1,28,21,Alto,2.0,0,0.9252465338921855,1,Denegar/Revisar,Muy alto
CLI-103227,Lima,9432.23,6066.98,633,1,41,100,Medio,1.0,1,0.12715669911534805,0,Aprobar,Bajo
CLI-103228,Lima,4280.13,3008.99,778,0,46,73,Alto,2.0,0,0.06306911142026138,0,Aprobar,Bajo
CLI-103229,Lima,3229.97,515.65,826,0,23,42,Medio,1.0,0,0.030177426343455882,0,Aprobar,Bajo
CLI-103230,Piura,3722.64,10864.43,157,1,34,120,Bajo,0.0,1,0.9927210271422513,1,Denegar/Revisar,Muy alto
CLI-103231,Piura,4907.09,7451.2,641,0,56,93,Bajo,0.0,1,0.34965644207412144,1,Denegar/Revisar,Medio
CLI-103232,Lima,4525.9,605.8,717,0,28,40,Alto,2.0,0,0.06352478614593111,0,Aprobar,Bajo
CLI-103233,Lima,3016.72,233.6,501,1,48,125,Bajo,0.0,1,0.40303523564813426,1,Denegar/Revisar,Medio
CLI-103234,Lima,5042.76,3070.34,941,0,34,33,Medio,1.0,0,0.011774791333362152,0,Aprobar,Bajo
CLI-103235,Lima,3822.99,1337.1,778,0,45,118,Medio,1.0,1,0.04816017326311846,0,Aprobar,Bajo
CLI-103236,Lima,4384.06,1332.11,961,0,51,254,Medio,1.0,1,0.0079090280160108,0,Aprobar,Bajo
CLI-103237,Cusco,3560.7650000000003,365.05,765,0,47,139,Medio,1.0,1,0.04713988748784461,0,Aprobar,Bajo
CLI-103238,Piura,2180.85,12263.4,938,0,48,223,Bajo,0.0,1,0.14706610285172914,0,Aprobar,Bajo
CLI-103239,Piura,4580.87,7091.75,618,0,27,49,Medio,1.0,0,0.3909105682199299,1,Denegar/Revisar,Medio
CLI-103240,Lima,4001.45,483.41,296,1,51,162,Alto,2.0,1,0.7948647323977215,1,Denegar/Revisar,Muy alto
CLI-103241,Lima,6308.96,8369.26,932,1,31,18,Alto,2.0,0,0.029834655494542627,0,Aprobar,Bajo
CLI-103242,Piura,2862.77,4594.86,145,1,42,53,Alto,2.0,0,0.9802279233410807,1,Denegar/Revisar,Muy alto
CLI-103243,Arequipa,3434.4,1574.79,629,0,42,86,Bajo,0.0,1,0.19666572746440913,0,Aprobar,Bajo
CLI-103244,Arequipa,1377.28,8199.55,496,1,43,83,Bajo,0.0,1,0.8477139057294212,1,Denegar/Revisar,Muy alto
CLI-103245,Lima,3968.71,3645.43,764,0,43,224,Alto,2.0,1,0.08624450162119547,0,Aprobar,Bajo
CLI-103246,Piura,4790.3,7553.17,875,0,30,69,Medio,1.0,0,0.057026496683203726,0,Aprobar,Bajo
CLI-103247,Lima,1025.0,2533.99,173,1,23,13,Medio,1.0,0,0.9732363261347415,1,Denegar/Revisar,Muy alto
CLI-103248,Loreto,5133.53,2777.8,515,0,49,227,Medio,1.0,1,0.3736615921270094,1,Denegar/Revisar,Medio
CLI-103249,Piura,2943.94,1375.66,756,0,41,156,Bajo,0.0,1,0.07399498434592004,0,Aprobar,Bajo
CLI-103250,Piura,3631.85,1962.08,713,0,52,56,Bajo,0.0,1,0.1034667098793572,0,Aprobar,Bajo
CLI-103251,Lima,4264.66,3355.02,434,1,39,96,Alto,2.0,0,0.6468698161134119,1,Denegar/Revisar,Alto
CLI-103252,Piura,3660.39,11754.33,946,0,24,52,Alto,2.0,0,0.09248440803631974,0,Aprobar,Bajo
CLI-103253,Lima,3655.12,3666.34,732,0,50,63,Bajo,0.0,1,0.1209986770025134,0,Aprobar,Bajo
CLI-103254,Lima,5017.21,637.76,787,0,35,75,Alto,2.0,0,0.030631700949047068,0,Aprobar,Bajo
CLI-103255,Lima,3625.5,28.08,674,0,43,218,Medio,1.0,1,0.09631354263076418,0,Aprobar,Bajo
CLI-103256,Arequipa,1025.0,7614.91,395,1,31,76,Alto,2.0,0,0.9322973703692161,1,Denegar/Revisar,Muy alto
CLI-103257,Lima,4360.28,1812.27,183,1,57,141,Medio,1.0,1,0.9291319072903391,1,Denegar/Revisar,Muy alto
CLI-103258,Lima,1025.0,1513.15,114,1,28,32,Medio,1.0,0,0.9807624539424974,1,Denegar/Revisar,Muy alto
CLI-103259,Loreto,3600.67,6452.4,966,0,35,151,Medio,1.0,1,0.026195983053788018,0,Aprobar,Bajo
CLI-103260,Lima,3655.12,11628.27,233,1,40,28,Medio,1.0,0,0.9871440604781064,1,Denegar/Revisar,Muy alto
CLI-103261,Piura,3355.82,5514.02,577,1,27,63,Alto,2.0,0,0.4826774258907035,1,Denegar/Revisar,Medio
CLI-103262,Lima,5393.94,763.9,732,0,43,114,Bajo,0.0,1,0.04745120431912603,0,Aprobar,Bajo
CLI-103263,Lima,4117.56,1986.23,418,0,57,236,Bajo,0.0,1,0.6225690969200259,1,Denegar/Revisar,Alto
CLI-103264,Arequipa,3974.54,5698.45,491,1,34,88,Alto,2.0,0,0.6531279116875017,1,Denegar/Revisar,Alto
CLI-103265,Lima,3655.12,9497.43,578,0,43,94,Alto,2.0,0,0.6666537715534286,1,Denegar/Revisar,Alto
CLI-103266,Lima,4037.77,12653.938750000001,739,0,18,0,Alto,2.0,0,0.42833092322718663,1,Denegar/Revisar,Medio
CLI-103267,Piura,1569.76,2866.16,467,0,38,149,Bajo,0.0,1,0.6937754487365445,1,Denegar/Revisar,Alto
CLI-103268,Piura,1788.09,6915.7,466,1,35,139,Alto,2.0,0,0.8364096095530988,1,Denegar/Revisar,Muy alto
CLI-103269,Arequipa,2732.29,191.02,387,1,30,16,Medio,1.0,0,0.6671027236035082,1,Denegar/Revisar,Alto
CLI-103270,Lima,6519.13,1346.51,912,0,52,217,Medio,1.0,1,0.007656364057296721,0,Aprobar,Bajo
CLI-103271,Lima,3655.12,1857.76,477,0,35,67,Alto,2.0,0,0.5067921177800923,1,Denegar/Revisar,Alto
CLI-103272,Arequipa,3638.81,12653.938750000001,791,1,37,28,Alto,2.0,0,0.33539273598850067,1,Denegar/Revisar,Medio
CLI-103273,Piura,4779.64,13.6,562,0,35,83,Medio,1.0,0,0.18860765303032853,0,Aprobar,Bajo
CLI-103274,Loreto,2573.98,1472.8,693,1,18,1,Alto,2.0,0,0.13829469658513852,0,Aprobar,Bajo
CLI-103275,Loreto,1025.0,10660.67,112,1,25,62,Alto,2.0,0,0.9973234172782918,1,Denegar/Revisar,Muy alto
CLI-103276,Loreto,3600.67,1465.04,635,0,50,166,Bajo,0.0,1,0.1786809362884588,0,Aprobar,Bajo
CLI-103277,Lima,3380.61,1019.91,267,1,18,0,Alto,2.0,0,0.8680595598086102,1,Denegar/Revisar,Muy alto
CLI-103278,Lima,4718.04,5238.64,369,1,31,82,Medio,1.0,0,0.8129315144382966,1,Denegar/Revisar,Muy alto
CLI-103279,Arequipa,4207.12,5471.29,169,1,35,44,Alto,2.0,0,0.9721185700981487,1,Denegar/Revisar,Muy alto
CLI-103280,Lima,2087.43,2555.98,417,1,58,403,Medio,1.0,1,0.7432183444239713,1,Denegar/Revisar,Alto
CLI-103281,Lima,5483.24,11743.63,475,1,48,164,Bajo,0.0,1,0.8467692190383213,1,Denegar/Revisar,Muy alto
CLI-103282,Loreto,5940.56,906.13,188,1,34,27,Bajo,0.0,0,0.88152524846069,1,Denegar/Revisar,Muy alto
CLI-103283,Loreto,5011.45,9786.55,800,0,54,140,Bajo,0.0,1,0.1620392695029457,0,Aprobar,Bajo
CLI-103284,Lima,5442.92,5634.29,356,1,32,69,Alto,2.0,0,0.8241844805930191,1,Denegar/Revisar,Muy alto
CLI-103285,Lima,4441.73,1836.78,316,1,50,81,Medio,1.0,1,0.7878560880432647,1,Denegar/Revisar,Muy alto
CLI-103286,Lima,3253.43,6578.37,549,1,24,38,Alto,2.0,0,0.6087070148765088,1,Denegar/Revisar,Alto
CLI-103287,Loreto,3489.13,571.8,993,0,51,181,Medio,1.0,1,0.006151414481986648,0,Aprobar,Bajo
CLI-103288,Cusco,1366.38,561.57,643,0,34,72,Medio,1.0,0,0.21228776865927682,1,Denegar/Revisar,Bajo
CLI-103289,Lima,2312.86,10633.45,240,1,27,94,Bajo,0.0,0,0.9880522921096208,1,Denegar/Revisar,Muy alto
CLI-103290,Lima,2664.75,398.31,260,1,36,115,Medio,1.0,0,0.8750021460374309,1,Denegar/Revisar,Muy alto
CLI-103291,Loreto,2439.91,16.35,131,1,42,167,Medio,1.0,1,0.9580157794685277,1,Denegar/Revisar,Muy alto
CLI-103292,Lima,4177.13,1970.83,923,0,34,62,Bajo,0.0,1,0.0140089757702704,0,Aprobar,Bajo
CLI-103293,Piura,1025.0,438.59,251,1,44,107,Bajo,0.0,1,0.9211327527357935,1,Denegar/Revisar,Muy alto
CLI-103294,Cusco,5584.54,7952.16,958,0,33,63,Medio,1.0,0,0.02450253624422229,0,Aprobar,Bajo
CLI-103295,Lima,4560.63,10239.91,359,1,46,248,Medio,1.0,1,0.9343615667909766,1,Denegar/Revisar,Muy alto
CLI-103296,Piura,4710.55,2634.41,827,0,44,150,Medio,1.0,1,0.03306981120002542,0,Aprobar,Bajo
CLI-103297,Lima,1501.98,2216.82,378,1,37,7,Medio,1.0,0,0.8165043395910836,1,Denegar/Revisar,Muy alto
CLI-103298,Lima,3818.48,3097.77,384,0,34,103,Bajo,0.0,1,0.7546479174021521,1,Denegar/Revisar,Muy alto
CLI-103299,Loreto,3951.92,1025.74,709,0,41,111,Bajo,0.0,1,0.08364876010197093,0,Aprobar,Bajo
CLI-103300,Lima,4493.72,1415.09,641,0,45,180,Alto,2.0,1,0.14192788000421663,0,Aprobar,Bajo
CLI-103301,Cusco,6228.68,425.79,701,0,63,316,Bajo,0.0,1,0.048626821930572224,0,Aprobar,Bajo
CLI-103302,Piura,3660.39,2365.61,247,1,49,221,Alto,2.0,1,0.908112120146552,1,Denegar/Revisar,Muy alto
CLI-103303,Lima,4282.29,3783.82,755,0,50,194,Medio,1.0,1,0.08643439170722145,0,Aprobar,Bajo
CLI-103304,Lima,1535.46,10649.85,166,1,70,65,Bajo,0.0,1,0.9949996466768883,1,Denegar/Revisar,Muy alto
CLI-103305,Lima,5818.51,5374.06,968,0,46,146,Alto,2.0,1,0.012891078162351946,0,Aprobar,Bajo
CLI-103306,Lima,4892.11,5135.87,669,0,45,172,Medio,1.0,1,0.19667842593848417,0,Aprobar,Bajo
CLI-103307,Lima,4608.84,1472.67,892,0,47,161,Bajo,0.0,1,0.015239301000561154,0,Aprobar,Bajo
CLI-103308,Lima,1676.3,8767.51,378,1,27,9,Medio,1.0,0,0.9445801186548123,1,Denegar/Revisar,Muy alto
CLI-103309,Lima,3169.05,11746.51,847,0,34,46,Medio,1.0,0,0.21736525621751002,1,Denegar/Revisar,Bajo
CLI-103310,Arequipa,1025.0,10768.49,542,1,32,45,Alto,2.0,0,0.8709661854754922,1,Denegar/Revisar,Muy alto
CLI-103311,Arequipa,3638.81,158.3,996,0,46,250,Medio,1.0,1,0.005298058571410062,0,Aprobar,Bajo
CLI-103312,Arequipa,5492.05,3708.91,964,0,38,133,Alto,2.0,0,0.0101847739172653,0,Aprobar,Bajo
CLI-103313,Lima,4089.64,4122.6,498,1,41,156,Alto,2.0,0,0.5517258110881693,1,Denegar/Revisar,Alto
CLI-103314,Lima,3193.53,1398.6,227,0,51,149,Bajo,0.0,1,0.9154853077406978,1,Denegar/Revisar,Muy alto
CLI-103315,Arequipa,5598.45,12653.938750000001,436,1,49,227,Alto,2.0,1,0.8994923707374622,1,Denegar/Revisar,Muy alto
CLI-103316,Lima,4118.79,1376.66,581,0,37,126,Medio,1.0,1,0.23216690279505944,1,Denegar/Revisar,Bajo
CLI-103317,Lima,3274.27,976.51,820,0,31,76,Alto,2.0,0,0.03597810676215806,0,Aprobar,Bajo
CLI-103318,Loreto,2020.1,2647.72,285,1,51,293,Bajo,0.0,1,0.9148635332658037,1,Denegar/Revisar,Muy alto
CLI-103319,Arequipa,2688.43,1561.21,268,1,47,226,Alto,2.0,1,0.8956181614003449,1,Denegar/Revisar,Muy alto
CLI-103320,Piura,3390.71,10309.64,783,0,21,24,Alto,2.0,0,0.26951026441364406,1,Denegar/Revisar,Medio
CLI-103321,Lima,4647.47,2319.82,359,1,36,85,Medio,1.0,0,0.723710792849561,1,Denegar/Revisar,Alto
CLI-103322,Arequipa,4764.17,2111.55,816,0,41,218,Medio,1.0,1,0.03244649179639038,0,Aprobar,Bajo
CLI-103323,Piura,3512.49,3932.52,746,0,48,317,Bajo,0.0,1,0.11659993011748516,0,Aprobar,Bajo
CLI-103324,Arequipa,3391.59,338.38,657,0,49,90,Bajo,0.0,1,0.12773806271052338,0,Aprobar,Bajo
CLI-103325,Arequipa,4766.86,5654.38,606,0,43,21,Alto,2.0,0,0.34544049112246045,1,Denegar/Revisar,Medio
CLI-103326,Loreto,5256.41,5850.95,620,0,46,247,Alto,2.0,1,0.30099634569087347,1,Denegar/Revisar,Medio
CLI-103327,Piura,1025.0,2570.01,570,1,39,120,Medio,1.0,1,0.4692841154989232,1,Denegar/Revisar,Medio
CLI-103328,Lima,2763.18,12466.9,260,1,31,27,Medio,1.0,0,0.9885929367467257,1,Denegar/Revisar,Muy alto
CLI-103329,Arequipa,3413.24,3463.71,388,1,36,35,Alto,2.0,0,0.7785691609623212,1,Denegar/Revisar,Muy alto
CLI-103330,Piura,4200.21,4752.88,439,0,39,99,Alto,2.0,0,0.7044473784538187,1,Denegar/Revisar,Alto
CLI-103331,Arequipa,4667.49,10326.28,999,0,39,57,Bajo,0.0,1,0.03502196152051918,0,Aprobar,Bajo
CLI-103332,Lima,4974.8,4390.6,932,0,19,5,Alto,2.0,0,0.017767629598279492,0,Aprobar,Bajo
CLI-103333,Lima,3346.56,2261.31,601,0,35,119,Medio,1.0,0,0.2654721021578035,1,Denegar/Revisar,Medio
CLI-103334,Loreto,1701.21,100.33,205,1,39,22,Alto,2.0,0,0.9346865663740633,1,Denegar/Revisar,Muy alto
CLI-103335,Arequipa,5478.29,12653.938750000001,901,1,37,11,Alto,2.0,0,0.1050222104373876,0,Aprobar,Bajo
CLI-103336,Cusco,4871.86,12653.938750000001,574,1,37,77,Medio,1.0,0,0.736363578429346,1,Denegar/Revisar,Alto
CLI-103337,Arequipa,5381.75,2541.29,952,0,45,108,Medio,1.0,1,0.00880556386894086,0,Aprobar,Bajo
CLI-103338,Piura,3660.39,1660.66,699,0,27,57,Medio,1.0,0,0.10557927803216087,0,Aprobar,Bajo
CLI-103339,Arequipa,2166.41,2929.71,562,0,20,4,Alto,2.0,0,0.45056691334538096,1,Denegar/Revisar,Medio
CLI-103340,Loreto,2902.85,5214.25,582,0,35,102,Medio,1.0,0,0.47180389314117355,1,Denegar/Revisar,Medio
CLI-103341,Piura,5785.8,2.76,803,0,48,175,Medio,1.0,1,0.018786822586009482,0,Aprobar,Bajo
CLI-103342,Piura,3538.35,8728.97,252,1,58,307,Medio,1.0,1,0.9728163339007612,1,Denegar/Revisar,Muy alto
CLI-103343,Lima,4428.25,8698.98,922,0,48,225,Medio,1.0,1,0.051152634389181925,0,Aprobar,Bajo
CLI-103344,Lima,3618.16,3117.42,748,0,23,18,Medio,1.0,0,0.09288295990204355,0,Aprobar,Bajo
CLI-103345,Arequipa,6169.85,522.16,884,0,37,105,Medio,1.0,0,0.00905886901308516,0,Aprobar,Bajo
CLI-103346,Lima,1025.0,12653.938750000001,248,1,41,83,Bajo,0.0,1,0.9934155239021107,1,Denegar/Revisar,Muy alto
CLI-103347,Lima,3515.11,593.28,287,1,41,98,Alto,2.0,0,0.8284930317910062,1,Denegar/Revisar,Muy alto
CLI-103348,Lima,3655.12,2833.43,752,0,45,81,Medio,1.0,1,0.08432326340127287,0,Aprobar,Bajo
CLI-103349,Lima,1081.23,393.23,230,1,28,66,Medio,1.0,0,0.9304567359793999,1,Denegar/Revisar,Muy alto
CLI-103350,Lima,6026.96,3557.28,551,0,41,237,Alto,2.0,1,0.29765964879431955,1,Denegar/Revisar,Medio
CLI-103351,Lima,1025.0,1531.31,615,1,43,26,Medio,1.0,0,0.31766657821111044,1,Denegar/Revisar,Medio
CLI-103352,Cusco,3861.88,7111.22,590,0,48,197,Medio,1.0,1,0.49753149881016756,1,Denegar/Revisar,Medio
CLI-103353,Piura,3660.39,6436.67,575,0,30,67,Medio,1.0,0,0.5087836048958222,1,Denegar/Revisar,Alto
CLI-103354,Lima,1761.41,12653.938750000001,362,1,34,99,Medio,1.0,0,0.9767438237025884,1,Denegar/Revisar,Muy alto
CLI-103355,Lima,4189.89,1190.95,637,0,18,0,Alto,2.0,0,0.14948075760687418,0,Aprobar,Bajo
CLI-103356,Arequipa,3279.28,255.17,558,0,32,14,Alto,2.0,0,0.2721159304902078,1,Denegar/Revisar,Medio
CLI-103357,Lima,5252.07,2340.78,635,0,34,50,Alto,2.0,0,0.15141308426191463,0,Aprobar,Bajo
CLI-103358,Loreto,9524.51,348.35,877,0,30,35,Medio,1.0,0,0.0043019597885471175,0,Aprobar,Bajo
CLI-103359,Arequipa,4687.89,786.49,840,0,41,175,Alto,2.0,0,0.020959731318628435,0,Aprobar,Bajo
CLI-103360,Arequipa,5166.07,3638.26,880,0,39,122,Medio,1.0,1,0.022612218445401115,0,Aprobar,Bajo
CLI-103361,Lima,2509.27,3587.24,736,0,18,0,Medio,1.0,0,0.14065837838390638,0,Aprobar,Bajo
CLI-103362,Arequipa,4388.2,177.18,783,0,42,104,Alto,2.0,0,0.03329788064931107,0,Aprobar,Bajo
CLI-103363,Lima,3630.48,2340.08,845,0,29,94,Medio,1.0,0,0.03370256739711215,0,Aprobar,Bajo
CLI-103364,Cusco,4456.22,3021.95,394,1,45,117,Bajo,0.0,1,0.7038613609326348,1,Denegar/Revisar,Alto
CLI-103365,Piura,1428.94,1248.03,534,0,24,39,Alto,2.0,0,0.4701011656794201,1,Denegar/Revisar,Medio
CLI-103366,Lima,3655.12,8224.25,374,1,39,194,Alto,2.0,0,0.9119684591009044,1,Denegar/Revisar,Muy alto
CLI-103367,Lima,5644.03,702.65,687,0,37,120,Medio,1.0,1,0.0637597793397854,0,Aprobar,Bajo
CLI-103368,Lima,3628.98,1171.59,407,0,42,113,Bajo,0.0,1,0.6329719282218378,1,Denegar/Revisar,Alto
CLI-103369,Arequipa,6135.74,683.13,825,0,41,25,Medio,1.0,0,0.016310041010547123,0,Aprobar,Bajo
CLI-103370,Lima,3995.62,495.67,475,1,36,37,Medio,1.0,0,0.41114962298147145,1,Denegar/Revisar,Medio
CLI-103371,Piura,3778.67,8447.17,257,1,22,10,Alto,2.0,0,0.9693466724499599,1,Denegar/Revisar,Muy alto
CLI-103372,Lima,3861.74,1302.14,913,0,23,38,Medio,1.0,0,0.013834523880994763,0,Aprobar,Bajo
CLI-103373,Arequipa,2815.56,5128.08,303,1,32,115,Medio,1.0,0,0.9245904246473895,1,Denegar/Revisar,Muy alto
CLI-103374,Loreto,5466.63,2234.34,760,0,40,101,Medio,1.0,1,0.047114302240259705,0,Aprobar,Bajo
CLI-103375,Arequipa,3638.81,4041.02,174,1,32,28,Medio,1.0,0,0.9642895866998578,1,Denegar/Revisar,Muy alto
CLI-103376,Arequipa,5233.3,10534.16,479,1,47,154,Bajo,0.0,1,0.8137455036960567,1,Denegar/Revisar,Muy alto
CLI-103377,Lima,4015.22,7447.21,840,0,36,101,Alto,2.0,0,0.09268906320084101,0,Aprobar,Bajo
CLI-103378,Lima,1536.54,285.93,403,1,28,33,Medio,1.0,0,0.6989965544376792,1,Denegar/Revisar,Alto
CLI-103379,Arequipa,1025.0,7462.55,161,1,35,144,Medio,1.0,0,0.9913968979837718,1,Denegar/Revisar,Muy alto
CLI-103380,Lima,3655.12,2404.63,669,0,41,198,Medio,1.0,1,0.1548641063919634,0,Aprobar,Bajo
CLI-103381,Lima,5643.61,1724.03,885,0,43,96,Bajo,0.0,1,0.013521219705908683,0,Aprobar,Bajo
CLI-103382,Lima,1916.36,4463.7,207,1,59,223,Bajo,0.0,1,0.9710781112777547,1,Denegar/Revisar,Muy alto
CLI-103383,Lima,4169.68,11999.59,286,1,32,48,Alto,2.0,0,0.9789859168356881,1,Denegar/Revisar,Muy alto
CLI-103384,Lima,3655.12,395.46,328,1,38,75,Medio,1.0,0,0.7460435014159912,1,Denegar/Revisar,Alto
CLI-103385,Loreto,3703.31,5845.4,147,1,44,123,Bajo,0.0,1,0.9811794843126395,1,Denegar/Revisar,Muy alto
CLI-103386,Lima,3925.47,910.15,930,0,39,49,Medio,1.0,0,0.010732349216905931,0,Aprobar,Bajo
CLI-103387,Piura,3660.39,1913.02,367,1,33,66,Alto,2.0,0,0.7445043803777661,1,Denegar/Revisar,Alto
CLI-103388,Lima,5560.11,8280.28,826,0,23,34,Alto,2.0,0,0.08847090265873785,0,Aprobar,Bajo
CLI-103389,Arequipa,4276.24,3156.86,901,0,34,26,Alto,2.0,0,0.021455291153151,0,Aprobar,Bajo
CLI-103390,Lima,2418.72,279.36,353,1,27,20,Alto,2.0,0,0.758405997820137,1,Denegar/Revisar,Muy alto
CLI-103391,Loreto,1711.38,2837.5,969,0,19,7,Alto,2.0,0,0.019259882978528615,0,Aprobar,Bajo
CLI-103392,Loreto,3684.3,6235.78,186,1,30,14,Medio,1.0,0,0.9743274382162794,1,Denegar/Revisar,Muy alto
CLI-103393,Lima,1902.52,3010.57,280,1,27,55,Medio,1.0,0,0.9232150195885338,1,Denegar/Revisar,Muy alto
CLI-103394,Cusco,1967.18,730.35,124,1,45,112,Bajo,0.0,1,0.9704649926579947,1,Denegar/Revisar,Muy alto
CLI-103395,Cusco,1867.71,2355.44,487,1,45,120,Alto,2.0,0,0.6114042175707635,1,Denegar/Revisar,Alto
CLI-103396,Loreto,3600.67,10326.31,321,1,29,54,Alto,2.0,0,0.9641414413622283,1,Denegar/Revisar,Muy alto
CLI-103397,Loreto,6638.32,12653.938750000001,496,1,37,8,Alto,2.0,0,0.8001849770448165,1,Denegar/Revisar,Muy alto
CLI-103398,Lima,4248.06,5235.65,610,0,19,4,Alto,2.0,0,0.34418220032575725,1,Denegar/Revisar,Medio
CLI-103399,Piura,2853.79,6165.93,660,1,33,39,Alto,2.0,0,0.35577156802610543,1,Denegar/Revisar,Medio
CLI-103400,Lima,3705.54,380.29,945,0,43,154,Medio,1.0,1,0.008790265334846744,0,Aprobar,Bajo
CLI-103401,Lima,1419.91,3484.66,539,1,47,140,Medio,1.0,1,0.5669244001653637,1,Denegar/Revisar,Alto
CLI-103402,Cusco,3560.7650000000003,1885.88,274,0,31,45,Alto,2.0,0,0.8764593774798121,1,Denegar/Revisar,Muy alto
CLI-103403,Lima,1385.72,599.38,410,1,50,102,Bajo,0.0,1,0.7143352623547828,1,Denegar/Revisar,Alto
CLI-103404,Arequipa,3651.5,906.14,373,1,22,26,Alto,2.0,0,0.6905416262617285,1,Denegar/Revisar,Alto
CLI-103405,Loreto,3438.07,6077.67,134,1,25,70,Alto,2.0,0,0.9850260804475724,1,Denegar/Revisar,Muy alto
CLI-103406,Loreto,3248.4,704.51,316,1,47,200,Bajo,0.0,1,0.8003234763614082,1,Denegar/Revisar,Muy alto
CLI-103407,Cusco,4694.76,1498.3,820,0,58,245,Alto,2.0,1,0.02909612480477023,0,Aprobar,Bajo
CLI-103408,Lima,2892.7,1341.18,771,0,44,27,Alto,2.0,0,0.06519304343507312,0,Aprobar,Bajo
CLI-103409,Lima,1791.58,199.41,507,1,38,92,Alto,2.0,0,0.45709188234879816,1,Denegar/Revisar,Medio
CLI-103410,Lima,2004.07,2480.77,618,0,18,1,Alto,2.0,0,0.3141368945133575,1,Denegar/Revisar,Medio
CLI-103411,Lima,1437.61,5808.54,368,1,18,0,Medio,1.0,0,0.9137341249749392,1,Denegar/Revisar,Muy alto
CLI-103412,Lima,4512.01,89.61,737,0,41,74,Bajo,0.0,1,0.04814941344499474,0,Aprobar,Bajo
CLI-103413,Lima,6668.55,477.62,574,1,36,143,Alto,2.0,0,0.1331392449879328,0,Aprobar,Bajo
CLI-103414,Arequipa,2887.09,5094.53,979,0,27,34,Alto,2.0,0,0.021451951869160924,0,Aprobar,Bajo
CLI-103415,Piura,3660.39,3601.48,424,0,40,193,Alto,2.0,0,0.7091752630631671,1,Denegar/Revisar,Alto
CLI-103416,Lima,3714.34,5024.54,455,1,40,227,Alto,2.0,1,0.7085982281477429,1,Denegar/Revisar,Alto
CLI-103417,Arequipa,2459.49,12551.99,189,1,49,245,Bajo,0.0,1,0.9947121605426867,1,Denegar/Revisar,Muy alto
CLI-103418,Lima,3281.43,6513.85,141,1,40,35,Medio,1.0,0,0.9853804927296024,1,Denegar/Revisar,Muy alto
CLI-103419,Lima,2564.91,2614.71,464,1,52,303,Medio,1.0,1,0.6279588389574652,1,Denegar/Revisar,Alto
CLI-103420,Arequipa,3019.5,3769.53,770,0,39,30,Bajo,0.0,1,0.10245890353857086,0,Aprobar,Bajo
CLI-103421,Piura,3660.39,386.72,301,1,38,99,Alto,2.0,0,0.7967847411712319,1,Denegar/Revisar,Muy alto
CLI-103422,Arequipa,3638.81,917.81,465,1,51,124,Medio,1.0,1,0.47665164124832,1,Denegar/Revisar,Medio
CLI-103423,Lima,6209.74,5937.53,893,0,29,50,Alto,2.0,0,0.026430139020958008,0,Aprobar,Bajo
CLI-103424,Loreto,3600.67,1013.94,943,0,70,339,Bajo,0.0,1,0.010880050599927062,0,Aprobar,Bajo
CLI-103425,Piura,2895.76,388.38,387,1,43,51,Bajo,0.0,1,0.6764140405843052,1,Denegar/Revisar,Alto
CLI-103426,Piura,5150.19,3637.29,702,1,44,201,Medio,1.0,1,0.10976755319552207,0,Aprobar,Bajo
CLI-103427,Piura,3660.39,3175.73,580,1,45,76,Medio,1.0,1,0.33171702008463827,1,Denegar/Revisar,Medio
CLI-103428,Loreto,3516.98,3744.89,736,0,60,206,Medio,1.0,1,0.11811840665530583,0,Aprobar,Bajo
CLI-103429,Piura,3481.07,3852.54,600,0,48,30,Medio,1.0,1,0.3310356511204744,1,Denegar/Revisar,Medio
CLI-103430,Piura,3333.35,2774.17,737,0,21,9,Bajo,0.0,0,0.10492513257086017,0,Aprobar,Bajo
CLI-103431,Cusco,4033.35,2723.09,151,1,55,85,Bajo,0.0,1,0.960086727582884,1,Denegar/Revisar,Muy alto
CLI-103432,Arequipa,3638.81,10316.81,202,1,35,57,Bajo,0.0,1,0.9878370502247888,1,Denegar/Revisar,Muy alto
CLI-103433,Lima,1311.72,3053.26,460,1,39,69,Alto,2.0,0,0.7276802393965598,1,Denegar/Revisar,Alto
CLI-103434,Arequipa,4155.24,3842.02,523,1,25,21,Alto,2.0,0,0.47468364566621385,1,Denegar/Revisar,Medio
CLI-103435,Lima,6330.45,1242.27,798,0,46,123,Bajo,0.0,1,0.023319672771669613,0,Aprobar,Bajo
CLI-103436,Lima,5460.9,8194.66,304,0,33,10,Medio,1.0,0,0.9262745406298665,1,Denegar/Revisar,Muy alto
CLI-103437,Piura,2007.34,98.68,113,1,39,108,Bajo,0.0,1,0.9693106766852532,1,Denegar/Revisar,Muy alto
CLI-103438,Cusco,2885.09,3258.79,715,0,36,48,Alto,2.0,0,0.1504697899179625,0,Aprobar,Bajo
CLI-103439,Cusco,6802.8,1937.06,728,0,61,277,Bajo,0.0,1,0.045604294344690044,0,Aprobar,Bajo
CLI-103440,Lima,5988.06,3704.4,569,0,62,152,Bajo,0.0,1,0.27146012907395245,1,Denegar/Revisar,Medio
CLI-103441,Piura,4330.95,1786.22,565,0,40,123,Bajo,0.0,1,0.27482549932142314,1,Denegar/Revisar,Medio
CLI-103442,Lima,1025.0,5058.97,403,1,39,49,Medio,1.0,0,0.8775272646308268,1,Denegar/Revisar,Muy alto
CLI-103443,Cusco,2998.52,82.16,704,0,35,110,Bajo,0.0,1,0.08908081655092297,0,Aprobar,Bajo
CLI-103444,Cusco,1911.66,2082.76,526,0,50,87,Alto,2.0,0,0.5048949074326265,1,Denegar/Revisar,Alto
CLI-103445,Piura,6728.53,7117.67,755,0,37,85,Alto,2.0,0,0.10128234681307899,0,Aprobar,Bajo
CLI-103446,Loreto,1025.0,1151.8,209,1,33,87,Alto,2.0,0,0.9526848857543636,1,Denegar/Revisar,Muy alto
CLI-103447,Arequipa,6753.47,216.77,774,0,51,283,Alto,2.0,1,0.021364046838865166,0,Aprobar,Bajo
CLI-103448,Piura,3669.71,2744.88,664,1,33,49,Alto,2.0,0,0.1760862609352508,0,Aprobar,Bajo
CLI-103449,Lima,1931.45,12653.938750000001,614,1,38,41,Alto,2.0,0,0.7978160245376879,1,Denegar/Revisar,Muy alto
CLI-103450,Lima,4314.2,265.24,167,1,22,19,Medio,1.0,0,0.9173979349735417,1,Denegar/Revisar,Muy alto
CLI-103451,Arequipa,4134.24,290.53,345,0,47,90,Medio,1.0,1,0.6867159287025147,1,Denegar/Revisar,Alto
CLI-103452,Arequipa,1576.67,3616.62,488,1,60,319,Bajo,0.0,1,0.6851872570923901,1,Denegar/Revisar,Alto
CLI-103453,Lima,3960.14,1151.09,749,0,47,43,Alto,2.0,0,0.060401236309204444,0,Aprobar,Bajo
CLI-103454,Cusco,3560.7650000000003,2112.1,407,1,55,204,Medio,1.0,1,0.6728174265199607,1,Denegar/Revisar,Alto
CLI-103455,Lima,2787.14,7099.78,451,1,29,44,Alto,2.0,0,0.8291364137859857,1,Denegar/Revisar,Muy alto
CLI-103456,Piura,6815.59,886.82,898,0,43,142,Medio,1.0,1,0.0073983598812892605,0,Aprobar,Bajo
CLI-103457,Arequipa,1712.83,5081.87,165,1,28,37,Medio,1.0,0,0.9828270565208347,1,Denegar/Revisar,Muy alto
CLI-103458,Arequipa,1184.96,2808.63,559,0,36,43,Bajo,0.0,1,0.5079817324716716,1,Denegar/Revisar,Alto
CLI-103459,Piura,3459.82,9413.73,446,1,47,81,Medio,1.0,1,0.8721967650318322,1,Denegar/Revisar,Muy alto
CLI-103460,Lima,1157.04,12653.938750000001,424,1,39,29,Medio,1.0,0,0.9643009314435512,1,Denegar/Revisar,Muy alto
CLI-103461,Lima,4219.33,2654.05,766,0,24,26,Medio,1.0,0,0.0638558794694082,0,Aprobar,Bajo
CLI-103462,Piura,3903.71,3514.51,698,0,25,29,Alto,2.0,0,0.1475679518903786,0,Aprobar,Bajo
CLI-103463,Piura,1625.61,5479.21,132,1,23,22,Alto,2.0,0,0.9890054583492712,1,Denegar/Revisar,Muy alto
CLI-103464,Lima,5652.02,1534.86,167,1,45,85,Alto,2.0,0,0.9171078102750578,1,Denegar/Revisar,Muy alto
CLI-103465,Arequipa,3066.04,1028.56,286,1,61,201,Bajo,0.0,1,0.8557577767698634,1,Denegar/Revisar,Muy alto
CLI-103466,Lima,3655.12,12653.938750000001,291,1,54,256,Medio,1.0,1,0.981371806226747,1,Denegar/Revisar,Muy alto
CLI-103467,Arequipa,4517.08,2266.87,312,1,18,0,Alto,2.0,0,0.8117469077069568,1,Denegar/Revisar,Muy alto
CLI-103468,Loreto,6539.52,6.37,699,0,56,202,Medio,1.0,1,0.04092784696681679,0,Aprobar,Bajo
CLI-103469,Lima,1739.87,7273.69,527,1,49,210,Medio,1.0,1,0.7517239581453985,1,Denegar/Revisar,Muy alto
CLI-103470,Lima,1025.0,3661.81,450,0,21,6,Medio,1.0,0,0.7743884065170077,1,Denegar/Revisar,Muy alto
CLI-103471,Arequipa,5500.03,738.38,207,1,36,66,Medio,1.0,0,0.8649503331591326,1,Denegar/Revisar,Muy alto
CLI-103472,Piura,4049.68,122.41,339,0,51,180,Bajo,0.0,1,0.7034321602200635,1,Denegar/Revisar,Alto
CLI-103473,Arequipa,3319.47,1378.32,315,1,45,274,Bajo,0.0,1,0.8210541519098812,1,Denegar/Revisar,Muy alto
CLI-103474,Loreto,3600.67,10518.09,276,1,25,6,Alto,2.0,0,0.9771188795748764,1,Denegar/Revisar,Muy alto
CLI-103475,Loreto,3362.03,10841.68,664,1,46,28,Alto,2.0,0,0.5592772471490712,1,Denegar/Revisar,Alto
CLI-103476,Cusco,4649.75,1490.08,429,0,18,1,Alto,2.0,0,0.5421515468355487,1,Denegar/Revisar,Alto
CLI-103477,Piura,3660.39,7229.87,660,0,37,99,Medio,1.0,0,0.35555170723671065,1,Denegar/Revisar,Medio
CLI-103478,Lima,5176.0,2332.48,980,0,52,55,Medio,1.0,1,0.006809888427277275,0,Aprobar,Bajo
CLI-103479,Lima,5496.97,4249.25,725,0,40,66,Bajo,0.0,1,0.09782526271463311,0,Aprobar,Bajo
CLI-103480,Lima,4712.88,1628.53,549,0,34,111,Alto,2.0,0,0.2804747974421165,1,Denegar/Revisar,Medio
CLI-103481,Piura,3804.91,2902.46,706,0,49,49,Medio,1.0,1,0.12199578623171078,0,Aprobar,Bajo
CLI-103482,Lima,3588.01,1391.31,546,0,50,140,Alto,2.0,1,0.33113740563959004,1,Denegar/Revisar,Medio
CLI-103483,Cusco,3560.7650000000003,252.25,636,0,53,91,Alto,2.0,1,0.14411125729159935,0,Aprobar,Bajo
CLI-103484,Piura,4858.88,600.4,743,0,49,71,Medio,1.0,1,0.04515343699313171,0,Aprobar,Bajo
CLI-103485,Piura,5688.77,1373.76,278,1,52,102,Medio,1.0,1,0.7826837141771149,1,Denegar/Revisar,Muy alto
CLI-103486,Lima,1025.0,12653.938750000001,494,1,46,141,Medio,1.0,1,0.9352485675664416,1,Denegar/Revisar,Muy alto
CLI-103487,Lima,4348.07,12653.938750000001,244,1,42,88,Alto,2.0,0,0.9863848773671671,1,Denegar/Revisar,Muy alto
CLI-103488,Lima,3233.1,7033.22,975,0,40,158,Medio,1.0,1,0.029538438441704108,0,Aprobar,Bajo
CLI-103489,Lima,2984.63,1058.5,297,0,36,135,Medio,1.0,1,0.8407788224508707,1,Denegar/Revisar,Muy alto
CLI-103490,Lima,6436.01,2330.73,936,0,27,65,Medio,1.0,0,0.007671569445053843,0,Aprobar,Bajo
CLI-103491,Piura,1362.47,2317.72,183,1,28,46,Alto,2.0,0,0.9681477045334965,1,Denegar/Revisar,Muy alto
CLI-103492,Loreto,7209.42,1957.39,768,0,37,101,Alto,2.0,0,0.029131499201193334,0,Aprobar,Bajo
CLI-103493,Loreto,4526.49,183.67,184,1,42,63,Medio,1.0,0,0.8985799771439669,1,Denegar/Revisar,Muy alto
CLI-103494,Arequipa,4480.82,3058.81,556,0,55,332,Alto,2.0,1,0.34256786540447104,1,Denegar/Revisar,Medio
CLI-103495,Lima,2251.94,302.4,575,1,38,124,Medio,1.0,1,0.28221298114675175,1,Denegar/Revisar,Medio
CLI-103496,Loreto,2934.41,6476.31,352,1,50,172,Bajo,0.0,1,0.9123270425118686,1,Denegar/Revisar,Muy alto
CLI-103497,Loreto,3934.43,4701.63,986,0,51,107,Alto,2.0,1,0.014601495957655967,0,Aprobar,Bajo
CLI-103498,Lima,1025.0,1740.01,171,1,35,151,Medio,1.0,1,0.9690716746865302,1,Denegar/Revisar,Muy alto
CLI-103499,Arequipa,4784.65,4166.69,322,1,46,90,Medio,1.0,1,0.8413405667192105,1,Denegar/Revisar,Muy alto
CLI-103500,Lima,2643.45,1061.27,375,0,36,136,Medio,1.0,1,0.7334268806205304,1,Denegar/Revisar,Alto
CLI-103501,Loreto,4024.68,1232.9,894,0,54,205,Medio,1.0,1,0.015660152243364416,0,Aprobar,Bajo
CLI-103502,Cusco,3560.7650000000003,1508.29,875,0,46,168,Medio,1.0,1,0.02194967031743562,0,Aprobar,Bajo
CLI-103503,Lima,2868.74,6378.43,345,1,26,17,Alto,2.0,0,0.917026760487251,1,Denegar/Revisar,Muy alto
CLI-103504,Loreto,4175.69,946.39,440,0,41,31,Bajo,0.0,1,0.5152453209349975,1,Denegar/Revisar,Alto
CLI-103505,Piura,2909.99,3309.29,672,0,57,361,Bajo,0.0,1,0.21037664496333885,1,Denegar/Revisar,Bajo
CLI-103506,Cusco,5167.48,894.91,570,0,38,197,Alto,2.0,0,0.19789193289104906,0,Aprobar,Bajo
CLI-103507,Lima,2712.08,1342.1,553,1,44,128,Bajo,0.0,1,0.3598878087674909,1,Denegar/Revisar,Medio
CLI-103508,Loreto,4197.21,12653.938750000001,870,0,45,82,Medio,1.0,1,0.16895685969418758,0,Aprobar,Bajo
CLI-103509,Lima,1025.0,4142.6,106,1,27,57,Alto,2.0,0,0.9900511323858981,1,Denegar/Revisar,Muy alto
CLI-103510,Lima,4681.5,2992.35,287,1,45,149,Bajo,0.0,1,0.8594804683039609,1,Denegar/Revisar,Muy alto
CLI-103511,Lima,4694.73,5110.47,103,1,24,49,Alto,2.0,0,0.981680656859231,1,Denegar/Revisar,Muy alto
CLI-103512,Cusco,5257.81,993.56,842,0,33,32,Alto,2.0,0,0.018867868193299626,0,Aprobar,Bajo
CLI-103513,Loreto,4243.62,36.76,744,0,51,167,Bajo,0.0,1,0.04748696244976291,0,Aprobar,Bajo
CLI-103514,Loreto,2893.78,4564.11,224,1,43,93,Alto,2.0,0,0.9588588823827527,1,Denegar/Revisar,Muy alto
CLI-103515,Cusco,1025.0,488.01,114,1,35,15,Medio,1.0,0,0.9762229862937467,1,Denegar/Revisar,Muy alto
CLI-103516,Lima,1715.89,1131.07,624,0,43,45,Medio,1.0,0,0.25090631896825544,1,Denegar/Revisar,Medio
CLI-103517,Lima,5083.74,1459.32,729,0,39,57,Medio,1.0,0,0.057815859498958996,0,Aprobar,Bajo
CLI-103518,Lima,2906.84,5494.34,339,1,39,149,Alto,2.0,0,0.9057963860076359,1,Denegar/Revisar,Muy alto
CLI-103519,Lima,2209.16,3932.84,874,0,46,120,Medio,1.0,1,0.04918320877112688,0,Aprobar,Bajo
CLI-103520,Lima,1309.99,814.67,459,1,30,76,Alto,2.0,0,0.627126580521202,1,Denegar/Revisar,Alto
CLI-103521,Lima,4686.37,3644.1,617,1,40,111,Bajo,0.0,1,0.24081864278309204,1,Denegar/Revisar,Bajo
CLI-103522,Lima,3655.12,4926.03,419,1,36,158,Alto,2.0,0,0.7719288636090943,1,Denegar/Revisar,Muy alto
CLI-103523,Lima,1025.0,1969.96,330,0,21,1,Alto,2.0,0,0.884948766692601,1,Denegar/Revisar,Muy alto
CLI-103524,Lima,2986.09,1129.2,129,1,29,21,Alto,2.0,0,0.9641912013551728,1,Denegar/Revisar,Muy alto
CLI-103525,Lima,4347.83,4545.04,633,0,57,315,Alto,2.0,1,0.26318695360976385,1,Denegar/Revisar,Medio
CLI-103526,Cusco,2134.51,3775.59,255,1,43,115,Bajo,0.0,1,0.946220712928999,1,Denegar/Revisar,Muy alto
CLI-103527,Arequipa,5817.6,324.46,729,0,25,45,Medio,1.0,0,0.03913224482700436,0,Aprobar,Bajo
CLI-103528,Cusco,3560.7650000000003,4394.6,951,0,22,19,Alto,2.0,0,0.020598451419979177,0,Aprobar,Bajo
CLI-103529,Lima,1924.71,2681.77,1000,0,37,116,Bajo,0.0,1,0.013341036488882298,0,Aprobar,Bajo
CLI-103530,Lima,3816.04,5599.45,804,0,56,209,Alto,2.0,1,0.09216140390432935,0,Aprobar,Bajo
CLI-103531,Arequipa,5547.95,846.43,498,0,38,122,Alto,2.0,0,0.30520721497211345,1,Denegar/Revisar,Medio
CLI-103532,Lima,2871.82,1194.79,445,0,53,78,Medio,1.0,1,0.5819112487473193,1,Denegar/Revisar,Alto
CLI-103533,Lima,1517.68,3135.03,294,1,42,34,Alto,2.0,0,0.9248111764610019,1,Denegar/Revisar,Muy alto
CLI-103534,Lima,3976.31,2629.06,267,1,44,47,Alto,2.0,0,0.8894869579465723,1,Denegar/Revisar,Muy alto
CLI-103535,Lima,3839.6,1953.42,476,0,24,44,Alto,2.0,0,0.5034864144192839,1,Denegar/Revisar,Alto
CLI-103536,Lima,3671.6,5482.21,588,0,49,225,Medio,1.0,1,0.42776333026909635,1,Denegar/Revisar,Medio
CLI-103537,Lima,3655.12,3327.35,850,0,35,151,Alto,2.0,0,0.040638985232337686,0,Aprobar,Bajo
CLI-103538,Arequipa,2384.47,4955.25,461,0,48,148,Bajo,0.0,1,0.755146798672075,1,Denegar/Revisar,Muy alto
CLI-103539,Lima,2761.97,665.42,581,0,30,84,Medio,1.0,0,0.26279727560865795,1,Denegar/Revisar,Medio
CLI-103540,Lima,4277.28,5222.37,343,1,41,245,Medio,1.0,1,0.859593003220035,1,Denegar/Revisar,Muy alto
CLI-103541,Loreto,2410.42,2476.08,680,0,42,230,Medio,1.0,1,0.18298892852987442,0,Aprobar,Bajo
CLI-103542,Lima,6334.36,137.4,706,0,38,58,Alto,2.0,0,0.042857916260394445,0,Aprobar,Bajo
CLI-103543,Lima,5720.05,1068.86,688,0,44,83,Bajo,0.0,1,0.06927052691550899,0,Aprobar,Bajo
CLI-103544,Loreto,1323.83,104.38,270,1,35,62,Medio,1.0,0,0.8910194892728621,1,Denegar/Revisar,Muy alto
CLI-103545,Lima,5937.71,2441.66,612,0,33,27,Alto,2.0,0,0.1617053704773402,0,Aprobar,Bajo
CLI-103546,Lima,3738.29,1577.39,505,0,57,162,Bajo,0.0,1,0.42213787415608633,1,Denegar/Revisar,Medio
CLI-103547,Lima,5923.18,12653.938750000001,673,1,51,110,Medio,1.0,1,0.46368804535582053,1,Denegar/Revisar,Medio
CLI-103548,Lima,3312.14,8115.12,306,1,30,39,Alto,2.0,0,0.9540143259722559,1,Denegar/Revisar,Muy alto
CLI-103549,Piura,2740.22,6987.24,253,1,45,288,Bajo,0.0,1,0.9684478453111329,1,Denegar/Revisar,Muy alto
CLI-103550,Loreto,3847.81,2781.53,885,0,31,46,Medio,1.0,0,0.02440321453976394,0,Aprobar,Bajo
CLI-103551,Lima,1025.0,6582.07,147,1,25,74,Alto,2.0,0,0.9912582321554322,1,Denegar/Revisar,Muy alto
CLI-103552,Piura,5386.65,1241.73,748,0,51,62,Alto,2.0,0,0.045350153081219584,0,Aprobar,Bajo
CLI-103553,Piura,1639.35,3289.83,100,1,19,2,Alto,2.0,0,0.9870539679635055,1,Denegar/Revisar,Muy alto
CLI-103554,Lima,5631.74,1996.37,846,0,50,252,Alto,2.0,1,0.02055747613305714,0,Aprobar,Bajo
CLI-103555,Piura,6744.94,751.79,867,0,37,105,Alto,2.0,0,0.01013169048146514,0,Aprobar,Bajo
CLI-103556,Lima,2645.66,301.54,506,0,36,133,Alto,2.0,0,0.41598220490116666,1,Denegar/Revisar,Medio
CLI-103557,Lima,1957.07,3267.76,206,1,43,148,Bajo,0.0,1,0.9630726899017864,1,Denegar/Revisar,Muy alto
CLI-103558,Lima,4555.69,410.96,272,1,46,98,Alto,2.0,0,0.8077934611424001,1,Denegar/Revisar,Muy alto
CLI-103559,Lima,3008.68,5063.44,605,0,30,23,Medio,1.0,0,0.40490461105015557,1,Denegar/Revisar,Medio
CLI-103560,Lima,4933.87,10177.02,229,1,47,135,Alto,2.0,0,0.9784123462768064,1,Denegar/Revisar,Muy alto
CLI-103561,Loreto,2457.21,707.46,497,1,40,108,Bajo,0.0,1,0.4686889340620749,1,Denegar/Revisar,Medio
CLI-103562,Lima,5443.32,2546.6,393,1,26,1,Alto,2.0,0,0.6331370953463252,1,Denegar/Revisar,Alto
CLI-103563,Lima,3343.39,5369.49,651,0,37,126,Bajo,0.0,1,0.3119237213604313,1,Denegar/Revisar,Medio
CLI-103564,Lima,4087.37,1352.2,546,0,54,317,Bajo,0.0,1,0.30424225381492676,1,Denegar/Revisar,Medio
CLI-103565,Arequipa,5871.39,10141.32,949,0,58,315,Bajo,0.0,1,0.04048475484182142,0,Aprobar,Bajo
CLI-103566,Piura,3497.25,8773.69,115,1,47,105,Medio,1.0,1,0.9924732732501917,1,Denegar/Revisar,Muy alto
CLI-103567,Arequipa,5581.99,438.16,738,0,27,17,Alto,2.0,0,0.04038197680808487,0,Aprobar,Bajo
CLI-103568,Arequipa,2284.02,111.13,984,0,44,227,Bajo,0.0,1,0.008329044633130774,0,Aprobar,Bajo
CLI-103569,Loreto,2785.2,12653.938750000001,448,1,48,261,Medio,1.0,1,0.9366322771016029,1,Denegar/Revisar,Muy alto
CLI-103570,Lima,3198.86,12537.68,302,1,47,92,Medio,1.0,1,0.9814207719708435,1,Denegar/Revisar,Muy alto
CLI-103571,Piura,3660.39,2194.7,233,1,48,151,Medio,1.0,1,0.912739639524,1,Denegar/Revisar,Muy alto
CLI-103572,Loreto,5696.18,207.55,870,0,44,186,Alto,2.0,1,0.011188409691743907,0,Aprobar,Bajo
CLI-103573,Cusco,2981.63,3858.52,625,1,38,56,Medio,1.0,0,0.3055784806860613,1,Denegar/Revisar,Medio
CLI-103574,Loreto,3600.67,1389.22,607,0,32,50,Alto,2.0,0,0.21777882489204856,1,Denegar/Revisar,Bajo
CLI-103575,Lima,4240.68,11040.93,165,1,18,0,Alto,2.0,0,0.9914858911114998,1,Denegar/Revisar,Muy alto
CLI-103576,Lima,2089.82,6332.39,579,0,42,97,Bajo,0.0,1,0.5935145043277423,1,Denegar/Revisar,Alto
CLI-103577,Lima,2928.92,4194.65,962,0,41,101,Medio,1.0,1,0.019859563905900143,0,Aprobar,Bajo
CLI-103578,Arequipa,4378.41,1339.12,558,0,45,50,Medio,1.0,1,0.25950816159373696,1,Denegar/Revisar,Medio
CLI-103579,Lima,5397.73,4832.84,441,1,25,51,Alto,2.0,0,0.6430934994018469,1,Denegar/Revisar,Alto
CLI-103580,Lima,4354.52,1365.28,806,0,46,87,Alto,2.0,0,0.0347089489249598,0,Aprobar,Bajo
CLI-103581,Loreto,1526.23,153.43,725,0,61,243,Medio,1.0,1,0.09941810405014778,0,Aprobar,Bajo
CLI-103582,Lima,4043.4,2840.64,258,1,40,51,Medio,1.0,0,0.8966524929223855,1,Denegar/Revisar,Muy alto
CLI-103583,Loreto,2131.1,2683.07,260,1,38,104,Alto,2.0,0,0.930263888585954,1,Denegar/Revisar,Muy alto
CLI-103584,Lima,4887.14,5758.88,353,1,43,172,Alto,2.0,0,0.8492047958324263,1,Denegar/Revisar,Muy alto
CLI-103585,Lima,3922.52,8029.94,996,0,61,385,Bajo,0.0,1,0.026595011108834967,0,Aprobar,Bajo
CLI-103586,Lima,5467.92,1750.73,626,0,28,80,Medio,1.0,0,0.13560166602459467,0,Aprobar,Bajo
CLI-103587,Arequipa,3169.29,2387.52,648,0,41,53,Bajo,0.0,1,0.2054866730124555,1,Denegar/Revisar,Bajo
CLI-103588,Lima,1974.9,2542.54,254,1,30,23,Alto,2.0,0,0.9342326722973188,1,Denegar/Revisar,Muy alto
CLI-103589,Lima,1025.0,1567.57,585,0,32,68,Alto,2.0,0,0.39246809717507464,1,Denegar/Revisar,Medio
CLI-103590,Cusco,2572.61,5440.74,531,1,38,62,Medio,1.0,0,0.6201020333751008,1,Denegar/Revisar,Alto
CLI-103591,Lima,3017.91,2953.43,126,1,54,173,Alto,2.0,1,0.975851917516565,1,Denegar/Revisar,Muy alto
CLI-103592,Piura,2872.67,9811.58,111,1,58,120,Alto,2.0,1,0.9951400839253692,1,Denegar/Revisar,Muy alto
CLI-103593,Piura,3749.45,4202.84,166,1,44,77,Alto,2.0,0,0.9682617555955636,1,Denegar/Revisar,Muy alto
CLI-103594,Lima,5648.22,952.5,641,0,36,60,Alto,2.0,0,0.10294206990353037,0,Aprobar,Bajo
CLI-103595,Piura,2933.0,720.38,195,0,66,223,Bajo,0.0,1,0.9308577572603199,1,Denegar/Revisar,Muy alto
CLI-103596,Lima,3229.6,1863.31,314,1,34,86,Bajo,0.0,1,0.8397222813215813,1,Denegar/Revisar,Muy alto
CLI-103597,Piura,4755.33,1704.26,293,1,33,32,Medio,1.0,0,0.8064421838236104,1,Denegar/Revisar,Muy alto
CLI-103598,Lima,4338.52,2091.13,746,0,20,13,Alto,2.0,0,0.06878028714936692,0,Aprobar,Bajo
CLI-103599,Arequipa,1893.26,811.36,389,1,54,226,Bajo,0.0,1,0.738951929205478,1,Denegar/Revisar,Alto
CLI-103600,Lima,3002.8,12653.938750000001,643,1,49,197,Bajo,0.0,1,0.7009983200575235,1,Denegar/Revisar,Alto
CLI-103601,Piura,1273.15,629.94,984,0,65,163,Bajo,0.0,1,0.01171023110115508,0,Aprobar,Bajo
CLI-103602,Lima,1370.89,4229.68,138,1,23,31,Alto,2.0,0,0.9857723596295774,1,Denegar/Revisar,Muy alto
CLI-103603,Lima,1890.52,52.62,963,0,54,279,Alto,2.0,1,0.01094689542774643,0,Aprobar,Bajo
CLI-103604,Lima,3655.12,2089.98,305,1,40,92,Alto,2.0,0,0.8441875791715435,1,Denegar/Revisar,Muy alto
CLI-103605,Lima,3655.12,1479.52,998,0,48,72,Medio,1.0,1,0.006836451176095941,0,Aprobar,Bajo
CLI-103606,Loreto,2396.73,1925.23,654,0,20,8,Alto,2.0,0,0.20965665079465678,1,Denegar/Revisar,Bajo
CLI-103607,Lima,2310.55,2757.24,583,1,55,303,Bajo,0.0,1,0.3857414863951495,1,Denegar/Revisar,Medio
CLI-103608,Cusco,4786.71,3668.91,436,1,48,244,Alto,2.0,1,0.6298790425332527,1,Denegar/Revisar,Alto
CLI-103609,Cusco,3013.67,3503.58,595,0,38,177,Alto,2.0,0,0.35816068844884413,1,Denegar/Revisar,Medio
CLI-103610,Piura,4625.12,3984.73,870,0,46,153,Medio,1.0,1,0.030064289217623746,0,Aprobar,Bajo
CLI-103611,Lima,4310.7,7445.66,348,1,31,104,Alto,2.0,0,0.9059590579152088,1,Denegar/Revisar,Muy alto
CLI-103612,Lima,1783.88,8711.47,173,1,32,107,Alto,2.0,0,0.9915119028974586,1,Denegar/Revisar,Muy alto
CLI-103613,Arequipa,2411.01,5346.21,472,1,33,108,Medio,1.0,0,0.7428792143369657,1,Denegar/Revisar,Alto
CLI-103614,Lima,3600.42,328.93,930,0,19,2,Alto,2.0,0,0.01063892929822611,0,Aprobar,Bajo
CLI-103615,Lima,2125.66,12653.938750000001,978,0,48,138,Alto,2.0,1,0.1103665059686776,0,Aprobar,Bajo
CLI-103616,Piura,5044.02,11780.01,907,0,53,61,Medio,1.0,1,0.09347397380132258,0,Aprobar,Bajo
CLI-103617,Loreto,5171.3,4975.07,885,0,32,120,Medio,1.0,0,0.0284099037466193,0,Aprobar,Bajo
CLI-103618,Arequipa,4487.53,2914.59,934,0,43,115,Alto,2.0,0,0.014345690687251214,0,Aprobar,Bajo
CLI-103619,Lima,6479.52,12653.938750000001,970,1,37,74,Alto,2.0,0,0.04643142431537019,0,Aprobar,Bajo
CLI-103620,Arequipa,3710.22,5648.11,801,0,43,197,Medio,1.0,1,0.09423105596802844,0,Aprobar,Bajo
CLI-103621,Lima,3900.38,8410.36,237,1,32,80,Medio,1.0,0,0.9725351738727075,1,Denegar/Revisar,Muy alto
CLI-103622,Lima,4340.75,4376.74,556,1,30,44,Medio,1.0,0,0.40624150869890896,1,Denegar/Revisar,Medio
CLI-103623,Loreto,3127.33,3967.0,913,0,50,119,Bajo,0.0,1,0.02945539295082646,0,Aprobar,Bajo
CLI-103624,Lima,6076.3,857.75,922,0,39,14,Medio,1.0,0,0.006972359767073034,0,Aprobar,Bajo
CLI-103625,Lima,4576.26,1771.4,942,0,62,395,Bajo,0.0,1,0.010283098782799434,0,Aprobar,Bajo
CLI-103626,Lima,5047.91,5136.92,543,0,40,209,Alto,2.0,1,0.4445681499228639,1,Denegar/Revisar,Medio
CLI-103627,Loreto,1452.6,68.17,452,1,28,97,Alto,2.0,0,0.5974458517669166,1,Denegar/Revisar,Alto
CLI-103628,Arequipa,4450.63,4100.68,893,0,53,68,Medio,1.0,1,0.025965554578093204,0,Aprobar,Bajo
CLI-103629,Piura,2829.11,5821.21,510,1,46,175,Bajo,0.0,1,0.6783705266436749,1,Denegar/Revisar,Alto
CLI-103630,Arequipa,2776.82,1630.1,777,0,47,186,Medio,1.0,1,0.06477601645418164,0,Aprobar,Bajo
CLI-103631,Lima,6392.25,316.9,889,0,53,240,Bajo,0.0,1,0.008176455649721165,0,Aprobar,Bajo
CLI-103632,Lima,4066.94,6839.67,637,0,32,56,Alto,2.0,0,0.3735019947010498,1,Denegar/Revisar,Medio
CLI-103633,Lima,1388.55,611.84,552,1,37,106,Alto,2.0,0,0.398055019482391,1,Denegar/Revisar,Medio
CLI-103634,Lima,2790.04,1853.23,518,1,37,108,Medio,1.0,0,0.45111907530378736,1,Denegar/Revisar,Medio
CLI-103635,Lima,5006.58,4913.8,549,0,25,53,Alto,2.0,0,0.4215393977965231,1,Denegar/Revisar,Medio
CLI-103636,Cusco,2588.68,6792.77,684,0,36,146,Alto,2.0,0,0.34864302630454225,1,Denegar/Revisar,Medio
CLI-103637,Lima,1495.52,7933.09,214,1,53,105,Bajo,0.0,1,0.9863258478863893,1,Denegar/Revisar,Muy alto
CLI-103638,Lima,3655.12,3023.64,150,1,42,55,Medio,1.0,0,0.964512757957082,1,Denegar/Revisar,Muy alto
CLI-103639,Lima,4139.96,2584.08,468,0,24,38,Medio,1.0,0,0.5284691877145187,1,Denegar/Revisar,Alto
CLI-103640,Lima,2971.59,7543.86,782,0,22,2,Alto,2.0,0,0.1862494668684195,0,Aprobar,Bajo
CLI-103641,Cusco,4844.08,3311.99,879,0,58,307,Bajo,0.0,1,0.023829392448919424,0,Aprobar,Bajo
CLI-103642,Lima,3780.29,3457.17,614,0,38,127,Medio,1.0,1,0.2713537650442353,1,Denegar/Revisar,Medio
CLI-103643,Lima,3352.65,2276.46,309,1,32,120,Medio,1.0,0,0.8485512446117031,1,Denegar/Revisar,Muy alto
CLI-103644,Arequipa,1025.0,1866.05,987,0,35,70,Bajo,0.0,1,0.015595938229243551,0,Aprobar,Bajo
CLI-103645,Lima,4421.87,2619.87,949,0,23,21,Alto,2.0,0,0.011919671549105169,0,Aprobar,Bajo
CLI-103646,Lima,3947.96,1815.56,912,0,55,142,Medio,1.0,1,0.015234275283607577,0,Aprobar,Bajo
CLI-103647,Lima,5073.52,1683.61,994,0,35,78,Alto,2.0,0,0.005548586913617934,0,Aprobar,Bajo
CLI-103648,Piura,3425.29,12653.938750000001,953,0,54,104,Medio,1.0,1,0.10042305091212317,0,Aprobar,Bajo
CLI-103649,Cusco,3395.58,1639.18,726,0,39,84,Alto,2.0,0,0.09157083804155615,0,Aprobar,Bajo
CLI-103650,Arequipa,4855.66,1184.92,778,0,55,296,Medio,1.0,1,0.03712526716363081,0,Aprobar,Bajo
CLI-103651,Lima,5736.58,1747.35,534,0,43,222,Medio,1.0,1,0.2587787098173315,1,Denegar/Revisar,Medio
CLI-103652,Loreto,2265.14,3574.02,876,0,48,62,Alto,2.0,0,0.046052996671356566,0,Aprobar,Bajo
CLI-103653,Lima,3921.72,9676.05,326,1,47,49,Medio,1.0,1,0.9523225801855766,1,Denegar/Revisar,Muy alto
CLI-103654,Lima,5853.9,6202.12,762,0,47,283,Medio,1.0,1,0.09299471596426606,0,Aprobar,Bajo
CLI-103655,Lima,4276.06,7386.75,367,1,43,104,Medio,1.0,1,0.8853543015988844,1,Denegar/Revisar,Muy alto
CLI-103656,Lima,4658.81,7836.23,215,0,37,22,Alto,2.0,0,0.9711010863039218,1,Denegar/Revisar,Muy alto
CLI-103657,Piura,3082.72,10129.42,699,1,60,242,Bajo,0.0,1,0.45618553796705313,1,Denegar/Revisar,Medio
CLI-103658,Piura,6213.16,1071.89,929,0,30,42,Alto,2.0,0,0.006878024266355974,0,Aprobar,Bajo
CLI-103659,Cusco,3560.7650000000003,2452.66,853,0,39,39,Bajo,0.0,1,0.033813076378514946,0,Aprobar,Bajo
CLI-103660,Piura,3500.69,1945.82,459,1,39,102,Medio,1.0,1,0.552796021841842,1,Denegar/Revisar,Alto
CLI-103661,Piura,2602.41,1924.27,428,0,43,108,Medio,1.0,1,0.6696647354073177,1,Denegar/Revisar,Alto
CLI-103662,Lima,3694.71,4225.47,944,0,34,80,Medio,1.0,0,0.019814239617902997,0,Aprobar,Bajo
CLI-103663,Lima,1025.0,2055.34,139,1,41,73,Bajo,0.0,1,0.9791622285802514,1,Denegar/Revisar,Muy alto
CLI-103664,Piura,1025.0,3831.89,281,1,36,142,Alto,2.0,0,0.9475006861863832,1,Denegar/Revisar,Muy alto
CLI-103665,Lima,5443.18,1926.88,589,0,22,27,Alto,2.0,0,0.19406720986232653,0,Aprobar,Bajo
CLI-103666,Loreto,1025.0,1490.8,308,0,38,99,Bajo,0.0,1,0.8952324958211844,1,Denegar/Revisar,Muy alto
CLI-103667,Lima,3619.66,1742.11,372,1,27,46,Alto,2.0,0,0.7302648002492048,1,Denegar/Revisar,Alto
CLI-103668,Lima,1025.0,6513.61,218,1,19,5,Alto,2.0,0,0.9828820729226615,1,Denegar/Revisar,Muy alto
CLI-103669,Lima,2189.17,3675.69,481,1,40,119,Medio,1.0,1,0.6626769050990766,1,Denegar/Revisar,Alto
CLI-103670,Lima,4796.45,12653.938750000001,635,1,45,104,Alto,2.0,0,0.6250176444445349,1,Denegar/Revisar,Alto
CLI-103671,Lima,3457.05,7150.82,357,1,45,165,Alto,2.0,1,0.9102468629885511,1,Denegar/Revisar,Muy alto
CLI-103672,Arequipa,3473.29,2660.42,582,0,45,162,Bajo,0.0,1,0.3216674889691655,1,Denegar/Revisar,Medio
CLI-103673,Lima,5432.98,1110.27,608,0,18,0,Alto,2.0,0,0.14527866875938936,0,Aprobar,Bajo
CLI-103674,Piura,2447.49,4482.32,191,1,24,33,Medio,1.0,0,0.97086103466386,1,Denegar/Revisar,Muy alto
CLI-103675,Lima,4864.97,5187.95,260,0,61,260,Alto,2.0,1,0.9231099035710227,1,Denegar/Revisar,Muy alto
CLI-103676,Lima,3655.12,2495.8,248,1,27,36,Alto,2.0,0,0.9097129391243113,1,Denegar/Revisar,Muy alto
CLI-103677,Lima,1147.31,1045.05,216,1,45,105,Alto,2.0,0,0.947143162320094,1,Denegar/Revisar,Muy alto
CLI-103678,Loreto,3406.75,3258.89,557,0,31,102,Medio,1.0,0,0.39933133038008484,1,Denegar/Revisar,Medio
CLI-103679,Lima,3832.91,1171.2,664,0,40,12,Medio,1.0,0,0.12435914399732963,0,Aprobar,Bajo
CLI-103680,Arequipa,3038.42,11253.53,913,0,32,64,Alto,2.0,0,0.12613862141688084,0,Aprobar,Bajo
CLI-103681,Lima,2373.84,3964.97,144,1,45,195,Medio,1.0,1,0.9792621979292693,1,Denegar/Revisar,Muy alto
CLI-103682,Arequipa,6299.15,1380.85,876,0,42,141,Alto,2.0,0,0.011773726624399374,0,Aprobar,Bajo
CLI-103683,Lima,3654.41,972.01,873,0,34,25,Medio,1.0,0,0.01958846799092982,0,Aprobar,Bajo
CLI-103684,Arequipa,1431.45,5045.32,918,0,27,39,Alto,2.0,0,0.051142460425806176,0,Aprobar,Bajo
CLI-103685,Piura,1025.0,4921.18,333,1,41,81,Medio,1.0,0,0.9306541541721054,1,Denegar/Revisar,Muy alto
CLI-103686,Cusco,6577.94,3636.59,474,0,27,45,Alto,2.0,0,0.4385025508532162,1,Denegar/Revisar,Medio
CLI-103687,Lima,5967.86,3810.79,646,0,45,84,Alto,2.0,0,0.15677805444590934,0,Aprobar,Bajo
CLI-103688,Lima,3744.0,3704.04,949,0,68,236,Bajo,0.0,1,0.017441309995867862,0,Aprobar,Bajo
CLI-103689,Lima,4307.89,1785.8,296,1,54,183,Bajo,0.0,1,0.8261295599331107,1,Denegar/Revisar,Muy alto
CLI-103690,Loreto,3138.63,11084.88,124,1,47,102,Medio,1.0,1,0.9953610461131935,1,Denegar/Revisar,Muy alto
CLI-103691,Piura,5393.76,2610.16,494,1,39,95,Bajo,0.0,1,0.4068877059103308,1,Denegar/Revisar,Medio
CLI-103692,Arequipa,2519.17,82.15,813,0,18,0,Alto,2.0,0,0.03782601879376778,0,Aprobar,Bajo
CLI-103693,Lima,2703.55,1713.06,884,0,24,4,Alto,2.0,0,0.02658147562926972,0,Aprobar,Bajo
CLI-103694,Lima,4749.05,558.35,135,1,54,117,Bajo,0.0,1,0.9374486705578039,1,Denegar/Revisar,Muy alto
CLI-103695,Lima,1406.14,1806.35,573,0,29,53,Alto,2.0,0,0.41038050132893805,1,Denegar/Revisar,Medio
CLI-103696,Cusco,3248.7,3748.65,322,1,31,133,Alto,2.0,0,0.8781300886415178,1,Denegar/Revisar,Muy alto
CLI-103697,Arequipa,4358.95,91.7,963,0,37,113,Medio,1.0,1,0.006019570291129087,0,Aprobar,Bajo
CLI-103698,Cusco,5452.39,8167.06,888,0,28,67,Medio,1.0,0,0.04966747483148984,0,Aprobar,Bajo
CLI-103699,Lima,3967.82,3769.61,629,0,26,14,Alto,2.0,0,0.2558736119733308,1,Denegar/Revisar,Medio
CLI-103700,Piura,2875.94,1400.34,287,1,38,91,Alto,2.0,0,0.8691811750796179,1,Denegar/Revisar,Muy alto
CLI-103701,Arequipa,2931.19,1491.25,501,1,29,53,Alto,2.0,0,0.47317823721299307,1,Denegar/Revisar,Medio
CLI-103702,Lima,1719.79,2506.95,356,0,30,43,Alto,2.0,0,0.8517551028205774,1,Denegar/Revisar,Muy alto
CLI-103703,Loreto,3756.85,1140.56,753,0,30,37,Medio,1.0,0,0.05866246662220261,0,Aprobar,Bajo
CLI-103704,Cusco,4717.65,17.41,235,1,45,116,Medio,1.0,1,0.8352981368576964,1,Denegar/Revisar,Muy alto
CLI-103705,Loreto,3907.1,107.67,918,0,37,132,Bajo,0.0,1,0.01058308734906114,0,Aprobar,Bajo
CLI-103706,Arequipa,5989.39,1771.05,690,0,38,35,Medio,1.0,0,0.07113396054926246,0,Aprobar,Bajo
CLI-103707,Lima,4682.51,530.57,543,1,46,212,Medio,1.0,1,0.24064777673596574,1,Denegar/Revisar,Bajo
CLI-103708,Lima,4248.87,90.47,517,1,38,103,Alto,2.0,0,0.2975345703251061,1,Denegar/Revisar,Medio
CLI-103709,Cusco,3039.27,7843.63,391,1,36,61,Medio,1.0,0,0.9004714804166286,1,Denegar/Revisar,Muy alto
CLI-103710,Lima,2903.39,1281.58,673,0,44,65,Alto,2.0,0,0.14694961248662328,0,Aprobar,Bajo
CLI-103711,Arequipa,5478.38,2797.65,228,0,47,162,Medio,1.0,1,0.8908976120872577,1,Denegar/Revisar,Muy alto
CLI-103712,Arequipa,4570.38,790.92,440,1,38,33,Alto,2.0,0,0.4841509307626266,1,Denegar/Revisar,Medio
CLI-103713,Piura,4108.93,191.41,909,0,40,115,Medio,1.0,1,0.01076041960418029,0,Aprobar,Bajo
CLI-103714,Cusco,5760.67,5463.87,356,1,31,74,Alto,2.0,0,0.8077160695603848,1,Denegar/Revisar,Muy alto
CLI-103715,Lima,5089.56,533.93,823,0,30,5,Alto,2.0,0,0.021226782687594394,0,Aprobar,Bajo
CLI-103716,Lima,1699.25,104.21,665,0,47,162,Bajo,0.0,1,0.16071549210354708,0,Aprobar,Bajo
CLI-103717,Lima,3432.22,3539.46,786,0,44,33,Alto,2.0,0,0.07837402052865765,0,Aprobar,Bajo
CLI-103718,Lima,3988.66,54.24,199,1,44,5,Bajo,0.0,1,0.898144921140816,1,Denegar/Revisar,Muy alto
CLI-103719,Lima,5037.35,2292.83,138,1,43,95,Medio,1.0,1,0.9497862582589762,1,Denegar/Revisar,Muy alto
CLI-103720,Lima,3655.12,1363.41,362,0,39,133,Medio,1.0,1,0.7237396866755345,1,Denegar/Revisar,Alto
CLI-103721,Loreto,3036.35,1539.23,249,1,46,131,Alto,2.0,0,0.9039861078229686,1,Denegar/Revisar,Muy alto
CLI-103722,Cusco,4888.37,15.63,732,0,50,186,Bajo,0.0,1,0.04564465223447376,0,Aprobar,Bajo
CLI-103723,Lima,3160.63,12653.938750000001,789,0,49,221,Medio,1.0,1,0.3560253780065563,1,Denegar/Revisar,Medio
CLI-103724,Lima,2992.9,2910.65,912,0,38,151,Bajo,0.0,1,0.02466268956924867,0,Aprobar,Bajo
CLI-103725,Cusco,1025.0,3399.32,429,1,53,108,Medio,1.0,1,0.7981582526954275,1,Denegar/Revisar,Muy alto
CLI-103726,Lima,3523.0,4387.92,219,1,41,70,Medio,1.0,0,0.951382981223221,1,Denegar/Revisar,Muy alto
CLI-103727,Lima,5762.76,6388.49,683,0,47,90,Medio,1.0,1,0.1860308958318879,0,Aprobar,Bajo
CLI-103728,Lima,4299.82,3745.05,318,0,42,61,Medio,1.0,0,0.8493122132118521,1,Denegar/Revisar,Muy alto
CLI-103729,Piura,4456.7,5745.27,913,0,42,109,Medio,1.0,1,0.030283865643833348,0,Aprobar,Bajo
CLI-103730,Lima,4779.42,2382.16,222,1,31,109,Alto,2.0,0,0.9062899254615602,1,Denegar/Revisar,Muy alto
CLI-103731,Cusco,7612.15,1856.25,343,0,48,250,Bajo,0.0,1,0.5904172665312641,1,Denegar/Revisar,Alto
CLI-103732,Lima,3222.46,6929.45,985,0,70,203,Bajo,0.0,1,0.02746880811965147,0,Aprobar,Bajo
CLI-103733,Piura,1025.0,8019.13,686,0,34,36,Alto,2.0,0,0.49451472422697695,1,Denegar/Revisar,Medio
CLI-103734,Lima,4247.6,593.1,617,0,40,83,Medio,1.0,0,0.15069081521462896,0,Aprobar,Bajo
CLI-103735,Lima,4363.77,3129.31,120,1,34,83,Medio,1.0,0,0.968984313126842,1,Denegar/Revisar,Muy alto
CLI-103736,Arequipa,1025.0,4603.53,289,1,33,81,Medio,1.0,0,0.9499057652223065,1,Denegar/Revisar,Muy alto
CLI-103737,Arequipa,4397.12,349.2,324,1,56,196,Medio,1.0,1,0.7177239868239946,1,Denegar/Revisar,Alto
CLI-103738,Arequipa,3422.34,10614.07,714,0,32,65,Alto,2.0,0,0.4272997405710586,1,Denegar/Revisar,Medio
CLI-103739,Piura,4915.26,2936.79,955,0,34,76,Alto,2.0,0,0.010756635992940276,0,Aprobar,Bajo
CLI-103740,Cusco,2251.47,4147.71,565,0,21,29,Alto,2.0,0,0.5027408148383744,1,Denegar/Revisar,Alto
CLI-103741,Loreto,3600.67,785.24,198,1,31,126,Alto,2.0,0,0.919128755761857,1,Denegar/Revisar,Muy alto
CLI-103742,Arequipa,2701.05,1228.46,929,0,20,8,Alto,2.0,0,0.0159142322806679,0,Aprobar,Bajo
CLI-103743,Lima,4425.26,515.89,462,0,46,127,Alto,2.0,0,0.4269746968138681,1,Denegar/Revisar,Medio
CLI-103744,Lima,1927.52,1226.09,182,1,69,172,Bajo,0.0,1,0.955297965888228,1,Denegar/Revisar,Muy alto
CLI-103745,Lima,4488.62,2712.22,792,0,35,150,Medio,1.0,1,0.048372350325301586,0,Aprobar,Bajo
CLI-103746,Arequipa,4070.26,7174.15,763,0,21,24,Medio,1.0,0,0.15871394638803143,0,Aprobar,Bajo
CLI-103747,Lima,1039.79,3051.91,155,1,48,47,Alto,2.0,0,0.9802927619141211,1,Denegar/Revisar,Muy alto
CLI-103748,Lima,4216.12,1121.31,801,0,31,90,Alto,2.0,0,0.035642063380884804,0,Aprobar,Bajo
CLI-103749,Loreto,3097.51,182.59,121,1,53,282,Bajo,0.0,1,0.9586073634706096,1,Denegar/Revisar,Muy alto
CLI-103750,Loreto,5451.95,3891.13,679,0,37,163,Alto,2.0,0,0.1352531742195808,0,Aprobar,Bajo
CLI-103751,Cusco,5309.5,2180.01,284,1,33,38,Alto,2.0,0,0.8208103536058322,1,Denegar/Revisar,Muy alto
CLI-103752,Lima,2212.78,12653.938750000001,621,1,36,105,Medio,1.0,0,0.7691060902316448,1,Denegar/Revisar,Muy alto
CLI-103753,Arequipa,4386.24,6052.15,677,0,48,98,Alto,2.0,0,0.24363349768933745,1,Denegar/Revisar,Bajo
CLI-103754,Lima,1025.0,6608.61,363,1,35,60,Bajo,0.0,1,0.9376257779844294,1,Denegar/Revisar,Muy alto
CLI-103755,Lima,4424.85,49.24,324,1,34,55,Medio,1.0,0,0.7033742762210121,1,Denegar/Revisar,Alto
CLI-103756,Lima,5613.95,6016.63,734,0,38,24,Bajo,0.0,1,0.12347218175445458,0,Aprobar,Bajo
CLI-103757,Lima,1025.0,865.73,137,1,24,30,Medio,1.0,0,0.9728533739770635,1,Denegar/Revisar,Muy alto
CLI-103758,Lima,3655.12,3525.59,222,1,43,130,Bajo,0.0,1,0.9411169601642845,1,Denegar/Revisar,Muy alto
CLI-103759,Loreto,3600.67,2372.64,929,0,19,5,Medio,1.0,0,0.01582679261299612,0,Aprobar,Bajo
CLI-103760,Lima,2497.33,3390.83,255,1,34,106,Medio,1.0,0,0.9348479025562626,1,Denegar/Revisar,Muy alto
CLI-103761,Arequipa,2490.11,572.91,400,0,47,233,Medio,1.0,1,0.6704021109884871,1,Denegar/Revisar,Alto
CLI-103762,Piura,4298.56,2441.79,932,0,43,22,Medio,1.0,0,0.013313461939255013,0,Aprobar,Bajo
CLI-103763,Lima,4312.98,150.58,166,1,46,61,Medio,1.0,1,0.9162885907164909,1,Denegar/Revisar,Muy alto
CLI-103764,Lima,3517.39,167.45,744,0,38,47,Medio,1.0,0,0.05514759090757234,0,Aprobar,Bajo
CLI-103765,Lima,2964.83,4288.72,973,0,52,297,Medio,1.0,1,0.018151814186903502,0,Aprobar,Bajo
CLI-103766,Piura,3189.54,12121.16,493,1,49,188,Bajo,0.0,1,0.8959106671298538,1,Denegar/Revisar,Muy alto
CLI-103767,Lima,3622.13,6009.39,751,1,44,153,Bajo,0.0,1,0.1599271490244372,0,Aprobar,Bajo
CLI-103768,Lima,3756.11,2533.15,693,0,49,142,Alto,2.0,1,0.132400370070154,0,Aprobar,Bajo
CLI-103769,Lima,2896.03,229.97,669,0,47,30,Bajo,0.0,1,0.125474129477342,0,Aprobar,Bajo
CLI-103770,Piura,4563.94,184.26,760,0,35,106,Medio,1.0,0,0.03803748663764097,0,Aprobar,Bajo
CLI-103771,Cusco,5448.14,687.39,504,0,25,33,Alto,2.0,0,0.29124712835246475,1,Denegar/Revisar,Medio
CLI-103772,Lima,1692.51,12653.938750000001,548,1,43,44,Bajo,0.0,1,0.8856726684084524,1,Denegar/Revisar,Muy alto
CLI-103773,Arequipa,3636.07,2034.39,230,1,45,95,Alto,2.0,0,0.9157510143610025,1,Denegar/Revisar,Muy alto
CLI-103774,Arequipa,4275.59,7416.43,168,1,51,66,Bajo,0.0,1,0.9812161469190962,1,Denegar/Revisar,Muy alto
CLI-103775,Cusco,2737.07,4885.05,444,1,28,63,Alto,2.0,0,0.7665773567052887,1,Denegar/Revisar,Muy alto
CLI-103776,Loreto,6100.3,3719.82,861,0,30,46,Medio,1.0,0,0.022145795430613405,0,Aprobar,Bajo
CLI-103777,Piura,3247.13,11812.69,419,0,44,138,Medio,1.0,1,0.938761495101717,1,Denegar/Revisar,Muy alto
CLI-103778,Arequipa,1363.03,1047.6,276,1,37,120,Medio,1.0,0,0.9033496877434102,1,Denegar/Revisar,Muy alto
CLI-103779,Loreto,1958.66,2427.07,683,0,18,0,Medio,1.0,0,0.19311544091515243,0,Aprobar,Bajo
CLI-103780,Lima,4933.21,8001.72,628,0,44,33,Bajo,0.0,1,0.4041031387720334,1,Denegar/Revisar,Medio
CLI-103781,Lima,5419.29,3209.72,940,0,19,1,Alto,2.0,0,0.011658165888826977,0,Aprobar,Bajo
CLI-103782,Lima,5364.44,1131.81,259,1,29,67,Alto,2.0,0,0.8208704784167918,1,Denegar/Revisar,Muy alto
CLI-103783,Loreto,4868.08,937.41,681,0,54,297,Medio,1.0,1,0.08310917679018799,0,Aprobar,Bajo
CLI-103784,Loreto,3600.67,5591.54,724,0,59,228,Bajo,0.0,1,0.18410929060965378,0,Aprobar,Bajo
CLI-103785,Lima,4909.46,51.49,843,0,26,23,Medio,1.0,0,0.016028475335877417,0,Aprobar,Bajo
CLI-103786,Piura,3872.13,9822.58,632,0,35,100,Medio,1.0,0,0.5414920139549897,1,Denegar/Revisar,Alto
CLI-103787,Lima,2469.14,74.36,234,0,39,19,Medio,1.0,0,0.8972290737465549,1,Denegar/Revisar,Muy alto
CLI-103788,Lima,3423.96,3987.72,874,0,58,141,Bajo,0.0,1,0.03940799014846855,0,Aprobar,Bajo
CLI-103789,Cusco,1025.0,3712.93,210,1,33,123,Medio,1.0,0,0.9705584329961635,1,Denegar/Revisar,Muy alto
CLI-103790,Lima,3100.78,3454.9,857,0,34,55,Medio,1.0,0,0.04269167198181536,0,Aprobar,Bajo
CLI-103791,Lima,3234.52,2572.43,382,1,56,211,Bajo,0.0,1,0.762580228467562,1,Denegar/Revisar,Muy alto
CLI-103792,Piura,1025.0,7653.82,619,1,34,163,Bajo,0.0,1,0.6293497804154584,1,Denegar/Revisar,Alto
CLI-103793,Arequipa,3517.7,4307.4,895,0,47,62,Medio,1.0,1,0.03282140577346899,0,Aprobar,Bajo
CLI-103794,Lima,5516.86,6090.51,818,0,23,43,Alto,2.0,0,0.06239669828022837,0,Aprobar,Bajo
CLI-103795,Arequipa,5100.84,491.03,293,1,38,78,Alto,2.0,0,0.7556818892445403,1,Denegar/Revisar,Muy alto
CLI-103796,Piura,2000.83,204.75,146,1,20,6,Alto,2.0,0,0.9595738554989865,1,Denegar/Revisar,Muy alto
CLI-103797,Lima,2534.5,115.77,441,1,27,17,Alto,2.0,0,0.5639059830564503,1,Denegar/Revisar,Alto
CLI-103798,Lima,2102.03,636.95,341,0,48,176,Bajo,0.0,1,0.8030605720362072,1,Denegar/Revisar,Muy alto
CLI-103799,Piura,2904.41,4398.55,621,1,38,28,Medio,1.0,0,0.3426776693328724,1,Denegar/Revisar,Medio
CLI-103800,Lima,3655.12,2725.05,469,0,35,20,Medio,1.0,0,0.5614116898592704,1,Denegar/Revisar,Alto
CLI-103801,Cusco,6743.81,5581.38,900,0,32,35,Medio,1.0,0,0.01965150823557893,0,Aprobar,Bajo
CLI-103802,Loreto,1025.0,851.44,230,1,36,115,Bajo,0.0,1,0.9394613344401674,1,Denegar/Revisar,Muy alto
CLI-103803,Cusco,3560.7650000000003,1828.91,369,1,42,81,Medio,1.0,1,0.7345093783478841,1,Denegar/Revisar,Alto
CLI-103804,Lima,3655.12,8774.83,913,1,50,88,Bajo,0.0,1,0.06900299998404906,0,Aprobar,Bajo
CLI-103805,Cusco,2777.05,10977.69,160,1,18,1,Alto,2.0,0,0.9941220556614889,1,Denegar/Revisar,Muy alto
CLI-103806,Lima,2293.45,10190.32,263,1,29,12,Alto,2.0,0,0.9838627700881021,1,Denegar/Revisar,Muy alto
CLI-103807,Lima,4286.38,6821.7,624,0,41,183,Medio,1.0,1,0.3802545140813561,1,Denegar/Revisar,Medio
CLI-103808,Lima,4236.83,4662.03,371,1,38,93,Alto,2.0,0,0.8143886218783829,1,Denegar/Revisar,Muy alto
CLI-103809,Lima,4966.39,9798.68,819,0,44,98,Medio,1.0,1,0.1362449925980293,0,Aprobar,Bajo
CLI-103810,Arequipa,1745.09,5009.59,857,1,41,51,Bajo,0.0,1,0.08100769034720655,0,Aprobar,Bajo
CLI-103811,Lima,2925.45,12310.92,232,1,35,83,Alto,2.0,0,0.9910077008349021,1,Denegar/Revisar,Muy alto
CLI-103812,Lima,1025.0,100.4,343,1,32,29,Medio,1.0,0,0.8153106686323177,1,Denegar/Revisar,Muy alto
CLI-103813,Piura,6915.31,10185.87,905,0,38,149,Bajo,0.0,1,0.04808207336412968,0,Aprobar,Bajo
CLI-103814,Lima,3033.98,3245.39,533,0,51,191,Medio,1.0,1,0.47515455396644707,1,Denegar/Revisar,Medio
CLI-103815,Piura,1025.0,474.22,137,1,30,109,Alto,2.0,0,0.9716613916721557,1,Denegar/Revisar,Muy alto
CLI-103816,Lima,3623.6,967.83,970,0,38,54,Medio,1.0,0,0.008028396576732605,0,Aprobar,Bajo
CLI-103817,Loreto,4145.82,7646.48,667,0,41,35,Alto,2.0,0,0.3437639353827272,1,Denegar/Revisar,Medio
CLI-103818,Loreto,4435.87,2821.83,418,1,56,83,Medio,1.0,1,0.6375137911305249,1,Denegar/Revisar,Alto
CLI-103819,Lima,5668.46,12653.938750000001,609,1,36,185,Medio,1.0,1,0.6257384736044131,1,Denegar/Revisar,Alto
CLI-103820,Lima,3544.36,500.13,475,1,50,165,Bajo,0.0,1,0.44643661271944096,1,Denegar/Revisar,Medio
CLI-103821,Lima,3655.12,2127.54,659,0,53,173,Medio,1.0,1,0.1595395449031897,0,Aprobar,Bajo
CLI-103822,Loreto,4959.6,1613.12,716,1,39,77,Alto,2.0,0,0.07114600725635424,0,Aprobar,Bajo
CLI-103823,Lima,4632.45,2903.8,573,0,37,144,Alto,2.0,0,0.29332969491557526,1,Denegar/Revisar,Medio
CLI-103824,Lima,2994.17,4014.35,158,1,35,41,Alto,2.0,0,0.974130421207799,1,Denegar/Revisar,Muy alto
CLI-103825,Lima,5090.43,4334.45,688,0,37,83,Bajo,0.0,1,0.14651431416101457,0,Aprobar,Bajo
CLI-103826,Lima,2780.63,5.19,598,0,48,166,Medio,1.0,1,0.2083803973685421,1,Denegar/Revisar,Bajo
CLI-103827,Lima,3097.97,372.68,317,1,41,169,Bajo,0.0,1,0.7931083911238812,1,Denegar/Revisar,Muy alto
CLI-103828,Loreto,1438.54,142.77,994,0,41,124,Alto,2.0,0,0.00927988939481246,0,Aprobar,Bajo
CLI-103829,Lima,5916.8,7998.06,666,0,28,83,Medio,1.0,0,0.26651809606309224,1,Denegar/Revisar,Medio
CLI-103830,Lima,3094.46,1503.39,666,0,28,21,Alto,2.0,0,0.15570273594682038,0,Aprobar,Bajo
CLI-103831,Loreto,5049.35,1829.54,228,1,63,153,Bajo,0.0,1,0.8842725911369934,1,Denegar/Revisar,Muy alto
CLI-103832,Loreto,2479.71,2394.05,482,1,37,148,Bajo,0.0,1,0.5905566649421432,1,Denegar/Revisar,Alto
CLI-103833,Lima,3927.34,7569.97,487,1,31,58,Medio,1.0,0,0.7384731394923182,1,Denegar/Revisar,Alto
CLI-103834,Lima,2950.12,57.07,184,1,54,260,Bajo,0.0,1,0.9281809023972234,1,Denegar/Revisar,Muy alto
CLI-103835,Lima,2815.01,505.06,609,0,42,105,Alto,2.0,0,0.21385638356324702,1,Denegar/Revisar,Bajo
CLI-103836,Cusco,4869.41,4622.8,825,0,46,149,Alto,2.0,1,0.05044048777849916,0,Aprobar,Bajo
CLI-103837,Lima,5867.42,12653.938750000001,726,0,38,27,Bajo,0.0,1,0.35634379811160116,1,Denegar/Revisar,Medio
CLI-103838,Cusco,6256.69,4117.69,536,0,37,128,Alto,2.0,0,0.3423789034989631,1,Denegar/Revisar,Medio
CLI-103839,Arequipa,3638.81,1210.5,925,0,37,104,Alto,2.0,0,0.01327683847725853,0,Aprobar,Bajo
CLI-103840,Piura,1468.95,2934.75,392,0,23,8,Alto,2.0,0,0.8262489475292655,1,Denegar/Revisar,Muy alto
CLI-103841,Lima,1025.0,12653.938750000001,148,1,37,82,Medio,1.0,0,0.9973113900601199,1,Denegar/Revisar,Muy alto
CLI-103842,Lima,4540.4,3003.75,166,1,43,68,Medio,1.0,0,0.949918908017174,1,Denegar/Revisar,Muy alto
CLI-103843,Lima,2776.06,1870.47,886,0,59,391,Bajo,0.0,1,0.026520881304526688,0,Aprobar,Bajo
CLI-103844,Lima,3879.93,1934.3,228,1,40,75,Alto,2.0,0,0.9110891345321059,1,Denegar/Revisar,Muy alto
CLI-103845,Arequipa,2956.91,12653.938750000001,128,1,18,0,Alto,2.0,0,0.9966447046712124,1,Denegar/Revisar,Muy alto
CLI-103846,Cusco,5362.05,5076.41,442,0,39,161,Alto,2.0,0,0.6545619956054268,1,Denegar/Revisar,Alto
CLI-103847,Piura,4552.93,4648.42,644,0,69,338,Bajo,0.0,1,0.23895474175023387,1,Denegar/Revisar,Bajo
CLI-103848,Arequipa,2890.13,1056.15,218,1,48,112,Medio,1.0,1,0.9188299732917373,1,Denegar/Revisar,Muy alto
CLI-103849,Lima,7173.87,3279.24,791,0,31,59,Alto,2.0,0,0.03122762712556312,0,Aprobar,Bajo
CLI-103850,Lima,5258.87,1764.86,762,0,46,158,Medio,1.0,1,0.04408209402865858,0,Aprobar,Bajo
CLI-103851,Lima,3796.1,1098.81,232,1,31,78,Medio,1.0,0,0.8903194978475549,1,Denegar/Revisar,Muy alto
CLI-103852,Piura,2328.09,9036.27,426,1,24,23,Alto,2.0,0,0.911292421521779,1,Denegar/Revisar,Muy alto
CLI-103853,Cusco,1348.04,1932.56,284,1,34,87,Medio,1.0,0,0.9129606371136515,1,Denegar/Revisar,Muy alto
CLI-103854,Arequipa,3320.8,1329.53,605,0,40,151,Alto,2.0,0,0.23013309558597295,1,Denegar/Revisar,Bajo
CLI-103855,Lima,1741.76,10736.58,745,0,18,0,Bajo,0.0,0,0.45813670877067886,1,Denegar/Revisar,Medio
CLI-103856,Lima,3593.03,879.33,788,0,26,15,Alto,2.0,0,0.043834736213467514,0,Aprobar,Bajo
CLI-103857,Piura,4967.43,5473.89,633,0,40,66,Medio,1.0,0,0.2658919660122753,1,Denegar/Revisar,Medio
CLI-103858,Lima,4652.68,4230.81,340,0,35,32,Alto,2.0,0,0.8294914714761682,1,Denegar/Revisar,Muy alto
CLI-103859,Loreto,3362.99,10127.21,688,0,43,240,Medio,1.0,1,0.4559884632306836,1,Denegar/Revisar,Medio
CLI-103860,Loreto,8533.96,7136.29,815,0,28,18,Alto,2.0,0,0.04066343202393435,0,Aprobar,Bajo
CLI-103861,Piura,5640.01,4887.12,615,0,48,211,Medio,1.0,1,0.24477161823602947,1,Denegar/Revisar,Bajo
CLI-103862,Lima,3655.12,1510.85,939,0,26,12,Medio,1.0,0,0.011908314793774116,0,Aprobar,Bajo
CLI-103863,Lima,4740.14,2737.3,264,1,58,108,Bajo,0.0,1,0.8764541328857429,1,Denegar/Revisar,Muy alto
CLI-103864,Lima,3108.76,11565.18,739,0,20,13,Alto,2.0,0,0.43689475977509057,1,Denegar/Revisar,Medio
CLI-103865,Lima,4192.87,93.9,656,0,27,71,Alto,2.0,0,0.1043977330307852,0,Aprobar,Bajo
CLI-103866,Lima,2593.15,6325.96,317,1,43,42,Alto,2.0,0,0.9380892093911286,1,Denegar/Revisar,Muy alto
CLI-103867,Arequipa,2374.33,1160.4,846,0,57,237,Bajo,0.0,1,0.03610861240048221,0,Aprobar,Bajo
CLI-103868,Arequipa,4792.95,818.35,747,0,43,23,Medio,1.0,0,0.04619087327207864,0,Aprobar,Bajo
CLI-103869,Lima,4049.15,1057.03,779,1,45,48,Bajo,0.0,1,0.044515217397899653,0,Aprobar,Bajo
CLI-103870,Lima,4298.42,246.44,848,0,39,148,Medio,1.0,1,0.0183217119522162,0,Aprobar,Bajo
CLI-103871,Lima,3655.12,12653.938750000001,704,1,28,94,Alto,2.0,0,0.5320702346970199,1,Denegar/Revisar,Alto
CLI-103872,Lima,1360.85,8156.86,104,1,33,118,Alto,2.0,0,0.9954536850646868,1,Denegar/Revisar,Muy alto
CLI-103873,Loreto,6416.51,2944.69,767,0,27,69,Alto,2.0,0,0.04292208999631237,0,Aprobar,Bajo
CLI-103874,Lima,3655.12,5022.51,856,0,25,37,Alto,2.0,0,0.054175322836102116,0,Aprobar,Bajo
CLI-103875,Lima,4041.55,3253.09,971,0,44,90,Medio,1.0,1,0.011653130637527338,0,Aprobar,Bajo
CLI-103876,Lima,1025.0,6676.3,180,1,26,68,Medio,1.0,0,0.9879040029470509,1,Denegar/Revisar,Muy alto
CLI-103877,Loreto,3600.67,7451.27,346,1,43,138,Medio,1.0,1,0.9176988634681126,1,Denegar/Revisar,Muy alto
CLI-103878,Piura,5783.98,1059.98,954,0,26,23,Alto,2.0,0,0.0060000386123848694,0,Aprobar,Bajo
CLI-103879,Lima,3655.12,2462.88,592,0,42,37,Alto,2.0,0,0.284176569945828,1,Denegar/Revisar,Medio
CLI-103880,Piura,2069.81,4029.76,748,0,33,42,Alto,2.0,0,0.15597412465010413,0,Aprobar,Bajo
CLI-103881,Arequipa,5958.4,12653.938750000001,485,1,55,158,Alto,2.0,1,0.8386761182618726,1,Denegar/Revisar,Muy alto
CLI-103882,Cusco,3560.7650000000003,4591.5,674,1,43,90,Medio,1.0,1,0.22095249227531458,1,Denegar/Revisar,Bajo
CLI-103883,Lima,2304.73,9116.84,406,1,52,240,Bajo,0.0,1,0.9268698005459568,1,Denegar/Revisar,Muy alto
CLI-103884,Loreto,3880.32,7486.12,727,1,31,24,Bajo,0.0,0,0.23475092462950978,1,Denegar/Revisar,Bajo
CLI-103885,Cusco,4510.7,3489.7,724,0,40,110,Alto,2.0,0,0.1049125558466596,0,Aprobar,Bajo
CLI-103886,Cusco,3531.05,8964.28,642,1,28,7,Alto,2.0,0,0.5022272828816525,1,Denegar/Revisar,Alto
CLI-103887,Piura,3660.39,1895.54,106,1,34,46,Medio,1.0,0,0.9699897658508215,1,Denegar/Revisar,Muy alto
CLI-103888,Piura,4102.44,1907.52,614,0,36,156,Medio,1.0,1,0.19944273909136534,0,Aprobar,Bajo
CLI-103889,Lima,5719.87,6074.11,918,1,32,36,Alto,2.0,0,0.02416301852213901,0,Aprobar,Bajo
CLI-103890,Arequipa,2871.42,577.99,854,0,25,44,Alto,2.0,0,0.026653061814228964,0,Aprobar,Bajo
CLI-103891,Piura,6174.83,1460.13,667,0,24,8,Alto,2.0,0,0.08137212218810615,0,Aprobar,Bajo
CLI-103892,Arequipa,4156.31,3751.82,172,1,18,0,Alto,2.0,0,0.9597683242194214,1,Denegar/Revisar,Muy alto
CLI-103893,Lima,3421.16,2179.36,109,1,27,42,Alto,2.0,0,0.973442780175349,1,Denegar/Revisar,Muy alto
CLI-103894,Arequipa,2322.87,11302.18,672,1,45,200,Medio,1.0,1,0.6137444121219192,1,Denegar/Revisar,Alto
CLI-103895,Loreto,3600.67,12653.938750000001,661,0,21,16,Alto,2.0,0,0.6328515336114066,1,Denegar/Revisar,Alto
CLI-103896,Lima,3655.12,2793.29,221,1,24,31,Bajo,0.0,0,0.932531624332119,1,Denegar/Revisar,Muy alto
CLI-103897,Loreto,3949.12,3097.97,786,0,59,82,Medio,1.0,1,0.06201784881650157,0,Aprobar,Bajo
CLI-103898,Piura,5061.01,5158.52,612,1,33,67,Medio,1.0,0,0.2876379232340924,1,Denegar/Revisar,Medio
CLI-103899,Loreto,3038.9,2444.54,540,0,42,114,Bajo,0.0,1,0.42631144881360833,1,Denegar/Revisar,Medio
CLI-103900,Lima,2366.56,843.37,137,1,46,113,Bajo,0.0,1,0.9644782781477046,1,Denegar/Revisar,Muy alto
CLI-103901,Lima,3102.44,5496.98,801,0,46,222,Bajo,0.0,1,0.10760541144795081,0,Aprobar,Bajo
CLI-103902,Cusco,3203.14,5354.38,690,0,22,8,Alto,2.0,0,0.24459648794975006,1,Denegar/Revisar,Bajo
CLI-103903,Lima,3163.01,1124.05,444,0,36,25,Alto,2.0,0,0.573459584306407,1,Denegar/Revisar,Alto
CLI-103904,Loreto,3094.84,7157.05,437,1,21,14,Alto,2.0,0,0.8390999752416844,1,Denegar/Revisar,Muy alto
CLI-103905,Lima,3755.44,3804.04,801,0,66,311,Medio,1.0,1,0.06519420879358159,0,Aprobar,Bajo
CLI-103906,Piura,4452.15,1078.33,283,1,22,21,Alto,2.0,0,0.8172029224259524,1,Denegar/Revisar,Muy alto
CLI-103907,Lima,5086.05,12653.938750000001,166,1,28,67,Alto,2.0,0,0.9921808625335943,1,Denegar/Revisar,Muy alto
CLI-103908,Piura,3660.39,1064.25,116,1,28,87,Bajo,0.0,0,0.9624881484225573,1,Denegar/Revisar,Muy alto
CLI-103909,Lima,3655.12,1232.81,482,0,23,15,Alto,2.0,0,0.4621439395354832,1,Denegar/Revisar,Medio
CLI-103910,Lima,4445.7,7535.74,467,0,54,63,Bajo,0.0,1,0.7570618055892872,1,Denegar/Revisar,Muy alto
CLI-103911,Lima,3655.12,10608.09,415,0,66,354,Bajo,0.0,1,0.9210519771402664,1,Denegar/Revisar,Muy alto
CLI-103912,Lima,3197.17,1187.61,596,0,34,56,Alto,2.0,0,0.24519307243872304,1,Denegar/Revisar,Bajo
CLI-103913,Cusco,4739.98,10527.19,907,0,25,31,Medio,1.0,0,0.07827894451705192,0,Aprobar,Bajo
CLI-103914,Cusco,1657.47,1091.43,820,0,18,0,Medio,1.0,0,0.05082276763008216,0,Aprobar,Bajo
CLI-103915,Lima,3257.88,498.93,444,0,36,102,Bajo,0.0,1,0.5354280920278867,1,Denegar/Revisar,Alto
CLI-103916,Arequipa,4592.32,239.95,652,0,36,193,Alto,2.0,0,0.10214542707735652,0,Aprobar,Bajo
CLI-103917,Lima,2527.44,1108.89,572,0,31,74,Alto,2.0,0,0.31853901952677993,1,Denegar/Revisar,Medio
CLI-103918,Arequipa,1025.0,1946.14,214,1,40,33,Medio,1.0,0,0.9562622338554797,1,Denegar/Revisar,Muy alto
CLI-103919,Loreto,3195.97,10499.35,199,1,43,248,Alto,2.0,1,0.9897133995255144,1,Denegar/Revisar,Muy alto
CLI-103920,Cusco,7780.38,1109.12,984,0,44,203,Medio,1.0,1,0.0027793593426055085,0,Aprobar,Bajo
CLI-103921,Lima,2504.15,1819.45,537,0,35,87,Alto,2.0,0,0.43126318584177686,1,Denegar/Revisar,Medio
CLI-103922,Arequipa,2357.43,5299.38,444,1,26,51,Medio,1.0,0,0.7902105414691623,1,Denegar/Revisar,Muy alto
CLI-103923,Lima,3095.26,1438.57,448,0,46,90,Medio,1.0,1,0.5749599252603084,1,Denegar/Revisar,Alto
CLI-103924,Cusco,5330.59,4612.72,238,1,40,144,Medio,1.0,1,0.9186200667989355,1,Denegar/Revisar,Muy alto
CLI-103925,Lima,1875.39,2263.08,927,0,48,67,Bajo,0.0,1,0.024229586081738273,0,Aprobar,Bajo
CLI-103926,Piura,4500.74,874.84,423,1,48,126,Bajo,0.0,1,0.5324392263088077,1,Denegar/Revisar,Alto
CLI-103927,Arequipa,3683.6,5297.92,945,0,23,15,Alto,2.0,0,0.025501755473217015,0,Aprobar,Bajo
CLI-103928,Arequipa,2724.95,109.64,401,1,23,26,Bajo,0.0,0,0.6426254438790117,1,Denegar/Revisar,Alto
CLI-103929,Lima,1770.75,1383.14,393,1,30,62,Alto,2.0,0,0.7599095912829464,1,Denegar/Revisar,Muy alto
CLI-103930,Cusco,3560.7650000000003,1761.35,628,1,27,12,Medio,1.0,0,0.19367729866075556,0,Aprobar,Bajo
CLI-103931,Lima,3655.12,2451.57,933,0,47,166,Medio,1.0,1,0.015313523189678548,0,Aprobar,Bajo
CLI-103932,Piura,2468.52,4556.1,391,1,42,35,Bajo,0.0,1,0.8427875239164168,1,Denegar/Revisar,Muy alto
CLI-103933,Lima,1025.0,2460.34,173,1,50,208,Medio,1.0,1,0.9728281942831422,1,Denegar/Revisar,Muy alto
CLI-103934,Lima,3655.12,3608.8,874,0,43,146,Alto,2.0,0,0.03464834660323657,0,Aprobar,Bajo
CLI-103935,Piura,4171.08,3623.17,583,1,41,61,Medio,1.0,0,0.320259207472099,1,Denegar/Revisar,Medio
CLI-103936,Lima,4623.34,1868.97,115,1,53,47,Medio,1.0,1,0.959389209093403,1,Denegar/Revisar,Muy alto
CLI-103937,Lima,8594.74,10870.66,625,0,46,173,Alto,2.0,1,0.35342779525205553,1,Denegar/Revisar,Medio
CLI-103938,Lima,4756.83,12481.0,435,1,40,157,Medio,1.0,1,0.9135511332086866,1,Denegar/Revisar,Muy alto
CLI-103939,Lima,3655.12,3487.67,892,0,55,105,Bajo,0.0,1,0.028701650465635803,0,Aprobar,Bajo
CLI-103940,Arequipa,1468.55,297.56,972,0,39,100,Alto,2.0,0,0.011675973694550045,0,Aprobar,Bajo
CLI-103941,Loreto,4539.65,2702.23,615,0,36,66,Alto,2.0,0,0.21512607613664456,1,Denegar/Revisar,Bajo
CLI-103942,Lima,1025.0,815.42,226,1,29,122,Medio,1.0,0,0.9389723005698748,1,Denegar/Revisar,Muy alto
CLI-103943,Lima,3135.23,2640.51,923,0,47,111,Bajo,0.0,1,0.020417029301573998,0,Aprobar,Bajo
CLI-103944,Lima,5063.04,835.4,617,0,53,171,Alto,2.0,1,0.13838647883744734,0,Aprobar,Bajo
CLI-103945,Lima,3397.31,4867.63,228,1,38,185,Bajo,0.0,1,0.95514684679117,1,Denegar/Revisar,Muy alto
CLI-103946,Arequipa,2326.4,335.39,610,1,53,94,Alto,2.0,1,0.22553983832802782,1,Denegar/Revisar,Bajo
CLI-103947,Piura,1025.0,12256.39,522,1,18,0,Medio,1.0,0,0.9147362287902321,1,Denegar/Revisar,Muy alto
CLI-103948,Lima,3786.37,869.52,484,1,38,103,Bajo,0.0,1,0.43102916447935397,1,Denegar/Revisar,Medio
CLI-103949,Lima,4967.54,4322.97,982,0,39,117,Alto,2.0,0,0.01105133498463368,0,Aprobar,Bajo
CLI-103950,Lima,5417.79,9953.84,331,1,32,47,Alto,2.0,0,0.9368812308176833,1,Denegar/Revisar,Muy alto
CLI-103951,Loreto,1025.0,1139.47,924,0,64,483,Bajo,0.0,1,0.023951670366648543,0,Aprobar,Bajo
CLI-103952,Cusco,3265.33,10890.44,294,1,38,127,Alto,2.0,0,0.9768398226923767,1,Denegar/Revisar,Muy alto
CLI-103953,Lima,4203.15,1968.5,164,1,35,66,Alto,2.0,0,0.9458130162048752,1,Denegar/Revisar,Muy alto
CLI-103954,Lima,3733.63,12653.938750000001,932,0,39,42,Medio,1.0,0,0.1123376511687635,0,Aprobar,Bajo
CLI-103955,Loreto,1533.01,12653.938750000001,714,0,18,1,Alto,2.0,0,0.6287988923653551,1,Denegar/Revisar,Alto
CLI-103956,Cusco,1864.82,833.41,376,0,30,61,Alto,2.0,0,0.7638195743473086,1,Denegar/Revisar,Muy alto
CLI-103957,Lima,3655.12,7113.49,769,0,50,165,Alto,2.0,1,0.1676867596707595,0,Aprobar,Bajo
CLI-103958,Lima,2415.5,859.81,323,1,32,92,Alto,2.0,0,0.8247282338396504,1,Denegar/Revisar,Muy alto
CLI-103959,Lima,4755.83,1027.01,900,0,30,58,Medio,1.0,0,0.012005934491399977,0,Aprobar,Bajo
CLI-103960,Piura,5173.03,351.51,377,1,54,161,Bajo,0.0,1,0.5732051697824868,1,Denegar/Revisar,Alto
CLI-103961,Lima,3487.01,680.96,793,0,54,110,Bajo,0.0,1,0.041221491810140086,0,Aprobar,Bajo
CLI-103962,Lima,5259.59,4001.07,465,1,45,225,Medio,1.0,1,0.5452729191752104,1,Denegar/Revisar,Alto
CLI-103963,Piura,3556.52,2385.92,615,0,34,101,Alto,2.0,0,0.2436131696824003,1,Denegar/Revisar,Bajo
CLI-103964,Lima,3636.39,6260.62,314,1,36,38,Alto,2.0,0,0.9234673986892283,1,Denegar/Revisar,Muy alto
CLI-103965,Arequipa,3400.34,1613.85,538,1,30,70,Alto,2.0,0,0.36878011757865753,1,Denegar/Revisar,Medio
CLI-103966,Lima,4101.24,12653.938750000001,527,1,28,48,Bajo,0.0,0,0.8436120899410963,1,Denegar/Revisar,Muy alto
CLI-103967,Lima,4964.11,204.64,828,0,28,67,Alto,2.0,0,0.019486161897462433,0,Aprobar,Bajo
CLI-103968,Piura,4452.72,260.01,495,0,33,66,Alto,2.0,0,0.3398003704664897,1,Denegar/Revisar,Medio
CLI-103969,Lima,3120.87,4834.27,308,1,27,14,Bajo,0.0,0,0.9141271457080714,1,Denegar/Revisar,Muy alto
CLI-103970,Cusco,1025.0,8740.59,600,1,21,10,Alto,2.0,0,0.7185286670768832,1,Denegar/Revisar,Alto
CLI-103971,Piura,4517.31,6348.75,562,1,42,109,Alto,2.0,0,0.4945410372022273,1,Denegar/Revisar,Medio
CLI-103972,Lima,1025.0,2691.94,685,1,41,85,Alto,2.0,0,0.24276381575122452,1,Denegar/Revisar,Bajo
CLI-103973,Arequipa,2241.67,1256.88,326,1,57,231,Medio,1.0,1,0.8328945522917266,1,Denegar/Revisar,Muy alto
CLI-103974,Lima,1025.0,54.17,474,1,31,47,Medio,1.0,0,0.5612499785518358,1,Denegar/Revisar,Alto
CLI-103975,Cusco,6245.83,2848.92,599,0,43,120,Alto,2.0,0,0.1810675072767493,0,Aprobar,Bajo
CLI-103976,Lima,3509.96,2582.28,192,1,42,130,Alto,2.0,0,0.9472205679494765,1,Denegar/Revisar,Muy alto
CLI-103977,Piura,3129.28,1687.88,559,0,36,44,Medio,1.0,0,0.3330542105778968,1,Denegar/Revisar,Medio
CLI-103978,Lima,3655.12,3451.69,676,0,47,71,Alto,2.0,0,0.1819771953135556,0,Aprobar,Bajo
CLI-103979,Lima,4138.04,5219.81,420,1,48,100,Medio,1.0,1,0.7542400344092991,1,Denegar/Revisar,Muy alto
CLI-103980,Loreto,2904.89,4827.75,109,1,42,46,Alto,2.0,0,0.9863548934431344,1,Denegar/Revisar,Muy alto
CLI-103981,Loreto,3896.72,1222.04,402,0,36,112,Alto,2.0,0,0.6319099873517656,1,Denegar/Revisar,Alto
CLI-103982,Lima,2768.91,3520.84,421,0,35,136,Alto,2.0,0,0.7520089251560274,1,Denegar/Revisar,Muy alto
CLI-103983,Lima,2472.47,644.31,916,0,23,12,Alto,2.0,0,0.016743306126775652,0,Aprobar,Bajo
CLI-103984,Loreto,5051.34,518.62,555,0,31,109,Alto,2.0,0,0.2122649140401818,1,Denegar/Revisar,Bajo
CLI-103985,Cusco,3147.55,6164.42,377,1,32,96,Alto,2.0,0,0.8800115025053373,1,Denegar/Revisar,Muy alto
CLI-103986,Lima,3655.12,4733.36,697,0,27,45,Medio,1.0,0,0.18727419329108566,0,Aprobar,Bajo
CLI-103987,Lima,3655.12,5842.85,637,0,44,67,Medio,1.0,1,0.33834920381538347,1,Denegar/Revisar,Medio
CLI-103988,Lima,4219.29,661.68,829,0,52,152,Medio,1.0,1,0.024200446588384848,0,Aprobar,Bajo
CLI-103989,Loreto,6033.73,9842.51,492,0,30,62,Medio,1.0,0,0.7275642565255527,1,Denegar/Revisar,Alto
CLI-103990,Lima,3290.8,571.38,194,1,42,51,Medio,1.0,0,0.9210243797893823,1,Denegar/Revisar,Muy alto
CLI-103991,Lima,2438.42,8162.02,855,0,27,55,Medio,1.0,0,0.1252540779305836,0,Aprobar,Bajo
CLI-103992,Arequipa,3638.81,1737.8,206,1,36,33,Medio,1.0,0,0.9247950287595013,1,Denegar/Revisar,Muy alto
CLI-103993,Lima,5374.44,445.67,489,1,32,96,Alto,2.0,0,0.31376670807473317,1,Denegar/Revisar,Medio
CLI-103994,Lima,4122.56,1351.8,859,0,46,265,Medio,1.0,1,0.021665647143986628,0,Aprobar,Bajo
CLI-103995,Lima,2451.29,800.87,625,0,31,60,Alto,2.0,0,0.21331471815629108,1,Denegar/Revisar,Bajo
CLI-103996,Lima,2964.5,2698.63,772,0,50,117,Bajo,0.0,1,0.08299328670008155,0,Aprobar,Bajo
CLI-103997,Lima,3655.12,11962.61,170,1,36,137,Alto,2.0,0,0.9935748900993983,1,Denegar/Revisar,Muy alto
CLI-103998,Piura,4733.71,1589.22,763,0,32,113,Medio,1.0,0,0.04737021915273579,0,Aprobar,Bajo
CLI-103999,Lima,5517.77,3788.02,686,0,26,44,Alto,2.0,0,0.12368334747374211,0,Aprobar,Bajo
CLI-104000,Piura,3817.82,8892.17,475,1,42,98,Alto,2.0,0,0.8166395245600564,1,Denegar/Revisar,Muy alto
CLI-104001,Loreto,2897.07,3977.81,826,0,49,267,Bajo,0.0,1,0.06766447719495193,0,Aprobar,Bajo
CLI-104002,Arequipa,6113.87,1798.92,467,0,43,52,Medio,1.0,0,0.3774316932219222,1,Denegar/Revisar,Medio
CLI-104003,Lima,3655.12,12653.938750000001,150,1,64,316,Bajo,0.0,1,0.9951574580377281,1,Denegar/Revisar,Muy alto
CLI-104004,Lima,5700.62,830.13,997,0,56,241,Medio,1.0,1,0.0037545335114172523,0,Aprobar,Bajo
CLI-104005,Lima,3655.12,2963.1,242,1,36,57,Medio,1.0,0,0.9188351369604417,1,Denegar/Revisar,Muy alto
CLI-104006,Lima,3545.4,6372.4,518,1,35,50,Medio,1.0,0,0.6417476330936063,1,Denegar/Revisar,Alto
CLI-104007,Lima,2124.17,2.6,647,0,44,39,Medio,1.0,0,0.1621117096868288,0,Aprobar,Bajo
CLI-104008,Arequipa,2680.76,4843.23,599,1,29,31,Medio,1.0,0,0.42575334234852064,1,Denegar/Revisar,Medio
CLI-104009,Lima,5485.77,1239.7,985,0,53,86,Medio,1.0,1,0.004810607588305563,0,Aprobar,Bajo
CLI-104010,Lima,3832.73,744.0,266,1,43,37,Alto,2.0,0,0.8494266845162144,1,Denegar/Revisar,Muy alto
CLI-104011,Lima,6145.0,1281.89,847,0,43,126,Bajo,0.0,1,0.01562514208566386,0,Aprobar,Bajo
CLI-104012,Arequipa,4926.94,12653.938750000001,359,1,47,117,Medio,1.0,1,0.9539665341674548,1,Denegar/Revisar,Muy alto
CLI-104013,Lima,1652.54,8900.1,291,1,57,317,Bajo,0.0,1,0.9764301616480872,1,Denegar/Revisar,Muy alto
CLI-104014,Piura,5267.46,961.94,301,1,42,110,Medio,1.0,1,0.745813255373722,1,Denegar/Revisar,Alto
CLI-104015,Lima,2706.74,497.84,873,0,37,134,Medio,1.0,1,0.02202577778714886,0,Aprobar,Bajo
CLI-104016,Loreto,3960.19,1811.19,284,1,56,190,Bajo,0.0,1,0.8528404008601672,1,Denegar/Revisar,Muy alto
CLI-104017,Loreto,6646.2,3589.25,257,1,51,238,Medio,1.0,1,0.8486546936694173,1,Denegar/Revisar,Muy alto
CLI-104018,Lima,4682.73,8073.98,857,1,36,110,Alto,2.0,0,0.07847604816406883,0,Aprobar,Bajo
CLI-104019,Lima,1273.83,12653.938750000001,721,0,38,65,Medio,1.0,0,0.61846999873997,1,Denegar/Revisar,Alto
CLI-104020,Lima,2407.15,5563.67,198,1,41,124,Bajo,0.0,1,0.9762619055535697,1,Denegar/Revisar,Muy alto
CLI-104021,Lima,3655.12,3655.25,340,1,43,78,Medio,1.0,1,0.8393595734716739,1,Denegar/Revisar,Muy alto
CLI-104022,Arequipa,3638.81,614.15,590,1,24,4,Alto,2.0,0,0.21556245031963922,1,Denegar/Revisar,Bajo
CLI-104023,Loreto,5092.49,307.65,301,0,23,12,Alto,2.0,0,0.7344488295579996,1,Denegar/Revisar,Alto
CLI-104024,Arequipa,2531.06,3625.63,733,0,29,51,Alto,2.0,0,0.14929315370506258,0,Aprobar,Bajo
CLI-104025,Loreto,3182.48,3097.99,608,0,28,82,Bajo,0.0,0,0.3036168764298611,1,Denegar/Revisar,Medio
CLI-104026,Lima,3632.44,7485.5,728,0,32,59,Alto,2.0,0,0.24348454059955565,1,Denegar/Revisar,Bajo
CLI-104027,Lima,5816.37,1558.01,195,1,47,215,Alto,2.0,1,0.8916563374197736,1,Denegar/Revisar,Muy alto
CLI-104028,Arequipa,3731.09,162.0,845,0,37,94,Alto,2.0,0,0.021865451688619225,0,Aprobar,Bajo
CLI-104029,Lima,1025.0,2204.57,589,0,40,107,Alto,2.0,0,0.4158221592768591,1,Denegar/Revisar,Medio
CLI-104030,Arequipa,7428.97,12653.938750000001,678,0,27,36,Alto,2.0,0,0.3767579053116126,1,Denegar/Revisar,Medio
CLI-104031,Lima,4815.2,6350.21,987,0,34,107,Alto,2.0,0,0.016666909210031118,0,Aprobar,Bajo
CLI-104032,Lima,4116.0,137.42,317,0,46,136,Bajo,0.0,1,0.7422805194256883,1,Denegar/Revisar,Alto
CLI-104033,Cusco,3560.7650000000003,8307.5,626,1,46,59,Bajo,0.0,1,0.503351361503052,1,Denegar/Revisar,Alto
CLI-104034,Lima,3630.65,2552.28,372,0,31,128,Medio,1.0,0,0.7551054297172025,1,Denegar/Revisar,Muy alto
CLI-104035,Cusco,3164.65,1815.06,318,0,41,43,Alto,2.0,0,0.8352801618772594,1,Denegar/Revisar,Muy alto
CLI-104036,Cusco,2820.61,1703.12,885,0,63,119,Bajo,0.0,1,0.025599677628286837,0,Aprobar,Bajo
CLI-104037,Arequipa,5465.93,3616.9,982,0,40,121,Alto,2.0,0,0.008502548886496982,0,Aprobar,Bajo
CLI-104038,Arequipa,1456.44,3025.2,758,0,30,42,Medio,1.0,0,0.13117545668343106,0,Aprobar,Bajo
CLI-104039,Piura,1902.04,4275.75,431,0,36,152,Alto,2.0,0,0.7983676288088416,1,Denegar/Revisar,Muy alto
CLI-104040,Loreto,3600.67,3409.9,955,0,40,128,Bajo,0.0,1,0.01604057392208011,0,Aprobar,Bajo
CLI-104041,Lima,2515.25,621.68,552,0,37,82,Medio,1.0,0,0.32928459877849453,1,Denegar/Revisar,Medio
CLI-104042,Lima,2261.96,1189.51,251,1,38,97,Medio,1.0,0,0.9081215577608445,1,Denegar/Revisar,Muy alto
CLI-104043,Piura,3527.0,7356.15,446,0,23,6,Alto,2.0,0,0.8188961254495192,1,Denegar/Revisar,Muy alto
CLI-104044,Lima,3772.08,4353.76,915,0,28,103,Alto,2.0,0,0.02707560667207925,0,Aprobar,Bajo
CLI-104045,Lima,4562.33,2379.73,513,0,38,109,Alto,2.0,0,0.3987155709240545,1,Denegar/Revisar,Medio
CLI-104046,Lima,3655.12,806.51,626,0,37,32,Alto,2.0,0,0.16901999377363242,0,Aprobar,Bajo
CLI-104047,Piura,1300.03,30.88,530,0,32,97,Alto,2.0,0,0.4232742514523327,1,Denegar/Revisar,Medio
CLI-104048,Loreto,2353.69,1495.21,478,1,37,78,Bajo,0.0,1,0.560504693503688,1,Denegar/Revisar,Alto
CLI-104049,Lima,3223.44,225.63,994,0,39,62,Alto,2.0,0,0.006260247592398321,0,Aprobar,Bajo
CLI-104050,Cusco,2858.89,2633.31,527,1,48,51,Bajo,0.0,1,0.4766844875712585,1,Denegar/Revisar,Medio
CLI-104051,Arequipa,4597.97,6899.43,965,0,38,18,Alto,2.0,0,0.024015444070647998,0,Aprobar,Bajo
CLI-104052,Loreto,3325.43,1344.12,183,1,43,54,Medio,1.0,0,0.937888082557922,1,Denegar/Revisar,Muy alto
CLI-104053,Piura,1025.0,7529.03,291,1,32,45,Alto,2.0,0,0.9728803103055484,1,Denegar/Revisar,Muy alto
CLI-104054,Arequipa,4317.59,4877.22,140,1,46,77,Bajo,0.0,1,0.9752162150633247,1,Denegar/Revisar,Muy alto
CLI-104055,Lima,4289.7,535.32,963,0,43,97,Bajo,0.0,1,0.006974721207805953,0,Aprobar,Bajo
CLI-104056,Loreto,2689.4,4137.62,935,0,48,205,Medio,1.0,1,0.026540308792010765,0,Aprobar,Bajo
CLI-104057,Lima,3655.12,657.99,872,0,47,65,Bajo,0.0,1,0.01923410364285843,0,Aprobar,Bajo
CLI-104058,Loreto,1025.0,4254.42,408,1,44,131,Bajo,0.0,1,0.8570362143830501,1,Denegar/Revisar,Muy alto
CLI-104059,Cusco,1090.41,615.94,477,1,37,26,Alto,2.0,0,0.5890492944134696,1,Denegar/Revisar,Alto
CLI-104060,Lima,6163.73,1993.69,235,0,43,130,Medio,1.0,1,0.8462467411839361,1,Denegar/Revisar,Muy alto
CLI-104061,Lima,4497.46,3344.32,889,0,51,135,Bajo,0.0,1,0.023677488220217997,0,Aprobar,Bajo
CLI-104062,Arequipa,1804.13,206.75,205,1,31,24,Alto,2.0,0,0.9346005941955965,1,Denegar/Revisar,Muy alto
CLI-104063,Lima,3898.75,665.67,618,0,32,41,Alto,2.0,0,0.1674487400224797,0,Aprobar,Bajo
CLI-104064,Loreto,3600.67,1545.06,913,0,41,69,Medio,1.0,0,0.015446944741486956,0,Aprobar,Bajo
CLI-104065,Lima,3835.66,2481.97,641,0,44,64,Alto,2.0,0,0.19444816670687426,0,Aprobar,Bajo
CLI-104066,Lima,3683.7,12653.938750000001,225,1,30,103,Alto,2.0,0,0.9901974704417265,1,Denegar/Revisar,Muy alto
CLI-104067,Cusco,3114.96,829.44,456,1,38,78,Medio,1.0,0,0.523447605795668,1,Denegar/Revisar,Alto
CLI-104068,Arequipa,4030.04,1707.6,499,1,38,72,Medio,1.0,0,0.4166840332523285,1,Denegar/Revisar,Medio
CLI-104069,Loreto,2618.96,2583.35,178,1,18,0,Alto,2.0,0,0.9617907084940953,1,Denegar/Revisar,Muy alto
CLI-104070,Lima,2244.7,1402.65,488,1,36,47,Bajo,0.0,1,0.5387085859409576,1,Denegar/Revisar,Alto
CLI-104071,Arequipa,2196.9,3931.3,678,0,37,176,Alto,2.0,0,0.25310589824364216,1,Denegar/Revisar,Medio
CLI-104072,Piura,3660.39,1186.1,634,0,37,79,Medio,1.0,0,0.16421737603142939,0,Aprobar,Bajo
CLI-104073,Piura,5071.11,5919.79,800,0,55,276,Medio,1.0,1,0.07501686703581147,0,Aprobar,Bajo
CLI-104074,Arequipa,3638.81,2814.04,173,1,26,31,Alto,2.0,0,0.9562569000980493,1,Denegar/Revisar,Muy alto
CLI-104075,Piura,2713.65,361.03,104,1,30,91,Medio,1.0,0,0.9673945248433493,1,Denegar/Revisar,Muy alto
CLI-104076,Lima,3962.51,3944.7,562,1,18,0,Alto,2.0,0,0.40112011071041026,1,Denegar/Revisar,Medio
CLI-104077,Lima,2594.45,3368.85,181,1,33,71,Bajo,0.0,1,0.9667263302745235,1,Denegar/Revisar,Muy alto
CLI-104078,Arequipa,5508.24,1653.57,636,0,35,121,Medio,1.0,0,0.12174636887499198,0,Aprobar,Bajo
CLI-104079,Lima,3732.73,44.88,875,0,33,96,Medio,1.0,0,0.015584625510188889,0,Aprobar,Bajo
CLI-104080,Arequipa,2031.95,896.08,504,1,51,137,Bajo,0.0,1,0.4868624145945302,1,Denegar/Revisar,Medio
CLI-104081,Lima,4507.92,2081.55,613,0,49,196,Bajo,0.0,1,0.19793467749282329,0,Aprobar,Bajo
CLI-104082,Piura,3025.8,892.14,377,1,40,74,Medio,1.0,0,0.7045122787888496,1,Denegar/Revisar,Alto
CLI-104083,Arequipa,4752.88,3446.18,939,0,35,115,Alto,2.0,0,0.014399341753817834,0,Aprobar,Bajo
CLI-104084,Lima,5474.69,4983.69,954,0,51,190,Medio,1.0,1,0.014090617294800753,0,Aprobar,Bajo
CLI-104085,Lima,2277.31,7752.26,323,1,38,57,Alto,2.0,0,0.9541903028468697,1,Denegar/Revisar,Muy alto
CLI-104086,Lima,3537.62,4164.95,683,0,30,59,Medio,1.0,0,0.19321358658937984,0,Aprobar,Bajo
CLI-104087,Piura,2368.38,4671.97,167,1,20,6,Alto,2.0,0,0.978712940998847,1,Denegar/Revisar,Muy alto
CLI-104088,Loreto,5268.19,3750.49,419,0,35,69,Alto,2.0,0,0.644895837935394,1,Denegar/Revisar,Alto
CLI-104089,Lima,3655.12,12653.938750000001,705,1,47,129,Medio,1.0,1,0.5201374890975662,1,Denegar/Revisar,Alto
CLI-104090,Arequipa,2970.57,1209.83,118,1,64,30,Bajo,0.0,1,0.9682290018922489,1,Denegar/Revisar,Muy alto
CLI-104091,Lima,2243.34,1238.39,739,0,39,109,Alto,2.0,0,0.09675356910483503,0,Aprobar,Bajo
CLI-104092,Lima,4480.19,540.23,442,0,31,39,Alto,2.0,0,0.4714826143823284,1,Denegar/Revisar,Medio
CLI-104093,Cusco,4528.16,2659.67,693,0,26,26,Alto,2.0,0,0.11585016588367082,0,Aprobar,Bajo
CLI-104094,Lima,2977.14,404.42,865,0,45,163,Bajo,0.0,1,0.022704784165246534,0,Aprobar,Bajo
CLI-104095,Lima,7048.49,1259.65,832,0,21,8,Alto,2.0,0,0.014532095081151242,0,Aprobar,Bajo
CLI-104096,Lima,3655.12,2636.38,442,1,45,89,Alto,2.0,0,0.6271323185722271,1,Denegar/Revisar,Alto
CLI-104097,Lima,3655.12,12642.01,196,1,48,251,Medio,1.0,1,0.9922743843241518,1,Denegar/Revisar,Muy alto
CLI-104098,Lima,2797.72,12653.938750000001,151,1,43,39,Alto,2.0,0,0.9959903485380729,1,Denegar/Revisar,Muy alto
CLI-104099,Lima,2495.14,5446.25,274,1,36,86,Alto,2.0,0,0.9506631538667857,1,Denegar/Revisar,Muy alto
CLI-104100,Piura,5689.82,1972.27,437,0,46,92,Bajo,0.0,1,0.4886149163386915,1,Denegar/Revisar,Medio
CLI-104101,Lima,5485.77,8014.7,793,0,42,137,Alto,2.0,0,0.11287372686589514,0,Aprobar,Bajo
CLI-104102,Piura,3660.39,8332.38,452,1,30,33,Alto,2.0,0,0.8358700583008385,1,Denegar/Revisar,Muy alto
CLI-104103,Lima,6055.27,9640.56,490,1,60,136,Medio,1.0,1,0.7218012812263295,1,Denegar/Revisar,Alto
CLI-104104,Lima,1370.65,4086.88,214,1,34,47,Alto,2.0,0,0.9705506256507078,1,Denegar/Revisar,Muy alto
CLI-104105,Arequipa,4557.85,901.55,447,0,48,231,Medio,1.0,1,0.464734759698655,1,Denegar/Revisar,Medio
CLI-104106,Cusco,3520.88,382.0,100,1,18,0,Alto,2.0,0,0.9638496860148866,1,Denegar/Revisar,Muy alto
CLI-104107,Lima,3655.12,9849.87,162,1,53,100,Bajo,0.0,1,0.9907144113545476,1,Denegar/Revisar,Muy alto
CLI-104108,Loreto,3879.02,228.59,859,0,55,310,Bajo,0.0,1,0.01884773757433583,0,Aprobar,Bajo
CLI-104109,Piura,5568.77,1403.28,842,0,40,24,Medio,1.0,0,0.018426653876730165,0,Aprobar,Bajo
CLI-104110,Piura,4424.83,2669.62,325,0,45,33,Medio,1.0,0,0.8033599420591223,1,Denegar/Revisar,Muy alto
CLI-104111,Piura,1410.61,88.89,522,1,44,129,Medio,1.0,1,0.42893668713672073,1,Denegar/Revisar,Medio
CLI-104112,Lima,5460.63,9496.85,118,1,33,52,Medio,1.0,0,0.9895508570268182,1,Denegar/Revisar,Muy alto
CLI-104113,Lima,4474.14,1353.77,130,1,45,131,Alto,2.0,0,0.9519308009658417,1,Denegar/Revisar,Muy alto
CLI-104114,Piura,3965.69,115.68,944,0,30,131,Medio,1.0,0,0.007906376250029313,0,Aprobar,Bajo
CLI-104115,Lima,2777.13,12653.938750000001,732,1,32,69,Alto,2.0,0,0.5173738797078127,1,Denegar/Revisar,Alto
CLI-104116,Cusco,4411.67,1492.34,123,1,52,266,Medio,1.0,1,0.9550749217682679,1,Denegar/Revisar,Muy alto
CLI-104117,Lima,5116.6,8374.65,936,0,50,168,Medio,1.0,1,0.036264199772568284,0,Aprobar,Bajo
CLI-104118,Lima,4194.61,2416.7,310,1,31,57,Alto,2.0,0,0.8301416650174473,1,Denegar/Revisar,Muy alto
CLI-104119,Arequipa,3876.28,4352.18,260,1,31,60,Alto,2.0,0,0.9267826382392483,1,Denegar/Revisar,Muy alto
CLI-104120,Lima,5029.82,1103.49,354,1,32,60,Medio,1.0,0,0.6602156854801285,1,Denegar/Revisar,Alto
CLI-104121,Piura,3660.39,2795.66,670,0,47,310,Medio,1.0,1,0.1645201300396128,0,Aprobar,Bajo
CLI-104122,Arequipa,2125.18,1191.74,213,1,27,75,Alto,2.0,0,0.9380849685224335,1,Denegar/Revisar,Muy alto
CLI-104123,Cusco,2817.31,12070.59,603,0,43,8,Alto,2.0,0,0.7678816983447635,1,Denegar/Revisar,Muy alto
CLI-104124,Arequipa,4575.93,251.53,771,0,48,123,Medio,1.0,1,0.03481845449165553,0,Aprobar,Bajo
CLI-104125,Arequipa,6572.62,1284.54,319,1,39,93,Alto,2.0,0,0.6706904437731354,1,Denegar/Revisar,Alto
CLI-104126,Arequipa,3638.81,8943.78,456,1,50,222,Bajo,0.0,1,0.8486969627264077,1,Denegar/Revisar,Muy alto
CLI-104127,Cusco,3580.68,2615.98,268,1,36,67,Medio,1.0,0,0.893470187186878,1,Denegar/Revisar,Muy alto
CLI-104128,Lima,5087.89,3666.0,623,0,37,110,Medio,1.0,0,0.20890982486105433,1,Denegar/Revisar,Bajo
CLI-104129,Lima,2553.18,4218.69,341,1,28,45,Medio,1.0,0,0.882754455131237,1,Denegar/Revisar,Muy alto
CLI-104130,Lima,4644.23,294.27,474,0,51,220,Bajo,0.0,1,0.3765098421306377,1,Denegar/Revisar,Medio
CLI-104131,Lima,2996.97,71.59,238,1,30,24,Medio,1.0,0,0.8814487426633644,1,Denegar/Revisar,Muy alto
CLI-104132,Arequipa,4766.84,11112.24,196,1,43,208,Medio,1.0,1,0.986889678824793,1,Denegar/Revisar,Muy alto
CLI-104133,Piura,3660.39,1267.09,246,1,38,62,Medio,1.0,0,0.8838808316194247,1,Denegar/Revisar,Muy alto
CLI-104134,Piura,6532.83,1914.16,281,0,29,14,Alto,2.0,0,0.7702958038655038,1,Denegar/Revisar,Muy alto
CLI-104135,Lima,2343.26,4583.99,156,1,32,56,Medio,1.0,0,0.9797688780953634,1,Denegar/Revisar,Muy alto
CLI-104136,Arequipa,3564.2,1078.34,141,1,54,228,Medio,1.0,1,0.9524454726507835,1,Denegar/Revisar,Muy alto
CLI-104137,Lima,4437.32,5283.1,965,0,42,85,Bajo,0.0,1,0.017831129819793064,0,Aprobar,Bajo
CLI-104138,Arequipa,2502.02,2451.74,810,0,27,41,Medio,1.0,0,0.0605323268165225,0,Aprobar,Bajo
CLI-104139,Piura,5033.88,7768.74,642,0,43,30,Medio,1.0,0,0.34733500524423994,1,Denegar/Revisar,Medio
CLI-104140,Lima,3685.53,1305.92,791,0,37,105,Bajo,0.0,1,0.04556319747799606,0,Aprobar,Bajo
CLI-104141,Lima,3490.58,911.73,101,1,70,52,Alto,2.0,1,0.9674778457056812,1,Denegar/Revisar,Muy alto
CLI-104142,Lima,2066.3,7127.75,387,1,41,10,Medio,1.0,0,0.9100777269130342,1,Denegar/Revisar,Muy alto
CLI-104143,Loreto,2584.28,1580.04,237,1,34,18,Alto,2.0,0,0.9218973107312204,1,Denegar/Revisar,Muy alto
CLI-104144,Cusco,3490.33,2123.22,716,1,55,39,Bajo,0.0,1,0.10711458578035808,0,Aprobar,Bajo
CLI-104145,Piura,4547.92,6313.85,611,0,19,5,Alto,2.0,0,0.37848756465966826,1,Denegar/Revisar,Medio
CLI-104146,Lima,4619.77,4037.75,829,0,40,111,Bajo,0.0,1,0.04572291095247911,0,Aprobar,Bajo
CLI-104147,Lima,2877.11,2331.62,321,1,61,44,Medio,1.0,1,0.8497583457643294,1,Denegar/Revisar,Muy alto
CLI-104148,Arequipa,2805.08,1150.14,430,1,37,130,Bajo,0.0,1,0.6261832223451242,1,Denegar/Revisar,Alto
CLI-104149,Arequipa,4404.37,5779.1,716,0,20,4,Medio,1.0,0,0.16811176716095752,0,Aprobar,Bajo
CLI-104150,Lima,3802.57,795.91,503,0,35,24,Medio,1.0,0,0.3743318704591973,1,Denegar/Revisar,Medio
CLI-104151,Lima,3907.38,10539.92,607,0,55,361,Alto,2.0,1,0.6416809907865381,1,Denegar/Revisar,Alto
CLI-104152,Arequipa,5906.01,651.56,226,1,44,51,Bajo,0.0,1,0.8326792875514041,1,Denegar/Revisar,Muy alto
CLI-104153,Lima,4055.9,6537.66,364,1,30,55,Alto,2.0,0,0.8789514369948761,1,Denegar/Revisar,Muy alto
CLI-104154,Lima,7008.05,2208.32,811,0,33,64,Bajo,0.0,1,0.02166764173957517,0,Aprobar,Bajo
CLI-104155,Lima,4121.74,823.21,863,0,33,98,Alto,2.0,0,0.019443557316212088,0,Aprobar,Bajo
CLI-104156,Piura,2655.38,12653.938750000001,114,1,43,101,Alto,2.0,0,0.997254805670192,1,Denegar/Revisar,Muy alto
CLI-104157,Loreto,2391.87,1001.81,325,1,53,108,Medio,1.0,1,0.8215586097944166,1,Denegar/Revisar,Muy alto
CLI-104158,Cusco,4880.86,584.7,964,0,51,322,Bajo,0.0,1,0.006092471590422809,0,Aprobar,Bajo
CLI-104159,Piura,2419.51,1093.3,204,1,44,44,Medio,1.0,0,0.9355314033229478,1,Denegar/Revisar,Muy alto
CLI-104160,Piura,3485.76,8081.63,844,0,24,23,Alto,2.0,0,0.11285337040674674,0,Aprobar,Bajo
CLI-104161,Lima,1025.0,447.94,592,1,23,37,Alto,2.0,0,0.32320860835509274,1,Denegar/Revisar,Medio
CLI-104162,Piura,5534.77,12653.938750000001,418,1,46,143,Medio,1.0,1,0.911874965954203,1,Denegar/Revisar,Muy alto
CLI-104163,Lima,2561.1,20.04,318,0,24,8,Medio,1.0,0,0.7934757520105302,1,Denegar/Revisar,Muy alto
CLI-104164,Piura,5464.46,4294.56,376,1,37,87,Medio,1.0,0,0.7370959833310975,1,Denegar/Revisar,Alto
CLI-104165,Lima,4099.63,7766.02,872,0,43,169,Medio,1.0,1,0.07095151434173393,0,Aprobar,Bajo
CLI-104166,Lima,5450.88,10869.84,992,0,27,32,Bajo,0.0,0,0.03497733146693645,0,Aprobar,Bajo
CLI-104167,Lima,3491.45,621.87,440,1,28,16,Alto,2.0,0,0.5377377949628049,1,Denegar/Revisar,Alto
CLI-104168,Lima,4224.05,4792.08,551,1,38,145,Medio,1.0,1,0.44575746637983077,1,Denegar/Revisar,Medio
CLI-104169,Lima,1922.45,454.24,468,0,44,47,Medio,1.0,0,0.5445725061189658,1,Denegar/Revisar,Alto
CLI-104170,Lima,6167.53,1739.23,947,0,52,244,Alto,2.0,1,0.006760619425847426,0,Aprobar,Bajo
CLI-104171,Cusco,3095.74,12653.938750000001,573,1,45,204,Medio,1.0,1,0.8097934425781187,1,Denegar/Revisar,Muy alto
CLI-104172,Lima,4466.51,1698.43,289,1,40,55,Bajo,0.0,1,0.8276195343491715,1,Denegar/Revisar,Muy alto
CLI-104173,Piura,2274.99,1503.87,983,0,30,9,Medio,1.0,0,0.010851696924103201,0,Aprobar,Bajo
CLI-104174,Loreto,2404.24,493.44,518,0,27,71,Alto,2.0,0,0.4120945433671197,1,Denegar/Revisar,Medio
CLI-104175,Cusco,4675.67,274.99,809,0,34,9,Alto,2.0,0,0.02512738645837543,0,Aprobar,Bajo
CLI-104176,Piura,4182.55,489.93,964,0,44,85,Medio,1.0,1,0.006752615193206963,0,Aprobar,Bajo
CLI-104177,Loreto,4961.29,8332.99,888,0,43,9,Medio,1.0,0,0.05719118385644694,0,Aprobar,Bajo
CLI-104178,Lima,4705.38,45.05,947,0,18,0,Alto,2.0,0,0.006637482239135033,0,Aprobar,Bajo
CLI-104179,Lima,3655.12,4721.88,594,0,30,15,Alto,2.0,0,0.3856744094176618,1,Denegar/Revisar,Medio
CLI-104180,Lima,3586.52,5854.85,138,1,52,308,Alto,2.0,1,0.9831652437473095,1,Denegar/Revisar,Muy alto
CLI-104181,Arequipa,2372.98,3356.28,261,1,39,65,Medio,1.0,0,0.9327005473599498,1,Denegar/Revisar,Muy alto
CLI-104182,Arequipa,2350.15,5248.84,220,1,23,21,Alto,2.0,0,0.9694394911330875,1,Denegar/Revisar,Muy alto
CLI-104183,Lima,6288.19,4225.31,991,0,66,184,Bajo,0.0,1,0.007350641704172658,0,Aprobar,Bajo
CLI-104184,Lima,1203.49,2431.98,498,1,38,185,Medio,1.0,1,0.6181816357485919,1,Denegar/Revisar,Alto
CLI-104185,Piura,4060.79,1929.67,361,1,43,10,Bajo,0.0,1,0.7381558067004161,1,Denegar/Revisar,Alto
CLI-104186,Lima,3655.12,11343.44,827,0,43,118,Bajo,0.0,1,0.22219890715905655,1,Denegar/Revisar,Bajo
CLI-104187,Piura,3660.39,12653.938750000001,923,0,35,102,Medio,1.0,0,0.12285583946608397,0,Aprobar,Bajo
CLI-104188,Arequipa,3171.65,4213.85,660,1,31,101,Alto,2.0,0,0.2535491020732312,1,Denegar/Revisar,Medio
CLI-104189,Arequipa,4695.35,879.09,703,0,63,224,Medio,1.0,1,0.0704728691652069,0,Aprobar,Bajo
CLI-104190,Arequipa,3011.79,2376.1,228,1,50,40,Bajo,0.0,1,0.9322485231073492,1,Denegar/Revisar,Muy alto
CLI-104191,Loreto,2283.96,2744.98,932,0,47,186,Medio,1.0,1,0.022443055955993933,0,Aprobar,Bajo
CLI-104192,Lima,4738.48,5674.78,639,1,46,69,Medio,1.0,1,0.27362650828513674,1,Denegar/Revisar,Medio
CLI-104193,Arequipa,2328.7,4407.8,455,1,27,3,Medio,1.0,0,0.7391168068560457,1,Denegar/Revisar,Alto
CLI-104194,Piura,5220.78,2892.9,759,0,54,134,Alto,2.0,1,0.05936062234856621,0,Aprobar,Bajo
CLI-104195,Lima,2059.0,4562.3,531,1,29,85,Alto,2.0,0,0.6135192541126614,1,Denegar/Revisar,Alto
CLI-104196,Lima,3655.12,97.4,939,0,42,49,Medio,1.0,0,0.008862374194866626,0,Aprobar,Bajo
CLI-104197,Lima,2886.6,5995.8,164,1,21,24,Alto,2.0,0,0.9822873784912252,1,Denegar/Revisar,Muy alto
CLI-104198,Lima,2230.12,951.16,317,1,18,1,Medio,1.0,0,0.8360087954724722,1,Denegar/Revisar,Muy alto
CLI-104199,Piura,5893.63,4273.21,662,0,43,197,Alto,2.0,1,0.1521789867779703,0,Aprobar,Bajo
CLI-104200,Loreto,3602.31,484.03,526,0,30,82,Alto,2.0,0,0.3295214378539363,1,Denegar/Revisar,Medio
CLI-104201,Lima,3699.52,486.23,916,0,18,1,Alto,2.0,0,0.012236945179337138,0,Aprobar,Bajo
CLI-104202,Lima,3294.13,145.24,173,1,45,209,Bajo,0.0,1,0.9309298481925677,1,Denegar/Revisar,Muy alto
CLI-104203,Cusco,1434.48,9642.14,559,1,61,189,Bajo,0.0,1,0.8048941345799826,1,Denegar/Revisar,Muy alto
CLI-104204,Lima,7225.55,3711.01,524,0,56,351,Medio,1.0,1,0.29124924096277865,1,Denegar/Revisar,Medio
CLI-104205,Lima,2491.46,1797.43,810,0,36,134,Alto,2.0,0,0.05523270500768428,0,Aprobar,Bajo
CLI-104206,Piura,3909.69,6200.48,291,1,39,211,Alto,2.0,1,0.9327713726433134,1,Denegar/Revisar,Muy alto
CLI-104207,Piura,3167.68,3934.88,288,1,49,127,Bajo,0.0,1,0.9130866702007443,1,Denegar/Revisar,Muy alto
CLI-104208,Lima,4492.64,3871.18,111,1,52,208,Medio,1.0,1,0.9747400840969676,1,Denegar/Revisar,Muy alto
CLI-104209,Lima,3442.88,2670.25,338,1,35,78,Bajo,0.0,1,0.8251946535099552,1,Denegar/Revisar,Muy alto
CLI-104210,Lima,3484.56,31.83,971,0,39,64,Bajo,0.0,1,0.0070125674861220766,0,Aprobar,Bajo
CLI-104211,Piura,1097.04,1196.12,692,0,41,129,Medio,1.0,1,0.1715975869588004,0,Aprobar,Bajo
CLI-104212,Piura,1025.0,461.99,552,1,44,109,Bajo,0.0,1,0.4107506659445699,1,Denegar/Revisar,Medio
CLI-104213,Lima,3106.97,4343.69,482,1,37,16,Bajo,0.0,1,0.6530452253400609,1,Denegar/Revisar,Alto
CLI-104214,Piura,6317.51,1143.38,881,0,39,119,Medio,1.0,1,0.010253406634814144,0,Aprobar,Bajo
CLI-104215,Loreto,1793.78,2392.56,901,0,53,89,Medio,1.0,1,0.030949743057127357,0,Aprobar,Bajo
CLI-104216,Lima,5568.05,1744.3,147,1,53,164,Medio,1.0,1,0.9319181324570036,1,Denegar/Revisar,Muy alto
CLI-104217,Lima,4962.41,618.2,416,1,45,138,Bajo,0.0,1,0.5085691630658346,1,Denegar/Revisar,Alto
CLI-104218,Arequipa,1092.92,12653.938750000001,308,1,57,228,Medio,1.0,1,0.9878636389870333,1,Denegar/Revisar,Muy alto
CLI-104219,Lima,2164.23,10837.36,646,0,34,43,Medio,1.0,0,0.6560250023985962,1,Denegar/Revisar,Alto
CLI-104220,Lima,1459.36,353.61,218,1,56,137,Bajo,0.0,1,0.9339290065174619,1,Denegar/Revisar,Muy alto
CLI-104221,Piura,4300.93,7026.31,676,0,45,222,Medio,1.0,1,0.2816201965229877,1,Denegar/Revisar,Medio
CLI-104222,Loreto,3243.67,2680.64,414,0,70,210,Bajo,0.0,1,0.7083572991560262,1,Denegar/Revisar,Alto
CLI-104223,Loreto,4065.56,5944.21,853,0,26,52,Medio,1.0,0,0.05892476129117045,0,Aprobar,Bajo
CLI-104224,Piura,2013.05,655.52,135,1,31,25,Alto,2.0,0,0.9665138171184445,1,Denegar/Revisar,Muy alto
CLI-104225,Arequipa,3891.28,567.52,562,0,44,112,Medio,1.0,1,0.2430617838200123,1,Denegar/Revisar,Bajo
CLI-104226,Lima,5481.7,8856.74,863,0,44,8,Medio,1.0,0,0.07056185283062166,0,Aprobar,Bajo
CLI-104227,Piura,4015.7,9124.06,854,0,61,384,Bajo,0.0,1,0.11319109791682513,0,Aprobar,Bajo
CLI-104228,Lima,2811.99,2508.78,653,0,31,62,Alto,2.0,0,0.21572827098669733,1,Denegar/Revisar,Bajo
CLI-104229,Lima,5348.16,8165.74,680,1,50,300,Medio,1.0,1,0.27362000381747525,1,Denegar/Revisar,Medio
CLI-104230,Arequipa,3171.98,4403.97,502,1,52,229,Medio,1.0,1,0.5996475570635322,1,Denegar/Revisar,Alto
CLI-104231,Piura,3739.95,818.32,206,1,47,49,Medio,1.0,1,0.9081877364862521,1,Denegar/Revisar,Muy alto
CLI-104232,Lima,2626.15,1595.67,138,1,28,94,Alto,2.0,0,0.9674126527871636,1,Denegar/Revisar,Muy alto
CLI-104233,Cusco,5487.56,585.01,680,0,55,39,Bajo,0.0,1,0.07101926910315862,0,Aprobar,Bajo
CLI-104234,Lima,4907.86,5947.97,279,1,53,217,Alto,2.0,1,0.9211218089216895,1,Denegar/Revisar,Muy alto
CLI-104235,Lima,4519.45,12653.938750000001,111,1,46,143,Medio,1.0,1,0.9957317390571169,1,Denegar/Revisar,Muy alto
CLI-104236,Lima,3655.12,3161.97,438,0,41,103,Alto,2.0,0,0.6611569866898869,1,Denegar/Revisar,Alto
CLI-104237,Arequipa,3286.82,4266.88,815,0,41,50,Alto,2.0,0,0.07247131765870071,0,Aprobar,Bajo
CLI-104238,Arequipa,5104.61,5483.14,647,0,39,213,Alto,2.0,1,0.24263380360199047,1,Denegar/Revisar,Bajo
CLI-104239,Lima,2853.13,1015.75,225,1,46,243,Medio,1.0,1,0.9138000821866215,1,Denegar/Revisar,Muy alto
CLI-104240,Arequipa,2772.7,1637.9,162,1,39,138,Alto,2.0,0,0.958531672883778,1,Denegar/Revisar,Muy alto
CLI-104241,Lima,3343.63,2126.3,943,0,30,104,Alto,2.0,0,0.014552596186866433,0,Aprobar,Bajo
CLI-104242,Arequipa,4976.14,3611.41,181,1,28,36,Alto,2.0,0,0.9462275471683811,1,Denegar/Revisar,Muy alto
CLI-104243,Lima,5896.74,7601.64,918,0,32,56,Alto,2.0,0,0.0317707938626357,0,Aprobar,Bajo
CLI-104244,Lima,3117.53,1173.21,398,0,41,62,Bajo,0.0,1,0.6788377443473722,1,Denegar/Revisar,Alto
CLI-104245,Cusco,1797.91,2546.23,133,1,38,170,Medio,1.0,1,0.977948008281515,1,Denegar/Revisar,Muy alto
CLI-104246,Lima,3167.51,5569.8,851,0,41,172,Medio,1.0,1,0.06769267985061386,0,Aprobar,Bajo
CLI-104247,Lima,4115.86,365.76,708,0,45,272,Medio,1.0,1,0.06911948233745409,0,Aprobar,Bajo
CLI-104248,Piura,3660.39,2877.09,148,1,32,76,Alto,2.0,0,0.9653610139799447,1,Denegar/Revisar,Muy alto
CLI-104249,Cusco,2720.37,623.71,757,0,55,165,Bajo,0.0,1,0.06641020227420506,0,Aprobar,Bajo
CLI-104250,Lima,2104.69,3098.72,736,0,35,43,Medio,1.0,0,0.1395393612597198,0,Aprobar,Bajo
CLI-104251,Lima,3655.12,5841.02,800,0,34,146,Alto,2.0,0,0.10324800896629077,0,Aprobar,Bajo
CLI-104252,Lima,4108.99,1081.71,156,1,44,32,Alto,2.0,0,0.9409898607871323,1,Denegar/Revisar,Muy alto
CLI-104253,Piura,4530.75,7574.6,960,0,19,8,Alto,2.0,0,0.029321869082380957,0,Aprobar,Bajo
CLI-104254,Lima,2541.95,1630.69,208,1,30,41,Alto,2.0,0,0.9405301122146631,1,Denegar/Revisar,Muy alto
CLI-104255,Arequipa,2037.0,846.76,616,0,49,163,Alto,2.0,1,0.24697566256738676,1,Denegar/Revisar,Bajo
CLI-104256,Cusco,1795.02,2504.37,123,1,19,4,Alto,2.0,0,0.9804718239500522,1,Denegar/Revisar,Muy alto
CLI-104257,Lima,3655.12,8352.32,320,1,51,156,Medio,1.0,1,0.9444354041391292,1,Denegar/Revisar,Muy alto
CLI-104258,Lima,3655.12,285.7,414,1,56,293,Alto,2.0,1,0.5710579721068878,1,Denegar/Revisar,Alto
CLI-104259,Lima,5945.08,1587.44,393,1,36,8,Alto,2.0,0,0.5564356511268307,1,Denegar/Revisar,Alto
CLI-104260,Lima,3655.12,4235.6,109,1,42,93,Alto,2.0,0,0.9816840421880133,1,Denegar/Revisar,Muy alto
CLI-104261,Loreto,1672.5,1770.06,776,0,51,59,Bajo,0.0,1,0.08817049780019422,0,Aprobar,Bajo
CLI-104262,Lima,4414.86,293.83,580,0,34,28,Alto,2.0,0,0.1906749016652326,0,Aprobar,Bajo
CLI-104263,Lima,4827.33,1613.86,826,0,49,185,Medio,1.0,1,0.026371451769075092,0,Aprobar,Bajo
CLI-104264,Arequipa,3317.57,6880.57,737,0,31,46,Alto,2.0,0,0.21878058980908477,1,Denegar/Revisar,Bajo
CLI-104265,Lima,4640.96,12653.938750000001,366,1,34,19,Alto,2.0,0,0.9556566568071521,1,Denegar/Revisar,Muy alto
CLI-104266,Piura,3352.22,162.37,891,0,30,22,Medio,1.0,0,0.015027224268741516,0,Aprobar,Bajo
CLI-104267,Lima,3821.98,3369.22,187,1,43,111,Alto,2.0,0,0.9538277122665331,1,Denegar/Revisar,Muy alto
CLI-104268,Loreto,3555.83,445.08,554,0,52,38,Bajo,0.0,1,0.27478979484109944,1,Denegar/Revisar,Medio
CLI-104269,Cusco,3524.62,4562.7,725,0,37,136,Medio,1.0,1,0.14979066494029095,0,Aprobar,Bajo
CLI-104270,Piura,5778.49,31.69,632,0,26,84,Medio,1.0,0,0.08756792569367415,0,Aprobar,Bajo
CLI-104271,Cusco,4469.32,59.41,247,1,27,21,Alto,2.0,0,0.8342506181095133,1,Denegar/Revisar,Muy alto
CLI-104272,Lima,2550.81,6000.18,856,0,43,57,Medio,1.0,0,0.08049810671767185,0,Aprobar,Bajo
CLI-104273,Lima,3655.12,309.41,877,0,59,149,Medio,1.0,1,0.016453104775059867,0,Aprobar,Bajo
CLI-104274,Piura,6996.18,1456.42,828,0,45,53,Medio,1.0,1,0.015306947121818777,0,Aprobar,Bajo
CLI-104275,Piura,5613.33,12653.938750000001,530,1,36,32,Alto,2.0,0,0.7869004031983746,1,Denegar/Revisar,Muy alto
CLI-104276,Lima,2837.95,12653.938750000001,851,0,47,43,Medio,1.0,1,0.24985306380268812,1,Denegar/Revisar,Bajo
CLI-104277,Lima,6579.97,704.1,843,0,38,40,Medio,1.0,0,0.01252979302401022,0,Aprobar,Bajo
CLI-104278,Lima,5581.06,3292.13,843,0,36,144,Bajo,0.0,1,0.02791685559169878,0,Aprobar,Bajo
CLI-104279,Lima,3655.12,3276.19,341,1,28,50,Medio,1.0,0,0.8269319966553209,1,Denegar/Revisar,Muy alto
CLI-104280,Lima,4413.51,2408.7,801,0,55,268,Bajo,0.0,1,0.044283008800196116,0,Aprobar,Bajo
CLI-104281,Arequipa,3638.81,10345.11,840,0,18,0,Alto,2.0,0,0.1705269321634744,0,Aprobar,Bajo
CLI-104282,Lima,1214.6,5610.25,165,1,47,130,Bajo,0.0,1,0.9867807982026066,1,Denegar/Revisar,Muy alto
CLI-104283,Lima,4513.14,5784.63,477,1,34,57,Alto,2.0,0,0.6586696178806767,1,Denegar/Revisar,Alto
CLI-104284,Piura,7118.63,1256.48,487,0,36,74,Alto,2.0,0,0.26947251645749215,1,Denegar/Revisar,Medio
CLI-104285,Piura,6327.84,2278.91,890,0,59,188,Bajo,0.0,1,0.012390302043955657,0,Aprobar,Bajo
CLI-104286,Loreto,4502.98,2673.22,880,0,31,95,Medio,1.0,0,0.02153446937994185,0,Aprobar,Bajo
CLI-104287,Piura,2693.94,1420.49,308,1,31,45,Bajo,0.0,0,0.8510964848425947,1,Denegar/Revisar,Muy alto
CLI-104288,Lima,4020.58,398.48,514,0,38,80,Bajo,0.0,1,0.32895769763698274,1,Denegar/Revisar,Medio
CLI-104289,Loreto,1267.17,540.34,115,1,43,105,Bajo,0.0,1,0.975847805912308,1,Denegar/Revisar,Muy alto
CLI-104290,Piura,2575.68,797.08,396,1,34,112,Medio,1.0,0,0.6846043931810849,1,Denegar/Revisar,Alto
CLI-104291,Lima,1025.0,910.88,319,1,21,24,Alto,2.0,0,0.872102692462797,1,Denegar/Revisar,Muy alto
CLI-104292,Piura,4887.84,1109.67,868,0,30,57,Alto,2.0,0,0.016548382188051717,0,Aprobar,Bajo
CLI-104293,Cusco,2925.75,1179.95,466,1,53,268,Bajo,0.0,1,0.5390355767237232,1,Denegar/Revisar,Alto
CLI-104294,Lima,5185.08,2433.14,879,0,40,119,Alto,2.0,0,0.018388966610537235,0,Aprobar,Bajo
CLI-104295,Lima,3335.65,2849.92,328,1,44,52,Bajo,0.0,1,0.8466520854230176,1,Denegar/Revisar,Muy alto
CLI-104296,Lima,2443.79,1477.76,730,0,36,73,Medio,1.0,0,0.10121066079232963,0,Aprobar,Bajo
CLI-104297,Lima,3878.73,9513.39,539,0,32,90,Alto,2.0,0,0.7331036656217274,1,Denegar/Revisar,Alto
CLI-104298,Lima,3007.79,3222.04,789,0,57,77,Bajo,0.0,1,0.07861333468258792,0,Aprobar,Bajo
CLI-104299,Piura,6245.15,6194.82,631,0,38,117,Alto,2.0,0,0.24926119878655403,1,Denegar/Revisar,Bajo
CLI-104300,Lima,2332.77,10320.62,549,1,34,74,Alto,2.0,0,0.8093544736714213,1,Denegar/Revisar,Muy alto
CLI-104301,Cusco,2064.89,712.37,135,1,50,248,Medio,1.0,1,0.9652449378497114,1,Denegar/Revisar,Muy alto
CLI-104302,Arequipa,2871.6,2233.59,946,0,31,20,Alto,2.0,0,0.016122588161402072,0,Aprobar,Bajo
CLI-104303,Piura,1891.66,2271.07,521,1,32,33,Alto,2.0,0,0.5276950741660897,1,Denegar/Revisar,Alto
CLI-104304,Loreto,3983.09,1750.75,719,0,39,116,Medio,1.0,1,0.08469615173150506,0,Aprobar,Bajo
CLI-104305,Lima,1207.76,35.78,288,1,38,146,Bajo,0.0,1,0.8790293343695396,1,Denegar/Revisar,Muy alto
CLI-104306,Lima,2772.16,6770.67,277,1,42,159,Medio,1.0,1,0.9571920845066013,1,Denegar/Revisar,Muy alto
CLI-104307,Piura,4559.03,473.15,707,0,62,342,Bajo,0.0,1,0.06707049159024271,0,Aprobar,Bajo
CLI-104308,Loreto,2692.53,12653.938750000001,414,1,42,175,Medio,1.0,1,0.9540774763262543,1,Denegar/Revisar,Muy alto
CLI-104309,Arequipa,1025.0,5930.49,119,1,18,1,Alto,2.0,0,0.9922779460590576,1,Denegar/Revisar,Muy alto
CLI-104310,Lima,6050.94,3470.1,775,0,44,65,Alto,2.0,0,0.04816502322052732,0,Aprobar,Bajo
CLI-104311,Cusco,3560.7650000000003,671.81,481,0,39,163,Bajo,0.0,1,0.4405538938754013,1,Denegar/Revisar,Medio
CLI-104312,Lima,4333.86,2897.67,708,0,40,130,Alto,2.0,0,0.1112838215698485,0,Aprobar,Bajo
CLI-104313,Loreto,2635.91,1210.42,242,1,41,113,Bajo,0.0,1,0.9114497501298543,1,Denegar/Revisar,Muy alto
CLI-104314,Cusco,4038.34,1163.13,161,1,39,51,Bajo,0.0,1,0.9402461014265994,1,Denegar/Revisar,Muy alto
CLI-104315,Lima,4588.99,7076.77,341,1,39,180,Medio,1.0,1,0.8956657782992531,1,Denegar/Revisar,Muy alto
CLI-104316,Arequipa,4730.96,1916.3,337,1,46,64,Medio,1.0,1,0.743593825719455,1,Denegar/Revisar,Alto
CLI-104317,Lima,3363.08,2396.62,230,1,33,96,Medio,1.0,0,0.9232486777568614,1,Denegar/Revisar,Muy alto
CLI-104318,Lima,1844.04,7405.14,704,1,28,21,Alto,2.0,0,0.3750727445878696,1,Denegar/Revisar,Medio
CLI-104319,Piura,4511.76,367.54,702,0,70,125,Bajo,0.0,1,0.06933072794472742,0,Aprobar,Bajo
CLI-104320,Piura,4389.15,3611.7,744,0,31,55,Medio,1.0,0,0.08981260275540119,0,Aprobar,Bajo
CLI-104321,Cusco,2121.03,3453.04,222,1,39,161,Alto,2.0,0,0.9573918143689502,1,Denegar/Revisar,Muy alto
CLI-104322,Arequipa,2375.22,2215.03,539,0,22,29,Medio,1.0,0,0.44510074692145046,1,Denegar/Revisar,Medio
CLI-104323,Lima,4196.56,7082.53,441,0,40,15,Alto,2.0,0,0.7929237785213039,1,Denegar/Revisar,Muy alto
CLI-104324,Loreto,3422.24,11451.11,518,0,29,85,Medio,1.0,0,0.8434447584825028,1,Denegar/Revisar,Muy alto
CLI-104325,Cusco,3372.82,2504.47,729,0,34,110,Alto,2.0,0,0.1057669128955512,0,Aprobar,Bajo
CLI-104326,Lima,6116.61,2436.31,554,0,51,117,Medio,1.0,1,0.23457999829907827,1,Denegar/Revisar,Bajo
CLI-104327,Cusco,4101.31,2789.13,297,0,44,112,Medio,1.0,1,0.854507584881099,1,Denegar/Revisar,Muy alto
CLI-104328,Lima,3913.8,5136.74,381,1,45,79,Alto,2.0,0,0.8263795014684576,1,Denegar/Revisar,Muy alto
CLI-104329,Loreto,6297.65,4411.21,985,0,21,23,Alto,2.0,0,0.008064068032086927,0,Aprobar,Bajo
CLI-104330,Lima,3195.57,1008.41,100,1,59,108,Medio,1.0,1,0.9693068334013032,1,Denegar/Revisar,Muy alto
CLI-104331,Lima,3087.84,264.11,822,0,26,45,Alto,2.0,0,0.031856032020015836,0,Aprobar,Bajo
CLI-104332,Lima,3663.61,11923.7,874,0,56,273,Bajo,0.0,1,0.17175691740214027,0,Aprobar,Bajo
CLI-104333,Piura,4459.91,1210.21,431,0,51,233,Medio,1.0,1,0.5241584541523996,1,Denegar/Revisar,Alto
CLI-104334,Lima,4059.26,4071.04,311,1,46,176,Medio,1.0,1,0.8720879455966486,1,Denegar/Revisar,Muy alto
CLI-104335,Lima,3541.47,7051.24,186,1,30,123,Alto,2.0,0,0.9797702414150451,1,Denegar/Revisar,Muy alto
CLI-104336,Piura,2321.45,1428.28,764,0,40,132,Medio,1.0,1,0.07692669448655168,0,Aprobar,Bajo
CLI-104337,Cusco,5642.03,12653.938750000001,961,1,35,74,Medio,1.0,0,0.0583070145703651,0,Aprobar,Bajo
CLI-104338,Lima,3998.48,456.71,798,0,39,72,Alto,2.0,0,0.03358072211025433,0,Aprobar,Bajo
CLI-104339,Lima,3719.91,12653.938750000001,160,1,36,71,Medio,1.0,0,0.9943931053694768,1,Denegar/Revisar,Muy alto
CLI-104340,Lima,3046.75,239.67,896,0,18,1,Alto,2.0,0,0.016239028370483514,0,Aprobar,Bajo
CLI-104341,Lima,5837.05,2306.26,194,1,52,64,Alto,2.0,0,0.9063935509685493,1,Denegar/Revisar,Muy alto
CLI-104342,Loreto,4641.24,3078.55,885,0,39,67,Medio,1.0,0,0.021674258075998678,0,Aprobar,Bajo
CLI-104343,Loreto,3177.68,12653.938750000001,652,1,33,102,Medio,1.0,0,0.6656478600482995,1,Denegar/Revisar,Alto
CLI-104344,Piura,3961.28,516.47,246,1,33,60,Alto,2.0,0,0.8629308415787184,1,Denegar/Revisar,Muy alto
CLI-104345,Lima,3655.12,2325.05,345,1,43,112,Bajo,0.0,1,0.7964301588181354,1,Denegar/Revisar,Muy alto
CLI-104346,Arequipa,4937.11,1425.05,743,0,30,40,Medio,1.0,0,0.05237731539838567,0,Aprobar,Bajo
CLI-104347,Piura,1799.79,1495.93,396,0,18,0,Alto,2.0,0,0.7578856526658322,1,Denegar/Revisar,Muy alto
CLI-104348,Loreto,4658.0,6034.53,222,1,44,265,Alto,2.0,1,0.9555811413563626,1,Denegar/Revisar,Muy alto
CLI-104349,Piura,3490.71,21.9,754,0,45,242,Bajo,0.0,1,0.05113056727406123,0,Aprobar,Bajo
CLI-104350,Arequipa,4061.86,5530.54,793,0,37,37,Medio,1.0,0,0.09158683031129534,0,Aprobar,Bajo
CLI-104351,Piura,1025.0,6651.32,803,0,25,41,Alto,2.0,0,0.1964919461315968,0,Aprobar,Bajo
CLI-104352,Lima,2913.92,9265.2,555,1,40,136,Alto,2.0,0,0.7372637993104433,1,Denegar/Revisar,Alto
CLI-104353,Cusco,2790.48,3943.44,498,0,23,6,Alto,2.0,0,0.615684305519039,1,Denegar/Revisar,Alto
CLI-104354,Piura,4811.91,1622.59,818,0,28,18,Alto,2.0,0,0.029603957747419255,0,Aprobar,Bajo
CLI-104355,Piura,2372.51,2229.12,330,1,30,91,Alto,2.0,0,0.8559687946278793,1,Denegar/Revisar,Muy alto
CLI-104356,Lima,1333.6,12653.938750000001,633,1,47,26,Bajo,0.0,1,0.7913677703892463,1,Denegar/Revisar,Muy alto
CLI-104357,Piura,3867.77,8520.81,501,0,35,52,Bajo,0.0,1,0.761300861346601,1,Denegar/Revisar,Muy alto
CLI-104358,Piura,3506.36,2490.95,691,0,34,79,Medio,1.0,0,0.13580474997130704,0,Aprobar,Bajo
CLI-104359,Lima,1865.17,11463.24,229,1,60,33,Bajo,0.0,1,0.9918172315082731,1,Denegar/Revisar,Muy alto
CLI-104360,Lima,3413.29,6925.4,391,1,43,97,Medio,1.0,1,0.8723355742519574,1,Denegar/Revisar,Muy alto
CLI-104361,Piura,1025.0,9254.17,375,1,42,110,Medio,1.0,1,0.9576230357930381,1,Denegar/Revisar,Muy alto
CLI-104362,Arequipa,5298.69,4595.13,934,0,36,97,Alto,2.0,0,0.016903712717155937,0,Aprobar,Bajo
CLI-104363,Piura,3175.8,7797.98,475,0,32,34,Alto,2.0,0,0.8040248680588337,1,Denegar/Revisar,Muy alto
CLI-104364,Lima,2407.05,8893.84,154,1,18,0,Medio,1.0,0,0.9917905990164012,1,Denegar/Revisar,Muy alto
CLI-104365,Arequipa,5283.2,386.12,677,0,50,204,Medio,1.0,1,0.07069517048557826,0,Aprobar,Bajo
CLI-104366,Lima,3372.27,12653.938750000001,838,0,44,184,Alto,2.0,1,0.25674675149148163,1,Denegar/Revisar,Medio
CLI-104367,Lima,3137.98,1623.54,125,1,37,84,Medio,1.0,0,0.9664725746238819,1,Denegar/Revisar,Muy alto
CLI-104368,Lima,3385.72,2318.56,540,0,37,16,Medio,1.0,0,0.39114987486988334,1,Denegar/Revisar,Medio
CLI-104369,Lima,9051.92,6279.02,864,0,49,60,Alto,2.0,0,0.01942064188840321,0,Aprobar,Bajo
CLI-104370,Lima,3824.6,4373.26,296,1,22,30,Medio,1.0,0,0.8983054005226834,1,Denegar/Revisar,Muy alto
CLI-104371,Lima,2269.81,8941.95,741,1,32,61,Medio,1.0,0,0.3384218115243027,1,Denegar/Revisar,Medio
CLI-104372,Lima,5812.32,2047.13,342,0,27,25,Alto,2.0,0,0.6969928930563881,1,Denegar/Revisar,Alto
CLI-104373,Lima,5910.49,1869.07,923,0,59,292,Bajo,0.0,1,0.009215120292921724,0,Aprobar,Bajo
CLI-104374,Piura,3660.39,128.81,823,0,49,171,Medio,1.0,1,0.025996653832936003,0,Aprobar,Bajo
CLI-104375,Lima,2422.01,2484.98,289,0,18,0,Alto,2.0,0,0.9010875742246632,1,Denegar/Revisar,Muy alto
CLI-104376,Lima,2312.44,5150.44,901,0,22,5,Alto,2.0,0,0.050049577686858845,0,Aprobar,Bajo
CLI-104377,Loreto,4819.81,1433.44,837,0,38,92,Medio,1.0,0,0.023015687575756224,0,Aprobar,Bajo
CLI-104378,Lima,3201.27,2484.99,857,0,34,38,Alto,2.0,0,0.035578476720565,0,Aprobar,Bajo
CLI-104379,Piura,2514.05,990.76,667,1,24,40,Medio,1.0,0,0.1529044663477835,0,Aprobar,Bajo
CLI-104380,Lima,4995.11,5927.48,666,1,61,204,Alto,2.0,1,0.23195883847472312,1,Denegar/Revisar,Bajo
CLI-104381,Lima,5567.36,249.68,375,0,43,172,Medio,1.0,1,0.5404645597638095,1,Denegar/Revisar,Alto
CLI-104382,Piura,3619.59,4888.32,917,0,44,182,Alto,2.0,1,0.03070452318862234,0,Aprobar,Bajo
CLI-104383,Piura,4724.84,1905.31,508,1,32,50,Alto,2.0,0,0.3771141894030865,1,Denegar/Revisar,Medio
CLI-104384,Loreto,3696.33,169.94,439,0,47,219,Medio,1.0,1,0.4947889306207947,1,Denegar/Revisar,Medio
CLI-104385,Piura,3542.24,7682.09,252,1,35,35,Medio,1.0,0,0.9662874289823766,1,Denegar/Revisar,Muy alto
CLI-104386,Cusco,2600.07,2675.55,664,0,35,66,Alto,2.0,0,0.21256520455856587,1,Denegar/Revisar,Bajo
CLI-104387,Lima,3175.48,3658.36,497,0,46,150,Bajo,0.0,1,0.5820294092358312,1,Denegar/Revisar,Alto
CLI-104388,Lima,1941.04,5267.53,543,1,20,8,Medio,1.0,0,0.6194895669898194,1,Denegar/Revisar,Alto
CLI-104389,Lima,2110.1,4257.71,722,0,56,274,Medio,1.0,1,0.1908830651011511,0,Aprobar,Bajo
CLI-104390,Lima,4329.41,5250.05,526,0,41,41,Medio,1.0,0,0.5222261210655704,1,Denegar/Revisar,Alto
CLI-104391,Piura,2885.57,5746.68,586,0,53,282,Bajo,0.0,1,0.5011265790660091,1,Denegar/Revisar,Alto
CLI-104392,Piura,1733.38,3558.12,303,1,26,28,Medio,1.0,0,0.9187867193402276,1,Denegar/Revisar,Muy alto
CLI-104393,Lima,1107.74,1820.54,211,1,28,56,Medio,1.0,0,0.9555209669439366,1,Denegar/Revisar,Muy alto
CLI-104394,Cusco,1077.39,1114.32,424,1,25,39,Alto,2.0,0,0.7242205847249088,1,Denegar/Revisar,Alto
CLI-104395,Loreto,1025.0,9328.19,357,1,41,102,Alto,2.0,0,0.9658029296152165,1,Denegar/Revisar,Muy alto
CLI-104396,Lima,3920.42,12653.938750000001,627,1,40,1,Medio,1.0,0,0.6793401168294138,1,Denegar/Revisar,Alto
CLI-104397,Lima,1025.0,1770.57,449,1,33,96,Medio,1.0,0,0.6991465566090119,1,Denegar/Revisar,Alto
CLI-104398,Lima,4760.98,476.53,777,0,28,26,Alto,2.0,0,0.03437673585029083,0,Aprobar,Bajo
CLI-104399,Lima,5020.41,1006.88,912,0,26,16,Medio,1.0,0,0.0100658394669675,0,Aprobar,Bajo
CLI-104400,Lima,4337.31,4442.75,993,0,39,69,Medio,1.0,0,0.011382527691123794,0,Aprobar,Bajo
CLI-104401,Piura,3679.2,759.48,534,0,34,151,Medio,1.0,1,0.31355510090818267,1,Denegar/Revisar,Medio
CLI-104402,Lima,3121.96,6058.73,525,1,31,69,Medio,1.0,0,0.633974266305365,1,Denegar/Revisar,Alto
CLI-104403,Lima,3595.79,10257.37,379,1,56,233,Medio,1.0,1,0.9367697945656873,1,Denegar/Revisar,Muy alto
CLI-104404,Cusco,3560.7650000000003,12653.938750000001,470,1,38,111,Medio,1.0,0,0.9094545551884791,1,Denegar/Revisar,Muy alto
CLI-104405,Arequipa,5990.27,37.48,769,0,54,91,Medio,1.0,1,0.024679392945742954,0,Aprobar,Bajo
CLI-104406,Cusco,5495.24,12653.938750000001,348,1,34,67,Alto,2.0,0,0.9543951129921469,1,Denegar/Revisar,Muy alto
CLI-104407,Lima,6733.29,5391.29,990,0,43,77,Alto,2.0,0,0.008549866957617586,0,Aprobar,Bajo
CLI-104408,Lima,1863.4,351.18,280,1,38,160,Medio,1.0,1,0.8737252740488756,1,Denegar/Revisar,Muy alto
CLI-104409,Piura,3660.39,2146.22,802,0,20,15,Alto,2.0,0,0.049176244936185075,0,Aprobar,Bajo
CLI-104410,Lima,4759.1,4816.5,750,0,55,243,Bajo,0.0,1,0.10292533062814405,0,Aprobar,Bajo
CLI-104411,Lima,1880.57,12557.07,177,1,37,170,Medio,1.0,1,0.9957027141924136,1,Denegar/Revisar,Muy alto
CLI-104412,Arequipa,3138.47,717.18,984,0,47,156,Alto,2.0,1,0.007768170883098915,0,Aprobar,Bajo
CLI-104413,Piura,2804.95,546.64,435,0,30,17,Alto,2.0,0,0.5845676211162789,1,Denegar/Revisar,Alto
CLI-104414,Lima,1206.67,2557.27,149,1,36,73,Medio,1.0,0,0.9777189058223859,1,Denegar/Revisar,Muy alto
CLI-104415,Lima,1025.0,12653.938750000001,184,1,28,22,Alto,2.0,0,0.9963769526071626,1,Denegar/Revisar,Muy alto
CLI-104416,Lima,4834.07,12653.938750000001,794,0,53,106,Medio,1.0,1,0.26349720606959626,1,Denegar/Revisar,Medio
CLI-104417,Lima,4137.1,1034.64,794,0,43,107,Medio,1.0,1,0.03658943022424912,0,Aprobar,Bajo
CLI-104418,Lima,2747.38,1538.81,103,1,43,84,Medio,1.0,1,0.9744294365389693,1,Denegar/Revisar,Muy alto
CLI-104419,Lima,4722.05,9545.26,416,0,54,300,Medio,1.0,1,0.8740041411113312,1,Denegar/Revisar,Muy alto
CLI-104420,Lima,2626.19,5309.71,210,1,51,39,Bajo,0.0,1,0.9706769587787961,1,Denegar/Revisar,Muy alto
CLI-104421,Cusco,4611.55,12653.938750000001,433,1,48,59,Medio,1.0,1,0.9176062712899671,1,Denegar/Revisar,Muy alto
CLI-104422,Piura,3291.53,8945.26,950,0,23,9,Alto,2.0,0,0.05578558074784954,0,Aprobar,Bajo
CLI-104423,Arequipa,3106.17,968.78,862,0,31,110,Alto,2.0,0,0.02546076194008076,0,Aprobar,Bajo
CLI-104424,Lima,2984.98,5703.92,232,1,28,20,Alto,2.0,0,0.9641961021320147,1,Denegar/Revisar,Muy alto
CLI-104425,Lima,7103.97,199.14,711,0,48,156,Medio,1.0,1,0.03366694463291412,0,Aprobar,Bajo
CLI-104426,Lima,5994.1,6811.32,783,0,42,110,Alto,2.0,0,0.08786397859804178,0,Aprobar,Bajo
CLI-104427,Lima,5943.04,3680.76,898,0,25,11,Alto,2.0,0,0.016822368656721015,0,Aprobar,Bajo
CLI-104428,Lima,1025.0,12503.45,218,1,36,22,Alto,2.0,0,0.9950226132603759,1,Denegar/Revisar,Muy alto
CLI-104429,Arequipa,3615.66,12653.938750000001,449,1,23,6,Alto,2.0,0,0.9262003380206438,1,Denegar/Revisar,Muy alto
CLI-104430,Arequipa,5303.66,208.61,786,0,39,135,Alto,2.0,0,0.02653681463023686,0,Aprobar,Bajo
CLI-104431,Piura,6909.99,699.9,641,0,22,36,Alto,2.0,0,0.07508484315593834,0,Aprobar,Bajo
CLI-104432,Lima,1025.0,2648.2,154,1,44,83,Medio,1.0,1,0.978031612583366,1,Denegar/Revisar,Muy alto
CLI-104433,Cusco,4516.44,8464.21,460,1,43,99,Medio,1.0,1,0.7930625925506558,1,Denegar/Revisar,Muy alto
CLI-104434,Lima,5710.56,6737.62,807,0,61,17,Bajo,0.0,1,0.074819430699957,0,Aprobar,Bajo
CLI-104435,Lima,4281.61,12653.938750000001,552,0,49,209,Medio,1.0,1,0.7974601348935226,1,Denegar/Revisar,Muy alto
CLI-104436,Lima,1778.52,3850.22,652,0,34,64,Medio,1.0,0,0.3107239980605023,1,Denegar/Revisar,Medio
CLI-104437,Arequipa,4447.89,1185.89,784,0,48,51,Bajo,0.0,1,0.039978908259252904,0,Aprobar,Bajo
CLI-104438,Cusco,4001.23,101.71,429,0,24,47,Alto,2.0,0,0.5065715555973445,1,Denegar/Revisar,Alto
CLI-104439,Lima,3402.68,1008.88,318,0,28,36,Alto,2.0,0,0.8018718283078737,1,Denegar/Revisar,Muy alto
CLI-104440,Loreto,3600.67,4499.08,307,1,43,190,Alto,2.0,1,0.8995614897041471,1,Denegar/Revisar,Muy alto
CLI-104441,Loreto,2824.73,10429.64,769,0,18,0,Medio,1.0,0,0.321347553723484,1,Denegar/Revisar,Medio
CLI-104442,Lima,5072.25,1547.97,944,0,39,188,Medio,1.0,1,0.008273106800017605,0,Aprobar,Bajo
CLI-104443,Lima,3163.45,8340.37,839,0,28,21,Medio,1.0,0,0.12740864230603982,0,Aprobar,Bajo
CLI-104444,Lima,1887.67,2009.43,184,1,39,109,Alto,2.0,0,0.9615030767628949,1,Denegar/Revisar,Muy alto
CLI-104445,Cusco,3858.53,1474.25,784,0,27,51,Medio,1.0,0,0.04655566700284313,0,Aprobar,Bajo
CLI-104446,Lima,3427.66,2843.98,344,1,44,150,Alto,2.0,0,0.8228652833895685,1,Denegar/Revisar,Muy alto
CLI-104447,Arequipa,6000.1,2335.55,971,0,40,73,Medio,1.0,0,0.006128267423531608,0,Aprobar,Bajo
CLI-104448,Lima,2273.91,9804.33,784,0,54,124,Medio,1.0,1,0.29058554534001524,1,Denegar/Revisar,Medio
CLI-104449,Arequipa,1425.7,2526.38,434,0,38,36,Alto,2.0,0,0.7482065382996145,1,Denegar/Revisar,Alto
CLI-104450,Lima,2548.86,1299.24,311,1,30,82,Medio,1.0,0,0.8435205936665837,1,Denegar/Revisar,Muy alto
CLI-104451,Piura,1189.72,7394.99,695,0,35,14,Medio,1.0,0,0.4219230635482637,1,Denegar/Revisar,Medio
CLI-104452,Loreto,3600.67,12653.938750000001,784,1,24,21,Alto,2.0,0,0.35220112199978026,1,Denegar/Revisar,Medio
CLI-104453,Loreto,1025.0,4178.44,282,1,42,28,Medio,1.0,0,0.9487461310877296,1,Denegar/Revisar,Muy alto
CLI-104454,Loreto,4025.06,1153.19,232,1,46,45,Bajo,0.0,1,0.8900104197585809,1,Denegar/Revisar,Muy alto
CLI-104455,Lima,6145.51,1091.52,991,0,67,270,Medio,1.0,1,0.0037855330586565508,0,Aprobar,Bajo
CLI-104456,Arequipa,4687.56,237.75,899,0,33,42,Alto,2.0,0,0.010843887570831413,0,Aprobar,Bajo
CLI-104457,Lima,1460.02,321.77,873,0,35,132,Medio,1.0,1,0.028163475064314856,0,Aprobar,Bajo
CLI-104458,Lima,3655.12,9859.62,449,1,33,11,Medio,1.0,0,0.874487015111837,1,Denegar/Revisar,Muy alto
CLI-104459,Piura,2066.89,405.86,381,0,41,74,Bajo,0.0,1,0.7290188065513745,1,Denegar/Revisar,Alto
CLI-104460,Lima,1480.99,2649.26,392,0,42,42,Medio,1.0,0,0.8111813460745161,1,Denegar/Revisar,Muy alto
CLI-104461,Piura,4105.15,4790.93,368,0,39,56,Alto,2.0,0,0.8270270653447127,1,Denegar/Revisar,Muy alto
CLI-104462,Cusco,5570.29,7597.95,960,0,52,227,Medio,1.0,1,0.022435273489434613,0,Aprobar,Bajo
CLI-104463,Lima,5020.54,751.45,296,1,33,46,Medio,1.0,0,0.7569727747718065,1,Denegar/Revisar,Muy alto
CLI-104464,Arequipa,3344.81,2303.44,636,0,50,128,Bajo,0.0,1,0.2144575624956769,1,Denegar/Revisar,Bajo
CLI-104465,Lima,4261.91,1158.63,752,0,45,123,Alto,2.0,0,0.05514752165663264,0,Aprobar,Bajo
CLI-104466,Lima,6666.04,1181.91,834,0,40,41,Medio,1.0,0,0.014749677050405655,0,Aprobar,Bajo
CLI-104467,Lima,5880.93,1448.7,119,1,36,101,Alto,2.0,0,0.941731228235975,1,Denegar/Revisar,Muy alto
CLI-104468,Cusco,5836.56,3538.36,858,0,67,197,Bajo,0.0,1,0.02416919416607211,0,Aprobar,Bajo
CLI-104469,Loreto,3853.06,66.87,939,0,30,84,Alto,2.0,0,0.008741151644431826,0,Aprobar,Bajo
CLI-104470,Cusco,4134.88,2102.18,812,0,42,113,Bajo,0.0,1,0.040112462599048944,0,Aprobar,Bajo
CLI-104471,Cusco,3240.71,827.26,504,0,31,60,Alto,2.0,0,0.41396951444711544,1,Denegar/Revisar,Medio
CLI-104472,Lima,3986.45,12653.938750000001,214,1,59,188,Medio,1.0,1,0.9901435112975412,1,Denegar/Revisar,Muy alto
CLI-104473,Lima,3258.51,3496.08,994,0,49,239,Bajo,0.0,1,0.012312858762869779,0,Aprobar,Bajo
CLI-104474,Arequipa,3638.81,8102.71,800,0,32,103,Medio,1.0,0,0.15203770767656555,0,Aprobar,Bajo
CLI-104475,Lima,3239.57,871.08,125,1,44,217,Alto,2.0,1,0.9614797802242391,1,Denegar/Revisar,Muy alto
CLI-104476,Lima,4405.63,6643.26,665,0,42,45,Alto,2.0,0,0.28905954147936236,1,Denegar/Revisar,Medio
CLI-104477,Lima,3655.12,2143.09,781,0,33,124,Alto,2.0,0,0.05928087630486041,0,Aprobar,Bajo
CLI-104478,Piura,3858.81,782.57,494,0,47,33,Medio,1.0,1,0.39052243244355533,1,Denegar/Revisar,Medio
CLI-104479,Piura,3660.39,5729.27,480,1,43,108,Medio,1.0,1,0.6850177406457999,1,Denegar/Revisar,Alto
CLI-104480,Lima,3058.57,5742.12,622,0,41,78,Medio,1.0,0,0.3982422944675128,1,Denegar/Revisar,Medio
CLI-104481,Lima,3655.12,12653.938750000001,638,1,39,52,Alto,2.0,0,0.6786544227899409,1,Denegar/Revisar,Alto
CLI-104482,Piura,1658.95,6073.59,961,0,43,152,Medio,1.0,1,0.03923585604826837,0,Aprobar,Bajo
CLI-104483,Piura,3243.34,627.87,182,1,41,59,Bajo,0.0,1,0.9327890715922075,1,Denegar/Revisar,Muy alto
CLI-104484,Lima,4626.85,1557.65,901,0,40,113,Bajo,0.0,1,0.01421442758267465,0,Aprobar,Bajo
CLI-104485,Arequipa,3972.71,2403.93,649,0,32,67,Medio,1.0,0,0.17034642752949944,0,Aprobar,Bajo
CLI-104486,Lima,3655.12,541.69,544,0,58,148,Bajo,0.0,1,0.2933263333400715,1,Denegar/Revisar,Medio
CLI-104487,Lima,3655.12,6205.41,186,1,27,44,Medio,1.0,0,0.9743363736962126,1,Denegar/Revisar,Muy alto
CLI-104488,Arequipa,6128.6,2992.09,932,0,45,151,Bajo,0.0,1,0.010195864668732025,0,Aprobar,Bajo
CLI-104489,Piura,2147.3,11561.86,486,1,35,134,Alto,2.0,0,0.9122950316976949,1,Denegar/Revisar,Muy alto
CLI-104490,Lima,6198.93,3559.65,767,0,59,41,Bajo,0.0,1,0.05097306388585993,0,Aprobar,Bajo
CLI-104491,Arequipa,3812.98,2960.11,497,0,29,13,Alto,2.0,0,0.5089297489751654,1,Denegar/Revisar,Alto
CLI-104492,Piura,4230.54,3557.01,919,0,31,29,Alto,2.0,0,0.019960438056924133,0,Aprobar,Bajo
CLI-104493,Arequipa,1122.3,647.0,385,0,27,47,Alto,2.0,0,0.772456902603354,1,Denegar/Revisar,Muy alto
CLI-104494,Arequipa,2429.45,7575.86,797,0,42,84,Medio,1.0,1,0.1792840628279581,0,Aprobar,Bajo
CLI-104495,Piura,4612.26,12653.938750000001,793,1,24,23,Alto,2.0,0,0.2832215670446309,1,Denegar/Revisar,Medio
CLI-104496,Lima,2360.79,2145.8,468,1,33,137,Medio,1.0,0,0.6068962060518488,1,Denegar/Revisar,Alto
CLI-104497,Lima,5500.58,6644.74,754,0,18,0,Alto,2.0,0,0.12040339038590907,0,Aprobar,Bajo
CLI-104498,Lima,3973.15,3950.99,521,0,42,65,Medio,1.0,0,0.48605167657045323,1,Denegar/Revisar,Medio
CLI-104499,Lima,1996.48,12653.938750000001,817,0,33,72,Medio,1.0,0,0.3577392724622062,1,Denegar/Revisar,Medio
CLI-104500,Piura,5147.63,1087.96,753,0,23,4,Medio,1.0,0,0.04272405520593873,0,Aprobar,Bajo
CLI-104501,Piura,3848.38,3148.39,796,0,51,276,Medio,1.0,1,0.05862979130058449,0,Aprobar,Bajo
CLI-104502,Lima,3515.36,2102.38,542,0,25,78,Medio,1.0,0,0.3688905995826817,1,Denegar/Revisar,Medio
CLI-104503,Lima,5770.88,3121.06,852,0,49,39,Medio,1.0,1,0.02290351183903332,0,Aprobar,Bajo
CLI-104504,Lima,1646.55,1252.59,619,0,30,29,Alto,2.0,0,0.2755499052401767,1,Denegar/Revisar,Medio
CLI-104505,Lima,2179.05,2754.6,683,0,56,192,Bajo,0.0,1,0.2020743399092652,1,Denegar/Revisar,Bajo
CLI-104506,Arequipa,3762.37,3921.23,387,1,47,189,Alto,2.0,1,0.7828473397228409,1,Denegar/Revisar,Muy alto
CLI-104507,Lima,1025.0,338.82,194,1,27,31,Alto,2.0,0,0.9512688354595903,1,Denegar/Revisar,Muy alto
CLI-104508,Piura,3125.28,12653.938750000001,768,1,29,94,Alto,2.0,0,0.413631389575316,1,Denegar/Revisar,Medio
CLI-104509,Cusco,4247.69,4903.82,140,1,46,225,Bajo,0.0,1,0.9757385707711678,1,Denegar/Revisar,Muy alto
CLI-104510,Lima,3196.91,8496.34,430,1,36,118,Bajo,0.0,1,0.8782933278282636,1,Denegar/Revisar,Muy alto
CLI-104511,Lima,2262.35,12653.938750000001,912,0,37,116,Alto,2.0,0,0.18248771651658083,0,Aprobar,Bajo
CLI-104512,Lima,4543.65,254.61,880,0,53,105,Alto,2.0,1,0.013412561842581439,0,Aprobar,Bajo
CLI-104513,Piura,2400.67,2475.58,254,1,30,54,Alto,2.0,0,0.9269438579855449,1,Denegar/Revisar,Muy alto
CLI-104514,Piura,2652.56,592.19,603,0,40,87,Alto,2.0,0,0.23335664928561115,1,Denegar/Revisar,Bajo
CLI-104515,Lima,8582.69,4170.22,374,0,51,75,Alto,2.0,0,0.5837906754074472,1,Denegar/Revisar,Alto
CLI-104516,Piura,4892.24,193.11,765,0,48,202,Medio,1.0,1,0.03384221642388636,0,Aprobar,Bajo
CLI-104517,Loreto,3402.81,1873.6,664,0,37,64,Alto,2.0,0,0.15907034756784164,0,Aprobar,Bajo
CLI-104518,Lima,4403.46,345.91,278,0,36,29,Medio,1.0,0,0.7961744672638067,1,Denegar/Revisar,Muy alto
CLI-104519,Lima,3765.52,13.49,851,0,20,5,Alto,2.0,0,0.019910883767986703,0,Aprobar,Bajo
CLI-104520,Loreto,2194.8,12653.938750000001,236,1,27,47,Alto,2.0,0,0.9922904944520675,1,Denegar/Revisar,Muy alto
CLI-104521,Piura,4681.17,12653.938750000001,866,0,43,240,Alto,2.0,1,0.16392202176383985,0,Aprobar,Bajo
CLI-104522,Loreto,3600.67,3243.25,835,0,37,58,Medio,1.0,0,0.04459833206442946,0,Aprobar,Bajo
CLI-104523,Piura,3660.39,1092.26,279,1,40,110,Bajo,0.0,1,0.8483473889257919,1,Denegar/Revisar,Muy alto
CLI-104524,Loreto,5197.5,9680.93,281,1,51,246,Bajo,0.0,1,0.9593034433046457,1,Denegar/Revisar,Muy alto
CLI-104525,Lima,4997.26,10257.7,358,0,26,51,Alto,2.0,0,0.9312471329747046,1,Denegar/Revisar,Muy alto
CLI-104526,Arequipa,4468.86,7710.56,342,1,37,47,Medio,1.0,0,0.9090681296923415,1,Denegar/Revisar,Muy alto
CLI-104527,Cusco,4328.9,3144.3,195,1,41,132,Alto,2.0,0,0.9420200693941868,1,Denegar/Revisar,Muy alto
CLI-104528,Piura,4869.05,310.56,296,1,32,74,Medio,1.0,0,0.7461525016352604,1,Denegar/Revisar,Alto
CLI-104529,Lima,4814.74,370.39,625,0,55,65,Alto,2.0,0,0.1251662786485455,0,Aprobar,Bajo
CLI-104530,Lima,1583.9,9077.37,731,1,48,164,Bajo,0.0,1,0.41331337466831314,1,Denegar/Revisar,Medio
CLI-104531,Lima,4218.47,8344.31,486,1,42,173,Alto,2.0,0,0.7652868131800294,1,Denegar/Revisar,Muy alto
CLI-104532,Lima,5579.47,2279.45,507,1,60,149,Bajo,0.0,1,0.35166430902668366,1,Denegar/Revisar,Medio
CLI-104533,Lima,2031.77,1590.91,368,1,22,4,Alto,2.0,0,0.7973827569115098,1,Denegar/Revisar,Muy alto
CLI-104534,Piura,2451.92,4132.69,270,1,38,143,Bajo,0.0,1,0.9386954018773519,1,Denegar/Revisar,Muy alto
CLI-104535,Piura,3775.85,6580.01,683,1,43,92,Medio,1.0,1,0.27398117166743874,1,Denegar/Revisar,Medio
CLI-104536,Lima,4365.16,5262.37,790,0,29,44,Alto,2.0,0,0.08668513135840586,0,Aprobar,Bajo
CLI-104537,Piura,2205.35,3824.32,269,1,42,92,Alto,2.0,0,0.9387800693555487,1,Denegar/Revisar,Muy alto
CLI-104538,Lima,3101.89,1053.32,258,1,27,63,Medio,1.0,0,0.8809634140113003,1,Denegar/Revisar,Muy alto
CLI-104539,Lima,4485.88,1217.98,608,0,47,93,Bajo,0.0,1,0.1780510704290668,0,Aprobar,Bajo
CLI-104540,Lima,1025.0,5150.4,546,1,50,56,Bajo,0.0,1,0.6649754332355974,1,Denegar/Revisar,Alto
CLI-104541,Piura,4142.17,6490.49,765,0,42,180,Bajo,0.0,1,0.140738188266763,0,Aprobar,Bajo
CLI-104542,Lima,2288.13,493.8,181,1,18,0,Alto,2.0,0,0.9444363691383,1,Denegar/Revisar,Muy alto
CLI-104543,Lima,1025.0,829.56,156,1,27,25,Medio,1.0,0,0.9674883669294144,1,Denegar/Revisar,Muy alto
CLI-104544,Lima,4582.3,4563.62,618,0,46,129,Bajo,0.0,1,0.28105397478537075,1,Denegar/Revisar,Medio
CLI-104545,Loreto,3388.94,1970.55,211,1,39,84,Medio,1.0,0,0.9288782319037272,1,Denegar/Revisar,Muy alto
CLI-104546,Lima,3041.39,3313.97,147,1,18,1,Alto,2.0,0,0.9726896678021185,1,Denegar/Revisar,Muy alto
CLI-104547,Piura,4797.73,3816.13,691,0,53,194,Medio,1.0,1,0.133498448916505,0,Aprobar,Bajo
CLI-104548,Arequipa,4953.87,5988.07,986,0,41,209,Medio,1.0,1,0.014553251903657905,0,Aprobar,Bajo
CLI-104549,Arequipa,2343.15,6553.76,475,0,29,80,Medio,1.0,0,0.7864416229055917,1,Denegar/Revisar,Muy alto
CLI-104550,Cusco,5438.47,1314.55,927,0,51,225,Medio,1.0,1,0.008482459603476598,0,Aprobar,Bajo
CLI-104551,Lima,4105.36,3117.41,132,1,32,88,Alto,2.0,0,0.9684803369030508,1,Denegar/Revisar,Muy alto
CLI-104552,Lima,2077.29,527.38,603,0,31,24,Medio,1.0,0,0.24821843803039753,1,Denegar/Revisar,Bajo
CLI-104553,Loreto,5272.77,7381.03,726,0,44,13,Bajo,0.0,1,0.1798157944940359,0,Aprobar,Bajo
CLI-104554,Lima,4064.69,7468.9,995,0,59,263,Bajo,0.0,1,0.023153838000890582,0,Aprobar,Bajo
CLI-104555,Piura,3623.23,1423.88,102,1,57,76,Bajo,0.0,1,0.9695506588594448,1,Denegar/Revisar,Muy alto
CLI-104556,Arequipa,3897.93,700.37,585,0,43,174,Bajo,0.0,1,0.2164067583036399,1,Denegar/Revisar,Bajo
CLI-104557,Arequipa,3471.96,290.68,615,0,44,161,Medio,1.0,1,0.1687774008457127,0,Aprobar,Bajo
CLI-104558,Cusco,5242.82,3422.44,967,0,48,66,Bajo,0.0,1,0.009878827600397634,0,Aprobar,Bajo
CLI-104559,Cusco,3742.3,383.53,871,0,25,54,Alto,2.0,0,0.017978097861110622,0,Aprobar,Bajo
CLI-104560,Arequipa,4402.44,4565.18,141,1,46,80,Medio,1.0,1,0.9717778136795632,1,Denegar/Revisar,Muy alto
CLI-104561,Lima,4583.1,4534.39,108,1,31,9,Medio,1.0,0,0.9781222487609353,1,Denegar/Revisar,Muy alto
CLI-104562,Loreto,3515.39,3807.54,918,0,42,95,Alto,2.0,0,0.02495020211368164,0,Aprobar,Bajo
CLI-104563,Lima,3761.16,8368.02,756,0,37,59,Medio,1.0,0,0.21783805171187595,1,Denegar/Revisar,Bajo
CLI-104564,Lima,3354.78,1901.07,708,0,44,181,Medio,1.0,1,0.10914965613690988,0,Aprobar,Bajo
CLI-104565,Loreto,4836.88,9302.17,887,0,41,113,Medio,1.0,1,0.0717883345548546,0,Aprobar,Bajo
CLI-104566,Lima,4947.08,150.5,241,1,18,0,Alto,2.0,0,0.8293062696835225,1,Denegar/Revisar,Muy alto
CLI-104567,Lima,1776.65,478.55,889,0,40,54,Bajo,0.0,1,0.024289195029957602,0,Aprobar,Bajo
CLI-104568,Lima,1442.55,2125.51,535,0,45,255,Bajo,0.0,1,0.5132553581647568,1,Denegar/Revisar,Alto
CLI-104569,Loreto,3600.67,3605.54,126,1,44,69,Alto,2.0,0,0.975910554756534,1,Denegar/Revisar,Muy alto
CLI-104570,Piura,3062.9,131.65,142,1,38,81,Medio,1.0,0,0.9480522173278065,1,Denegar/Revisar,Muy alto
CLI-104571,Arequipa,1548.06,3352.09,230,1,56,38,Bajo,0.0,1,0.958859572775515,1,Denegar/Revisar,Muy alto
CLI-104572,Lima,3401.11,1469.2,315,1,42,19,Alto,2.0,0,0.8210906765089359,1,Denegar/Revisar,Muy alto
CLI-104573,Arequipa,2798.56,8726.67,705,1,43,129,Alto,2.0,0,0.3864410365288598,1,Denegar/Revisar,Medio
CLI-104574,Arequipa,3067.83,3048.14,619,1,50,84,Bajo,0.0,1,0.28551918639542684,1,Denegar/Revisar,Medio
CLI-104575,Lima,5798.44,3545.9,697,0,44,94,Medio,1.0,1,0.09832863602769874,0,Aprobar,Bajo
CLI-104576,Lima,2873.3,11647.17,444,1,29,44,Alto,2.0,0,0.9299248288666965,1,Denegar/Revisar,Muy alto
CLI-104577,Lima,3172.91,5778.59,607,1,18,0,Medio,1.0,0,0.4277808675847311,1,Denegar/Revisar,Medio
CLI-104578,Cusco,3560.7650000000003,2306.96,749,1,34,78,Bajo,0.0,1,0.08258979378477871,0,Aprobar,Bajo
CLI-104579,Piura,3660.39,2591.77,980,0,47,251,Alto,2.0,1,0.010585587762148957,0,Aprobar,Bajo
CLI-104580,Cusco,3459.47,4175.63,512,0,35,76,Medio,1.0,0,0.5486595513720852,1,Denegar/Revisar,Alto
CLI-104581,Lima,2352.64,893.57,345,1,47,93,Bajo,0.0,1,0.7964175900791997,1,Denegar/Revisar,Muy alto
CLI-104582,Arequipa,4464.69,371.32,548,0,41,21,Bajo,0.0,1,0.24220273916491225,1,Denegar/Revisar,Bajo
CLI-104583,Arequipa,3959.1,1491.43,120,1,53,253,Medio,1.0,1,0.9604470801792284,1,Denegar/Revisar,Muy alto
CLI-104584,Arequipa,5230.99,6027.21,507,0,36,8,Bajo,0.0,0,0.564784496254044,1,Denegar/Revisar,Alto
CLI-104585,Cusco,3558.51,1189.98,556,0,44,41,Bajo,0.0,1,0.30311107839564905,1,Denegar/Revisar,Medio
CLI-104586,Lima,3655.12,560.54,543,0,45,161,Bajo,0.0,1,0.29610365895668034,1,Denegar/Revisar,Medio
CLI-104587,Lima,4413.59,988.84,364,1,56,279,Bajo,0.0,1,0.6743022336624976,1,Denegar/Revisar,Alto
CLI-104588,Arequipa,4290.79,4544.92,759,0,20,9,Medio,1.0,0,0.09650008359394875,0,Aprobar,Bajo
CLI-104589,Arequipa,5045.16,3807.13,283,1,35,107,Medio,1.0,0,0.869631837572898,1,Denegar/Revisar,Muy alto
CLI-104590,Piura,3660.39,4663.05,326,1,48,73,Alto,2.0,0,0.8844124869538147,1,Denegar/Revisar,Muy alto
CLI-104591,Lima,7130.3,1554.18,903,0,57,44,Medio,1.0,1,0.007554230026146597,0,Aprobar,Bajo
CLI-104592,Piura,5170.57,9244.73,647,0,42,108,Medio,1.0,1,0.4018677560019976,1,Denegar/Revisar,Medio
CLI-104593,Lima,1025.0,2404.24,345,1,35,140,Alto,2.0,0,0.8798650380762243,1,Denegar/Revisar,Muy alto
CLI-104594,Lima,2246.44,2883.83,172,1,47,129,Bajo,0.0,1,0.9686867735541931,1,Denegar/Revisar,Muy alto
CLI-104595,Piura,1025.0,11888.69,249,1,48,210,Medio,1.0,1,0.992280158634311,1,Denegar/Revisar,Muy alto
CLI-104596,Arequipa,2765.77,12653.938750000001,612,1,35,178,Alto,2.0,0,0.7681446407328718,1,Denegar/Revisar,Muy alto
CLI-104597,Lima,3655.12,4333.43,168,1,43,62,Bajo,0.0,1,0.9691919168915334,1,Denegar/Revisar,Muy alto
CLI-104598,Lima,5611.09,11588.13,904,1,53,70,Medio,1.0,1,0.08196821391900182,0,Aprobar,Bajo
CLI-104599,Lima,2498.52,3119.24,329,1,59,162,Bajo,0.0,1,0.8754821394091913,1,Denegar/Revisar,Muy alto
CLI-104600,Lima,3655.12,1468.53,822,0,47,112,Medio,1.0,1,0.03455910665690799,0,Aprobar,Bajo
CLI-104601,Arequipa,1839.2,1513.89,171,1,39,103,Alto,2.0,0,0.9625459528823466,1,Denegar/Revisar,Muy alto
CLI-104602,Cusco,4015.28,3274.3,974,0,39,45,Medio,1.0,0,0.011452524534728519,0,Aprobar,Bajo
CLI-104603,Lima,2054.43,3715.84,707,0,44,12,Bajo,0.0,1,0.20316911660225165,1,Denegar/Revisar,Bajo
CLI-104604,Arequipa,5658.82,2316.54,496,0,39,63,Alto,2.0,0,0.37305765183024936,1,Denegar/Revisar,Medio
CLI-104605,Loreto,5233.51,8608.79,183,1,42,96,Medio,1.0,1,0.9782495525002202,1,Denegar/Revisar,Muy alto
CLI-104606,Loreto,3979.81,2225.36,839,0,27,73,Medio,1.0,0,0.032142712136231,0,Aprobar,Bajo
CLI-104607,Lima,1075.0,1277.65,398,0,52,130,Bajo,0.0,1,0.7763367669064528,1,Denegar/Revisar,Muy alto
CLI-104608,Cusco,3881.72,32.06,847,0,27,88,Alto,2.0,0,0.02019546376898924,0,Aprobar,Bajo
CLI-104609,Lima,3632.23,12653.938750000001,392,1,34,118,Alto,2.0,0,0.9552380127540164,1,Denegar/Revisar,Muy alto
CLI-104610,Lima,3213.71,6956.21,833,0,40,125,Alto,2.0,0,0.10590433608720617,0,Aprobar,Bajo
CLI-104611,Lima,6670.28,3823.87,322,0,62,311,Medio,1.0,1,0.7610222860387379,1,Denegar/Revisar,Muy alto
CLI-104612,Lima,7022.01,7100.61,892,0,36,172,Alto,2.0,0,0.02819695934271457,0,Aprobar,Bajo
CLI-104613,Lima,1540.77,6649.02,832,1,31,26,Alto,2.0,0,0.14178081787014607,0,Aprobar,Bajo
CLI-104614,Lima,1399.29,10744.22,315,1,32,93,Medio,1.0,0,0.9803248493612146,1,Denegar/Revisar,Muy alto
CLI-104615,Lima,3848.08,1951.48,330,0,57,285,Medio,1.0,1,0.7929324764715338,1,Denegar/Revisar,Muy alto
CLI-104616,Loreto,1900.18,3237.4,504,0,18,0,Alto,2.0,0,0.6159673765382638,1,Denegar/Revisar,Alto
CLI-104617,Loreto,3310.36,415.35,268,1,28,40,Medio,1.0,0,0.848729725715652,1,Denegar/Revisar,Muy alto
CLI-104618,Lima,3372.06,12653.938750000001,428,1,69,368,Bajo,0.0,1,0.9417645058215398,1,Denegar/Revisar,Muy alto
CLI-104619,Loreto,3490.65,12653.938750000001,525,1,45,145,Medio,1.0,1,0.8590370237866224,1,Denegar/Revisar,Muy alto
CLI-104620,Loreto,5334.2,6225.19,653,0,28,66,Alto,2.0,0,0.2514030710112554,1,Denegar/Revisar,Medio
CLI-104621,Arequipa,6949.13,2421.43,869,0,40,112,Bajo,0.0,1,0.013447246066066948,0,Aprobar,Bajo
CLI-104622,Lima,3655.12,2745.22,295,1,40,106,Bajo,0.0,1,0.8723510230507517,1,Denegar/Revisar,Muy alto
CLI-104623,Arequipa,3638.81,2286.32,707,1,48,146,Alto,2.0,1,0.11546031447234267,0,Aprobar,Bajo
CLI-104624,Cusco,4571.83,1388.66,928,0,60,197,Bajo,0.0,1,0.010821004026707175,0,Aprobar,Bajo
CLI-104625,Arequipa,2873.77,3001.34,625,0,43,148,Medio,1.0,1,0.27351360268189234,1,Denegar/Revisar,Medio
CLI-104626,Lima,6936.41,219.71,724,0,34,71,Alto,2.0,0,0.03238197417964293,0,Aprobar,Bajo
CLI-104627,Piura,3891.74,12653.938750000001,176,1,48,44,Alto,2.0,0,0.9934820278961413,1,Denegar/Revisar,Muy alto
CLI-104628,Piura,3660.39,2206.94,376,1,31,83,Alto,2.0,0,0.7402286377201139,1,Denegar/Revisar,Alto
CLI-104629,Piura,4604.41,10489.32,565,1,28,87,Alto,2.0,0,0.690880294434337,1,Denegar/Revisar,Alto
CLI-104630,Lima,3536.46,5153.35,547,1,20,11,Alto,2.0,0,0.5234886515783869,1,Denegar/Revisar,Alto
CLI-104631,Lima,5216.08,1369.64,419,0,22,12,Alto,2.0,0,0.5264673526992463,1,Denegar/Revisar,Alto
CLI-104632,Loreto,2161.67,1004.39,259,1,29,66,Alto,2.0,0,0.9036560795991639,1,Denegar/Revisar,Muy alto
CLI-104633,Loreto,5122.06,12653.938750000001,591,1,27,74,Alto,2.0,0,0.7001692829871806,1,Denegar/Revisar,Alto
CLI-104634,Lima,5712.0,5915.86,412,0,43,11,Medio,1.0,0,0.7267455375998241,1,Denegar/Revisar,Alto
CLI-104635,Cusco,2739.08,1148.92,730,0,25,18,Alto,2.0,0,0.09251320127420734,0,Aprobar,Bajo
CLI-104636,Lima,3526.49,279.31,260,1,18,0,Alto,2.0,0,0.853124671824549,1,Denegar/Revisar,Muy alto
CLI-104637,Arequipa,3938.83,4774.99,407,1,28,15,Alto,2.0,0,0.7745310288916135,1,Denegar/Revisar,Muy alto
CLI-104638,Arequipa,2812.23,1443.97,962,0,33,94,Medio,1.0,0,0.011511428113421707,0,Aprobar,Bajo
CLI-104639,Loreto,1025.0,1000.68,245,1,31,116,Alto,2.0,0,0.9329447213834193,1,Denegar/Revisar,Muy alto
CLI-104640,Cusco,2674.0,5311.16,774,1,55,146,Medio,1.0,1,0.13699653286190586,0,Aprobar,Bajo
CLI-104641,Lima,3655.12,4548.51,495,1,32,21,Medio,1.0,0,0.5958201322741803,1,Denegar/Revisar,Alto
CLI-104642,Loreto,4708.3,2626.59,790,0,49,135,Alto,2.0,1,0.04783140542443351,0,Aprobar,Bajo
CLI-104643,Lima,2321.57,11434.74,188,1,38,130,Alto,2.0,0,0.9937580510569994,1,Denegar/Revisar,Muy alto
CLI-104644,Arequipa,7063.96,4553.22,834,0,40,84,Alto,2.0,0,0.028098063777795078,0,Aprobar,Bajo
CLI-104645,Arequipa,5793.26,8955.42,877,0,31,85,Medio,1.0,0,0.05947522866707981,0,Aprobar,Bajo
CLI-104646,Arequipa,4879.02,845.62,850,0,39,99,Bajo,0.0,1,0.018530347766802898,0,Aprobar,Bajo
CLI-104647,Lima,2668.33,1407.58,407,1,30,74,Alto,2.0,0,0.6937556878856781,1,Denegar/Revisar,Alto
CLI-104648,Loreto,3894.75,441.58,645,0,41,175,Bajo,0.0,1,0.12971314007346435,0,Aprobar,Bajo
CLI-104649,Lima,5092.33,1452.96,470,0,37,146,Medio,1.0,1,0.4098397784814697,1,Denegar/Revisar,Medio
CLI-104650,Lima,4980.02,12653.938750000001,550,1,29,74,Alto,2.0,0,0.7800021971451944,1,Denegar/Revisar,Muy alto
CLI-104651,Arequipa,4395.8,12653.938750000001,266,1,50,303,Medio,1.0,1,0.9824832896740681,1,Denegar/Revisar,Muy alto
CLI-104652,Lima,3026.5,5714.91,491,1,43,102,Medio,1.0,1,0.693768159703921,1,Denegar/Revisar,Alto
CLI-104653,Loreto,3187.66,2944.62,736,0,34,74,Medio,1.0,0,0.10880950569047572,0,Aprobar,Bajo
CLI-104654,Lima,2028.94,6070.71,835,1,40,83,Medio,1.0,0,0.10884346432136315,0,Aprobar,Bajo
CLI-104655,Lima,4472.82,3225.15,590,0,38,92,Medio,1.0,0,0.27441843952015993,1,Denegar/Revisar,Medio
CLI-104656,Loreto,1025.0,14.06,249,1,28,85,Medio,1.0,0,0.9128119379930333,1,Denegar/Revisar,Muy alto
CLI-104657,Piura,3610.73,2784.98,567,0,40,117,Bajo,0.0,1,0.3518327746537754,1,Denegar/Revisar,Medio
CLI-104658,Lima,3469.61,3654.41,800,0,32,101,Alto,2.0,0,0.07041188750301683,0,Aprobar,Bajo
CLI-104659,Arequipa,3117.7,1235.61,142,1,28,29,Alto,2.0,0,0.9594209423510097,1,Denegar/Revisar,Muy alto
CLI-104660,Piura,4504.33,909.08,128,1,21,21,Alto,2.0,0,0.9480287947983858,1,Denegar/Revisar,Muy alto
CLI-104661,Piura,6476.48,1279.77,973,0,36,116,Alto,2.0,0,0.004485183551588084,0,Aprobar,Bajo
CLI-104662,Lima,5015.58,3908.71,731,1,46,61,Medio,1.0,1,0.09307891074719937,0,Aprobar,Bajo
CLI-104663,Loreto,3249.62,7579.16,948,0,31,104,Medio,1.0,0,0.04199370818708415,0,Aprobar,Bajo
CLI-104664,Loreto,2726.5,5096.56,130,1,66,116,Alto,2.0,1,0.9849586957972263,1,Denegar/Revisar,Muy alto
CLI-104665,Arequipa,2773.35,2197.4,792,0,48,65,Bajo,0.0,1,0.06589845382679169,0,Aprobar,Bajo
CLI-104666,Lima,3064.68,1743.79,773,0,53,249,Medio,1.0,1,0.06445794416993735,0,Aprobar,Bajo
CLI-104667,Loreto,3677.63,6585.06,227,1,48,111,Medio,1.0,1,0.9653441927760693,1,Denegar/Revisar,Muy alto
CLI-104668,Arequipa,2770.69,2821.39,866,0,59,221,Medio,1.0,1,0.03726431170002755,0,Aprobar,Bajo
CLI-104669,Arequipa,2604.39,1901.84,393,1,30,23,Alto,2.0,0,0.7442708625347318,1,Denegar/Revisar,Alto
CLI-104670,Lima,1975.32,8420.01,540,0,18,0,Medio,1.0,0,0.7637461165998314,1,Denegar/Revisar,Muy alto
CLI-104671,Loreto,5423.45,1837.06,968,0,35,67,Medio,1.0,0,0.006483306594367092,0,Aprobar,Bajo
CLI-104672,Arequipa,2933.18,7835.99,487,0,45,65,Alto,2.0,0,0.7963112716093426,1,Denegar/Revisar,Muy alto
CLI-104673,Lima,1025.0,2806.32,865,0,40,65,Medio,1.0,0,0.055175984770363076,0,Aprobar,Bajo
CLI-104674,Lima,6432.46,932.81,741,0,43,140,Alto,2.0,0,0.03594437625919069,0,Aprobar,Bajo
CLI-104675,Loreto,5266.07,3795.44,623,1,54,295,Bajo,0.0,1,0.21298328133788694,1,Denegar/Revisar,Bajo
CLI-104676,Lima,1025.0,1343.7,646,0,42,93,Medio,1.0,1,0.25068849631182377,1,Denegar/Revisar,Medio
CLI-104677,Cusco,5220.25,636.71,809,0,48,138,Bajo,0.0,1,0.02393180878685843,0,Aprobar,Bajo
CLI-104678,Arequipa,6502.05,362.02,859,0,30,89,Alto,2.0,0,0.010636084749308248,0,Aprobar,Bajo
CLI-104679,Piura,2638.31,1106.69,209,1,27,42,Alto,2.0,0,0.9320473154369899,1,Denegar/Revisar,Muy alto
CLI-104680,Lima,3577.55,5335.64,427,1,57,159,Bajo,0.0,1,0.7770731874785052,1,Denegar/Revisar,Muy alto
CLI-104681,Lima,3655.12,12653.938750000001,504,1,40,51,Medio,1.0,0,0.8771968887922421,1,Denegar/Revisar,Muy alto
CLI-104682,Cusco,3967.61,7913.92,344,1,32,45,Alto,2.0,0,0.922819612904145,1,Denegar/Revisar,Muy alto
CLI-104683,Lima,5771.76,1259.66,861,0,33,97,Alto,2.0,0,0.014882938877423648,0,Aprobar,Bajo
CLI-104684,Arequipa,2667.36,4326.7,977,0,31,55,Alto,2.0,0,0.019595593650341105,0,Aprobar,Bajo
CLI-104685,Lima,3296.76,1047.3,928,0,31,33,Medio,1.0,0,0.012995269750904292,0,Aprobar,Bajo
CLI-104686,Lima,3176.47,3899.52,262,1,25,48,Alto,2.0,0,0.9299756219865185,1,Denegar/Revisar,Muy alto
CLI-104687,Lima,4283.33,8728.95,659,1,23,36,Alto,2.0,0,0.40737574652370756,1,Denegar/Revisar,Medio
CLI-104688,Piura,4107.18,167.01,498,0,37,144,Medio,1.0,1,0.3384364189785325,1,Denegar/Revisar,Medio
CLI-104689,Cusco,3575.22,12653.938750000001,682,0,32,48,Medio,1.0,0,0.5780793324920511,1,Denegar/Revisar,Alto
CLI-104690,Lima,2172.91,7019.89,498,1,51,262,Bajo,0.0,1,0.7797609376950269,1,Denegar/Revisar,Muy alto
CLI-104691,Lima,5161.89,5736.26,592,1,43,97,Bajo,0.0,1,0.3584307560523674,1,Denegar/Revisar,Medio
CLI-104692,Lima,2157.53,4702.36,745,0,41,91,Medio,1.0,1,0.17120024710530568,0,Aprobar,Bajo
CLI-104693,Piura,3660.39,5883.47,338,1,31,78,Medio,1.0,0,0.8948790756059533,1,Denegar/Revisar,Muy alto
CLI-104694,Lima,3654.72,12653.938750000001,564,1,38,87,Medio,1.0,0,0.8027212045199245,1,Denegar/Revisar,Muy alto
CLI-104695,Loreto,4585.71,5882.03,679,0,43,111,Alto,2.0,0,0.22551090279997701,1,Denegar/Revisar,Bajo
CLI-104696,Piura,3840.19,1732.99,889,0,47,187,Bajo,0.0,1,0.019703797781942027,0,Aprobar,Bajo
CLI-104697,Piura,3660.39,3806.86,131,0,38,71,Alto,2.0,0,0.9754778600498408,1,Denegar/Revisar,Muy alto
CLI-104698,Lima,4820.18,1643.46,222,1,51,237,Bajo,0.0,1,0.8912615836510357,1,Denegar/Revisar,Muy alto
CLI-104699,Cusco,2831.76,12653.938750000001,633,1,39,87,Medio,1.0,0,0.720525681703835,1,Denegar/Revisar,Alto
CLI-104700,Lima,4619.36,9215.93,766,0,48,151,Alto,2.0,1,0.20526480782166856,1,Denegar/Revisar,Bajo
CLI-104701,Lima,3287.26,3353.8,209,1,33,19,Medio,1.0,0,0.9480468852000883,1,Denegar/Revisar,Muy alto
CLI-104702,Arequipa,2728.5,6079.74,370,1,19,6,Alto,2.0,0,0.8945005031162981,1,Denegar/Revisar,Muy alto
CLI-104703,Piura,1025.0,9617.89,479,1,41,13,Alto,2.0,0,0.9052983978439577,1,Denegar/Revisar,Muy alto
CLI-104704,Lima,3829.28,1116.74,399,0,47,154,Medio,1.0,1,0.6279635520691974,1,Denegar/Revisar,Alto
CLI-104705,Lima,4648.1,3465.07,726,0,46,90,Medio,1.0,1,0.09637889328585474,0,Aprobar,Bajo
CLI-104706,Arequipa,5792.92,2628.93,831,0,44,233,Bajo,0.0,1,0.0259104001159057,0,Aprobar,Bajo
CLI-104707,Lima,3679.44,5906.48,841,0,35,60,Alto,2.0,0,0.07323135628192189,0,Aprobar,Bajo
CLI-104708,Loreto,3225.4,1906.23,863,0,30,44,Alto,2.0,0,0.029773878506858954,0,Aprobar,Bajo
CLI-104709,Piura,1824.15,4937.45,348,1,44,154,Alto,2.0,0,0.9099111673913567,1,Denegar/Revisar,Muy alto
CLI-104710,Lima,1025.0,2063.31,620,1,43,121,Alto,2.0,0,0.3406077788854842,1,Denegar/Revisar,Medio
CLI-104711,Lima,2158.92,470.97,133,1,32,29,Medio,1.0,0,0.9633858528799369,1,Denegar/Revisar,Muy alto
CLI-104712,Lima,3655.12,453.22,327,0,51,139,Alto,2.0,1,0.7572539324338751,1,Denegar/Revisar,Muy alto
CLI-104713,Arequipa,5774.41,507.05,684,0,30,26,Alto,2.0,0,0.063465758503007,0,Aprobar,Bajo
CLI-104714,Piura,2007.72,132.24,498,0,32,21,Alto,2.0,0,0.4620812659885248,1,Denegar/Revisar,Medio
CLI-104715,Lima,3551.97,3045.47,912,0,57,257,Bajo,0.0,1,0.022340777141964644,0,Aprobar,Bajo
CLI-104716,Piura,3364.46,4457.78,823,0,48,207,Bajo,0.0,1,0.06900465648653288,0,Aprobar,Bajo
CLI-104717,Cusco,5963.8,542.03,683,0,36,61,Medio,1.0,0,0.05967307212892022,0,Aprobar,Bajo
CLI-104718,Lima,7174.8,3785.54,669,0,44,53,Alto,2.0,0,0.10123723171003915,0,Aprobar,Bajo
CLI-104719,Cusco,3272.69,3642.63,319,1,41,96,Bajo,0.0,1,0.8781499975471797,1,Denegar/Revisar,Muy alto
CLI-104720,Lima,3835.5,636.42,470,0,18,0,Alto,2.0,0,0.44844667298482604,1,Denegar/Revisar,Medio
CLI-104721,Lima,5052.59,2070.61,886,0,30,85,Alto,2.0,0,0.016481008880892885,0,Aprobar,Bajo
CLI-104722,Lima,4196.22,5628.2,860,0,39,67,Medio,1.0,0,0.050522974880045035,0,Aprobar,Bajo
CLI-104723,Lima,4176.98,67.59,627,0,35,46,Bajo,0.0,1,0.13249087397162984,0,Aprobar,Bajo
CLI-104724,Lima,2920.26,635.74,174,1,41,30,Bajo,0.0,1,0.9416964737214312,1,Denegar/Revisar,Muy alto
CLI-104725,Lima,4650.95,12653.938750000001,717,1,52,157,Medio,1.0,1,0.43461374235835526,1,Denegar/Revisar,Medio
CLI-104726,Cusco,1025.0,5290.2,235,0,34,80,Alto,2.0,0,0.9742321394490152,1,Denegar/Revisar,Muy alto
CLI-104727,Loreto,2126.78,2495.46,173,1,27,27,Bajo,0.0,0,0.9666979755299088,1,Denegar/Revisar,Muy alto
CLI-104728,Arequipa,1430.91,3974.86,353,1,42,66,Medio,1.0,0,0.8923647502995966,1,Denegar/Revisar,Muy alto
CLI-104729,Lima,3769.14,7488.95,117,1,35,124,Alto,2.0,0,0.9897182782445867,1,Denegar/Revisar,Muy alto
CLI-104730,Lima,1605.59,7388.36,142,1,36,38,Bajo,0.0,1,0.9919445824324287,1,Denegar/Revisar,Muy alto
CLI-104731,Lima,1025.0,1570.4,149,1,35,180,Alto,2.0,0,0.9747587157531863,1,Denegar/Revisar,Muy alto
CLI-104732,Arequipa,1045.42,2703.52,614,0,63,293,Medio,1.0,1,0.3746498660797619,1,Denegar/Revisar,Medio
CLI-104733,Cusco,4860.06,4065.05,843,0,18,1,Alto,2.0,0,0.038431852028898005,0,Aprobar,Bajo
CLI-104734,Lima,2766.87,298.45,830,0,34,61,Alto,2.0,0,0.032062811302896954,0,Aprobar,Bajo
CLI-104735,Lima,3632.73,11660.05,670,1,39,19,Alto,2.0,0,0.5724754451844735,1,Denegar/Revisar,Alto
CLI-104736,Piura,6664.32,2267.76,895,0,32,111,Medio,1.0,0,0.010516964581542816,0,Aprobar,Bajo
CLI-104737,Lima,4888.77,1853.62,913,0,49,111,Medio,1.0,1,0.012266915702589112,0,Aprobar,Bajo
CLI-104738,Lima,3084.81,9504.94,675,0,48,50,Medio,1.0,1,0.4696831138673432,1,Denegar/Revisar,Medio
CLI-104739,Piura,2099.26,503.55,681,1,38,112,Alto,2.0,0,0.14045784887869575,0,Aprobar,Bajo
CLI-104740,Arequipa,3638.81,160.21,402,1,36,107,Medio,1.0,0,0.5835927182448104,1,Denegar/Revisar,Alto
CLI-104741,Lima,2788.35,4620.76,241,1,37,16,Medio,1.0,0,0.9519927787826562,1,Denegar/Revisar,Muy alto
CLI-104742,Lima,3969.88,1944.55,301,1,38,162,Bajo,0.0,1,0.8352765796790449,1,Denegar/Revisar,Muy alto
CLI-104743,Cusco,1025.0,5783.77,306,1,37,85,Alto,2.0,0,0.9556684488440019,1,Denegar/Revisar,Muy alto
CLI-104744,Lima,5234.18,284.03,514,0,38,100,Alto,2.0,0,0.26528469221154904,1,Denegar/Revisar,Medio
CLI-104745,Lima,1025.0,1936.46,320,0,41,64,Bajo,0.0,1,0.8934890457727738,1,Denegar/Revisar,Muy alto
CLI-104746,Lima,3655.12,1073.22,461,1,47,116,Alto,2.0,0,0.502895136735187,1,Denegar/Revisar,Alto
CLI-104747,Lima,6298.98,5382.25,857,0,27,21,Alto,2.0,0,0.03208586918608388,0,Aprobar,Bajo
CLI-104748,Lima,1025.0,1030.79,180,1,26,29,Medio,1.0,0,0.9612260629134249,1,Denegar/Revisar,Muy alto
CLI-104749,Loreto,4093.79,2449.55,862,0,20,9,Alto,2.0,0,0.027618063749566237,0,Aprobar,Bajo
CLI-104750,Lima,3411.86,6834.33,662,0,48,41,Bajo,0.0,1,0.3541456718258358,1,Denegar/Revisar,Medio
CLI-104751,Lima,3655.12,9878.84,384,1,42,67,Medio,1.0,0,0.927911644259529,1,Denegar/Revisar,Muy alto
CLI-104752,Arequipa,3970.3,5129.26,468,0,45,124,Medio,1.0,1,0.6661611759581382,1,Denegar/Revisar,Alto
CLI-104753,Piura,3704.62,2243.06,591,1,23,16,Medio,1.0,0,0.26681380613862915,1,Denegar/Revisar,Medio
CLI-104754,Loreto,2479.99,3394.4,995,0,58,343,Medio,1.0,1,0.013742700313884502,0,Aprobar,Bajo
CLI-104755,Loreto,3535.96,4680.73,445,0,32,73,Medio,1.0,0,0.7135514470178642,1,Denegar/Revisar,Alto
CLI-104756,Lima,3078.54,8315.61,303,1,41,54,Alto,2.0,0,0.9591851059491677,1,Denegar/Revisar,Muy alto
CLI-104757,Arequipa,2657.68,8777.58,124,1,48,272,Alto,2.0,1,0.9935129032638438,1,Denegar/Revisar,Muy alto
CLI-104758,Lima,6933.01,10692.83,652,0,29,84,Alto,2.0,0,0.3753686598876739,1,Denegar/Revisar,Medio
CLI-104759,Cusco,4842.14,6657.92,168,1,33,71,Bajo,0.0,1,0.9750142248048429,1,Denegar/Revisar,Muy alto
CLI-104760,Lima,6470.74,635.04,615,0,42,89,Medio,1.0,1,0.09819558292068016,0,Aprobar,Bajo
CLI-104761,Cusco,4198.14,5507.59,591,1,70,293,Bajo,0.0,1,0.40192229260401446,1,Denegar/Revisar,Medio
CLI-104762,Arequipa,5856.01,6740.79,339,0,43,82,Alto,2.0,0,0.8632153498862458,1,Denegar/Revisar,Muy alto
CLI-104763,Lima,2136.0,8410.72,460,1,56,178,Bajo,0.0,1,0.872476462499419,1,Denegar/Revisar,Muy alto
CLI-104764,Piura,3041.15,10351.31,540,1,52,93,Medio,1.0,1,0.7914806240708897,1,Denegar/Revisar,Muy alto
CLI-104765,Cusco,1889.78,2846.55,130,1,42,168,Alto,2.0,0,0.9801749458769943,1,Denegar/Revisar,Muy alto
CLI-104766,Loreto,3752.15,4257.92,998,0,28,10,Alto,2.0,0,0.012420592966472065,0,Aprobar,Bajo
CLI-104767,Lima,4017.95,38.39,728,0,51,29,Alto,2.0,0,0.05754909386364805,0,Aprobar,Bajo
CLI-104768,Arequipa,4417.95,3401.86,806,0,23,17,Alto,2.0,0,0.051658767303705624,0,Aprobar,Bajo
CLI-104769,Lima,4548.49,2563.72,701,1,57,162,Bajo,0.0,1,0.10599148770379925,0,Aprobar,Bajo
CLI-104770,Lima,6694.98,12653.938750000001,789,0,42,108,Alto,2.0,0,0.2019272031980657,1,Denegar/Revisar,Bajo
CLI-104771,Lima,1725.05,9279.3,756,0,18,0,Alto,2.0,0,0.360103572034869,1,Denegar/Revisar,Medio
CLI-104772,Lima,2318.13,6390.12,813,0,35,47,Alto,2.0,0,0.13500676586171564,0,Aprobar,Bajo
CLI-104773,Loreto,1025.0,234.73,421,1,45,97,Bajo,0.0,1,0.6942442754574748,1,Denegar/Revisar,Alto
CLI-104774,Lima,2123.04,2056.85,443,0,36,66,Alto,2.0,0,0.6777982709383131,1,Denegar/Revisar,Alto
CLI-104775,Loreto,3461.75,4763.47,814,0,47,43,Medio,1.0,1,0.07487191199506756,0,Aprobar,Bajo
CLI-104776,Lima,2722.37,120.44,635,0,29,69,Alto,2.0,0,0.16721887247670433,0,Aprobar,Bajo
CLI-104777,Lima,1699.58,1075.78,454,0,24,40,Medio,1.0,0,0.6208299062037563,1,Denegar/Revisar,Alto
CLI-104778,Lima,3773.61,8739.46,570,0,38,101,Medio,1.0,0,0.6322976243785244,1,Denegar/Revisar,Alto
CLI-104779,Lima,3655.12,556.04,204,1,39,104,Alto,2.0,0,0.9099679991716741,1,Denegar/Revisar,Muy alto
CLI-104780,Lima,2944.9,210.96,886,0,35,17,Medio,1.0,0,0.017445583215490747,0,Aprobar,Bajo
CLI-104781,Lima,3568.58,3475.58,421,1,52,65,Bajo,0.0,1,0.7138670230900385,1,Denegar/Revisar,Alto
CLI-104782,Piura,2982.21,11709.65,671,1,29,33,Medio,1.0,0,0.6000125092305215,1,Denegar/Revisar,Alto
CLI-104783,Lima,6198.79,7198.15,982,0,43,82,Alto,2.0,0,0.015178254789702956,0,Aprobar,Bajo
CLI-104784,Lima,3506.56,12653.938750000001,626,1,40,195,Alto,2.0,0,0.7098462826057432,1,Denegar/Revisar,Alto
CLI-104785,Lima,3181.05,5601.95,603,0,22,32,Alto,2.0,0,0.4368152949571485,1,Denegar/Revisar,Medio
CLI-104786,Loreto,3260.31,2300.53,184,1,24,9,Alto,2.0,0,0.9507754396868773,1,Denegar/Revisar,Muy alto
CLI-104787,Cusco,1107.29,11721.01,808,0,38,83,Alto,2.0,0,0.4004188846291162,1,Denegar/Revisar,Medio
CLI-104788,Lima,4988.33,2224.92,334,1,61,138,Bajo,0.0,1,0.757094022465989,1,Denegar/Revisar,Muy alto
CLI-104789,Lima,5587.35,1723.71,955,0,46,8,Alto,2.0,0,0.007149373006797371,0,Aprobar,Bajo
CLI-104790,Lima,2034.4,2378.25,362,1,19,6,Alto,2.0,0,0.8308925038417491,1,Denegar/Revisar,Muy alto
CLI-104791,Cusco,1025.0,6727.47,105,1,18,0,Alto,2.0,0,0.9942658533692658,1,Denegar/Revisar,Muy alto
CLI-104792,Lima,3655.12,9989.22,593,0,47,170,Alto,2.0,1,0.6584141155140554,1,Denegar/Revisar,Alto
CLI-104793,Lima,2369.08,1770.69,992,0,37,200,Alto,2.0,0,0.010729698522822836,0,Aprobar,Bajo
CLI-104794,Lima,1025.0,2481.43,388,1,50,168,Bajo,0.0,1,0.8325873729110793,1,Denegar/Revisar,Muy alto
CLI-104795,Lima,1674.39,9143.99,669,0,29,48,Medio,1.0,0,0.5463461370585957,1,Denegar/Revisar,Alto
CLI-104796,Lima,1025.0,192.74,756,0,42,39,Bajo,0.0,1,0.08855375038523766,0,Aprobar,Bajo
CLI-104797,Arequipa,3908.58,6127.48,977,0,48,272,Bajo,0.0,1,0.02144937100860035,0,Aprobar,Bajo
CLI-104798,Lima,3601.17,2422.14,653,0,34,36,Medio,1.0,0,0.177900221988309,0,Aprobar,Bajo
CLI-104799,Piura,3660.39,1889.74,449,0,34,17,Alto,2.0,0,0.573309173211331,1,Denegar/Revisar,Alto
CLI-104800,Lima,4578.63,2369.02,299,1,40,197,Bajo,0.0,1,0.830706558557576,1,Denegar/Revisar,Muy alto
CLI-104801,Lima,2969.01,2169.89,785,0,45,225,Bajo,0.0,1,0.06679384889913545,0,Aprobar,Bajo
CLI-104802,Cusco,4120.52,5652.5,996,0,39,107,Alto,2.0,0,0.015548787463772265,0,Aprobar,Bajo
CLI-104803,Lima,5022.64,10521.44,434,1,50,194,Alto,2.0,1,0.8746669612121447,1,Denegar/Revisar,Muy alto
CLI-104804,Loreto,3239.25,2704.81,706,0,34,85,Alto,2.0,0,0.1363825766309081,0,Aprobar,Bajo
CLI-104805,Piura,3387.88,7152.67,316,1,24,19,Medio,1.0,0,0.9357896830622948,1,Denegar/Revisar,Muy alto
CLI-104806,Lima,3035.08,5266.25,722,0,60,163,Medio,1.0,1,0.1906290752776344,0,Aprobar,Bajo
CLI-104807,Cusco,3462.86,1605.98,452,1,32,21,Alto,2.0,0,0.5629472728800724,1,Denegar/Revisar,Alto
CLI-104808,Lima,4207.53,3540.27,791,0,33,155,Medio,1.0,1,0.06123951396510735,0,Aprobar,Bajo
CLI-104809,Loreto,3524.62,4396.24,774,0,38,128,Medio,1.0,1,0.09699570809846689,0,Aprobar,Bajo
CLI-104810,Lima,5558.86,95.12,730,0,40,40,Alto,2.0,0,0.04069192169916561,0,Aprobar,Bajo
CLI-104811,Loreto,2051.54,2016.43,424,1,34,125,Alto,2.0,0,0.717067852662342,1,Denegar/Revisar,Alto
CLI-104812,Lima,4673.01,12653.938750000001,1000,0,39,156,Alto,2.0,0,0.05292639561835853,0,Aprobar,Bajo
CLI-104813,Piura,5829.25,12653.938750000001,327,1,39,93,Alto,2.0,0,0.9593226804739629,1,Denegar/Revisar,Muy alto
CLI-104814,Arequipa,3454.95,1627.33,244,1,41,132,Medio,1.0,1,0.8977265317193235,1,Denegar/Revisar,Muy alto
CLI-104815,Cusco,3560.7650000000003,1150.86,407,1,18,0,Alto,2.0,0,0.6356281056062891,1,Denegar/Revisar,Alto
CLI-104816,Cusco,3560.7650000000003,940.27,753,1,60,71,Bajo,0.0,1,0.06100712974250474,0,Aprobar,Bajo
CLI-104817,Loreto,7614.04,2054.26,733,0,39,154,Medio,1.0,1,0.03591741638394863,0,Aprobar,Bajo
CLI-104818,Loreto,3326.84,859.04,384,1,45,129,Medio,1.0,1,0.6740077846354957,1,Denegar/Revisar,Alto
CLI-104819,Lima,4672.43,580.96,491,0,24,60,Alto,2.0,0,0.3520905712141126,1,Denegar/Revisar,Medio
CLI-104820,Lima,3655.12,1810.62,837,0,34,79,Medio,1.0,0,0.03234605525193569,0,Aprobar,Bajo
CLI-104821,Lima,3831.18,3735.78,459,1,32,135,Alto,2.0,0,0.634549172236886,1,Denegar/Revisar,Alto
CLI-104822,Lima,4118.62,633.17,868,0,55,299,Bajo,0.0,1,0.017864416850525675,0,Aprobar,Bajo
CLI-104823,Lima,2764.93,181.43,896,0,32,150,Alto,2.0,0,0.01710938363243786,0,Aprobar,Bajo
CLI-104824,Piura,3588.94,140.99,264,1,47,216,Alto,2.0,1,0.8426522290676135,1,Denegar/Revisar,Muy alto
CLI-104825,Lima,2329.48,1244.54,832,0,31,75,Alto,2.0,0,0.04209019739535215,0,Aprobar,Bajo
CLI-104826,Arequipa,3391.34,843.54,680,0,34,155,Bajo,0.0,1,0.11607582782024918,0,Aprobar,Bajo
CLI-104827,Lima,7207.55,3099.65,920,0,38,7,Alto,2.0,0,0.009097638401278462,0,Aprobar,Bajo
CLI-104828,Lima,3038.05,2433.17,323,0,53,135,Bajo,0.0,1,0.8502456629325685,1,Denegar/Revisar,Muy alto
CLI-104829,Piura,1561.14,1570.79,223,1,18,0,Medio,1.0,0,0.9424981502889885,1,Denegar/Revisar,Muy alto
CLI-104830,Arequipa,3747.33,7172.07,443,0,25,37,Alto,2.0,0,0.809540656213218,1,Denegar/Revisar,Muy alto
CLI-104831,Arequipa,3569.63,2812.36,950,0,18,0,Medio,1.0,0,0.014385692819160552,0,Aprobar,Bajo
CLI-104832,Piura,3908.92,383.97,623,0,27,52,Alto,2.0,0,0.15283032255766327,0,Aprobar,Bajo
CLI-104833,Lima,1037.18,1402.57,151,0,29,6,Alto,2.0,0,0.973316859972776,1,Denegar/Revisar,Muy alto
CLI-104834,Piura,4125.51,12653.938750000001,228,1,21,2,Alto,2.0,0,0.9888444814780548,1,Denegar/Revisar,Muy alto
CLI-104835,Lima,3154.96,12653.938750000001,234,1,31,104,Medio,1.0,0,0.9901953273482252,1,Denegar/Revisar,Muy alto
CLI-104836,Lima,2509.15,1175.72,756,0,18,0,Alto,2.0,0,0.07811652866366853,0,Aprobar,Bajo
CLI-104837,Lima,3491.58,732.02,226,1,28,23,Alto,2.0,0,0.8986193817112516,1,Denegar/Revisar,Muy alto
CLI-104838,Lima,7076.77,2738.24,837,0,54,300,Medio,1.0,1,0.018049027513670608,0,Aprobar,Bajo
CLI-104839,Lima,1646.19,2626.99,170,1,43,184,Medio,1.0,1,0.9706086242989915,1,Denegar/Revisar,Muy alto
CLI-104840,Cusco,4380.44,2111.46,372,1,41,72,Medio,1.0,0,0.7024416381088595,1,Denegar/Revisar,Alto
CLI-104841,Cusco,3698.9,3014.62,286,1,28,43,Medio,1.0,0,0.8823201652812313,1,Denegar/Revisar,Muy alto
CLI-104842,Lima,3308.95,1056.88,102,1,22,5,Alto,2.0,0,0.9694151898721111,1,Denegar/Revisar,Muy alto
CLI-104843,Lima,4618.39,488.35,384,1,27,57,Alto,2.0,0,0.5955296305963627,1,Denegar/Revisar,Alto
CLI-104844,Lima,2326.5,3380.18,121,1,38,97,Alto,2.0,0,0.9819531047574221,1,Denegar/Revisar,Muy alto
CLI-104845,Lima,3258.5,10788.32,265,1,48,188,Medio,1.0,1,0.9812101428008637,1,Denegar/Revisar,Muy alto
CLI-104846,Cusco,3560.7650000000003,592.84,409,0,49,109,Bajo,0.0,1,0.6034428474294427,1,Denegar/Revisar,Alto
CLI-104847,Lima,3164.4,4880.61,974,0,46,108,Bajo,0.0,1,0.020176096887215084,0,Aprobar,Bajo
CLI-104848,Arequipa,4340.2,2304.28,576,0,31,45,Alto,2.0,0,0.27563752693505694,1,Denegar/Revisar,Medio
CLI-104849,Lima,3655.12,1392.43,597,0,39,128,Medio,1.0,1,0.22525716040690635,1,Denegar/Revisar,Bajo
CLI-104850,Cusco,6311.33,7672.26,533,0,37,80,Alto,2.0,0,0.5283262487750113,1,Denegar/Revisar,Alto
CLI-104851,Lima,3452.21,2438.84,857,0,37,69,Alto,2.0,0,0.03331830080899568,0,Aprobar,Bajo
CLI-104852,Arequipa,1185.54,3501.67,333,1,60,105,Medio,1.0,1,0.9054882014767864,1,Denegar/Revisar,Muy alto
CLI-104853,Lima,6052.62,2341.16,936,0,21,29,Alto,2.0,0,0.008724262919795707,0,Aprobar,Bajo
CLI-104854,Piura,2921.63,338.96,769,0,36,76,Medio,1.0,0,0.05210041462590685,0,Aprobar,Bajo
CLI-104855,Lima,2204.06,3614.53,762,1,52,172,Medio,1.0,1,0.12162294381729237,0,Aprobar,Bajo
CLI-104856,Lima,4729.29,2170.92,824,0,23,16,Alto,2.0,0,0.03195002299031505,0,Aprobar,Bajo
CLI-104857,Cusco,5448.74,363.01,475,0,33,38,Alto,2.0,0,0.3349384083447424,1,Denegar/Revisar,Medio
CLI-104858,Cusco,5264.02,3623.5,829,0,34,47,Alto,2.0,0,0.03642723501530483,0,Aprobar,Bajo
CLI-104859,Loreto,2332.38,39.68,345,1,36,106,Medio,1.0,0,0.7595003097719444,1,Denegar/Revisar,Muy alto
CLI-104860,Piura,3496.84,935.4,402,1,21,22,Alto,2.0,0,0.6393800174753266,1,Denegar/Revisar,Alto
CLI-104861,Loreto,3076.94,6076.0,504,0,45,80,Medio,1.0,1,0.681439871821937,1,Denegar/Revisar,Alto
CLI-104862,Lima,6765.28,154.66,887,0,48,160,Alto,2.0,1,0.007389002390747086,0,Aprobar,Bajo
CLI-104863,Lima,3368.04,4161.55,762,0,44,54,Bajo,0.0,1,0.10975587062422276,0,Aprobar,Bajo
CLI-104864,Lima,4262.5,11959.55,807,1,30,86,Medio,1.0,0,0.2470166184308091,1,Denegar/Revisar,Bajo
CLI-104865,Piura,2993.87,751.07,120,1,40,14,Medio,1.0,0,0.9629374036170764,1,Denegar/Revisar,Muy alto
CLI-104866,Lima,1471.67,2159.04,356,1,28,78,Alto,2.0,0,0.8497362842227426,1,Denegar/Revisar,Muy alto
CLI-104867,Lima,3655.12,3427.35,498,0,35,77,Alto,2.0,0,0.5403238314111399,1,Denegar/Revisar,Alto
CLI-104868,Piura,3491.1,2394.37,628,0,63,376,Bajo,0.0,1,0.22479163063167498,1,Denegar/Revisar,Bajo
CLI-104869,Loreto,4865.26,3874.31,150,1,41,168,Alto,2.0,0,0.9623040694930755,1,Denegar/Revisar,Muy alto
CLI-104870,Lima,3884.71,2070.71,546,0,26,57,Alto,2.0,0,0.3478705318787055,1,Denegar/Revisar,Medio
CLI-104871,Lima,2670.52,643.04,369,1,41,146,Medio,1.0,1,0.725868131089602,1,Denegar/Revisar,Alto
CLI-104872,Lima,4134.32,373.04,926,0,24,24,Medio,1.0,0,0.00948915939173193,0,Aprobar,Bajo
CLI-104873,Lima,3787.56,5457.24,694,0,26,64,Alto,2.0,0,0.21771142995963585,1,Denegar/Revisar,Bajo
CLI-104874,Lima,4275.63,1090.51,917,0,28,44,Medio,1.0,0,0.011601935701237387,0,Aprobar,Bajo
CLI-104875,Piura,3660.39,7521.06,735,1,34,53,Alto,2.0,0,0.2317757357685559,1,Denegar/Revisar,Bajo
CLI-104876,Piura,5770.06,5435.14,901,0,50,117,Medio,1.0,1,0.023566794755817005,0,Aprobar,Bajo
CLI-104877,Arequipa,1735.95,202.87,361,1,45,149,Medio,1.0,1,0.7636341867017273,1,Denegar/Revisar,Muy alto
CLI-104878,Lima,5029.94,898.63,464,0,45,56,Medio,1.0,1,0.3986887021433581,1,Denegar/Revisar,Medio
CLI-104879,Loreto,3923.02,1381.2,148,1,27,35,Alto,2.0,0,0.9502951866243189,1,Denegar/Revisar,Muy alto
CLI-104880,Lima,3654.91,3610.36,617,0,33,69,Alto,2.0,0,0.28577775044554005,1,Denegar/Revisar,Medio
CLI-104881,Lima,1745.05,6639.28,728,0,41,230,Medio,1.0,1,0.28640519375141416,1,Denegar/Revisar,Medio
CLI-104882,Loreto,3252.96,248.92,217,1,32,151,Medio,1.0,0,0.8985547894441496,1,Denegar/Revisar,Muy alto
CLI-104883,Lima,3073.09,1148.64,552,1,36,62,Bajo,0.0,1,0.3337893699089704,1,Denegar/Revisar,Medio
CLI-104884,Lima,5080.32,1887.76,874,0,44,84,Alto,2.0,0,0.01761197127558807,0,Aprobar,Bajo
CLI-104885,Loreto,5397.91,810.31,964,0,36,190,Medio,1.0,1,0.005456886667540761,0,Aprobar,Bajo
CLI-104886,Lima,6448.61,3152.4,985,0,43,167,Alto,2.0,1,0.005981337218177485,0,Aprobar,Bajo
CLI-104887,Arequipa,2388.22,2600.37,740,0,56,185,Medio,1.0,1,0.11632721249553807,0,Aprobar,Bajo
CLI-104888,Lima,6699.55,1522.09,496,0,38,69,Bajo,0.0,1,0.28325123531110974,1,Denegar/Revisar,Medio
CLI-104889,Arequipa,5406.93,2910.02,782,0,53,130,Medio,1.0,1,0.044926913039529795,0,Aprobar,Bajo
CLI-104890,Lima,3655.12,1759.12,126,1,45,21,Alto,2.0,0,0.9643953609529117,1,Denegar/Revisar,Muy alto
CLI-104891,Lima,6994.61,1681.47,810,0,24,30,Alto,2.0,0,0.01967003111474208,0,Aprobar,Bajo
CLI-104892,Piura,3918.76,1233.69,471,0,27,43,Alto,2.0,0,0.4726486519128757,1,Denegar/Revisar,Medio
CLI-104893,Lima,6046.47,3109.93,998,0,31,57,Alto,2.0,0,0.0057618463407724885,0,Aprobar,Bajo
CLI-104894,Lima,4604.66,2348.78,925,0,30,86,Alto,2.0,0,0.013491685093004802,0,Aprobar,Bajo
CLI-104895,Lima,5673.23,874.24,956,0,39,100,Medio,1.0,1,0.005592376941195933,0,Aprobar,Bajo
CLI-104896,Lima,4634.41,52.2,196,1,46,101,Alto,2.0,0,0.8864167356817721,1,Denegar/Revisar,Muy alto
CLI-104897,Lima,5344.39,654.45,628,0,53,79,Medio,1.0,1,0.1116568257181471,0,Aprobar,Bajo
CLI-104898,Lima,1800.02,175.12,784,0,42,164,Medio,1.0,1,0.05645881324549935,0,Aprobar,Bajo
CLI-104899,Cusco,3303.27,2259.71,712,0,34,18,Alto,2.0,0,0.11807311537673874,0,Aprobar,Bajo
CLI-104900,Lima,4827.7,1020.07,285,1,18,0,Alto,2.0,0,0.7988788638726165,1,Denegar/Revisar,Muy alto
CLI-104901,Lima,4837.2,2182.05,795,0,40,186,Bajo,0.0,1,0.04063060231634921,0,Aprobar,Bajo
CLI-104902,Lima,3053.86,1598.63,314,1,39,94,Bajo,0.0,1,0.8376771736946513,1,Denegar/Revisar,Muy alto
CLI-104903,Lima,3961.48,3088.89,350,1,41,105,Alto,2.0,0,0.8033633354386301,1,Denegar/Revisar,Muy alto
CLI-104904,Cusco,3560.7650000000003,5147.49,315,1,62,115,Bajo,0.0,1,0.9058094518154581,1,Denegar/Revisar,Muy alto
CLI-104905,Lima,3935.72,2610.43,128,1,53,262,Bajo,0.0,1,0.9675459263246238,1,Denegar/Revisar,Muy alto
CLI-104906,Cusco,3459.19,255.89,201,1,48,263,Medio,1.0,1,0.9076254860916674,1,Denegar/Revisar,Muy alto
CLI-104907,Lima,3071.87,70.66,222,1,28,73,Alto,2.0,0,0.8981853014753204,1,Denegar/Revisar,Muy alto
CLI-104908,Arequipa,2537.63,959.28,153,1,33,92,Bajo,0.0,1,0.9583587930071794,1,Denegar/Revisar,Muy alto
CLI-104909,Piura,3610.59,2213.31,382,1,38,137,Alto,2.0,0,0.7317997384386173,1,Denegar/Revisar,Alto
CLI-104910,Loreto,3514.59,183.78,713,0,30,26,Medio,1.0,0,0.07268823937859409,0,Aprobar,Bajo
CLI-104911,Piura,2446.18,1588.4,216,1,44,59,Bajo,0.0,1,0.9369804973194671,1,Denegar/Revisar,Muy alto
CLI-104912,Piura,6613.3,8722.38,715,0,44,164,Medio,1.0,1,0.18532547444627512,0,Aprobar,Bajo
CLI-104913,Lima,1432.21,377.33,656,0,26,41,Medio,1.0,0,0.18432348270820617,0,Aprobar,Bajo
CLI-104914,Lima,3655.12,11865.98,213,1,52,112,Bajo,0.0,1,0.9902173232364111,1,Denegar/Revisar,Muy alto
CLI-104915,Cusco,5580.28,7770.47,954,0,41,63,Medio,1.0,0,0.024505923575320276,0,Aprobar,Bajo
CLI-104916,Lima,3655.12,7129.96,642,0,20,9,Medio,1.0,0,0.3903729392680463,1,Denegar/Revisar,Medio
CLI-104917,Lima,1044.7,7970.37,775,1,37,42,Medio,1.0,0,0.2869607091931655,1,Denegar/Revisar,Medio
CLI-104918,Arequipa,5621.4,333.74,800,0,43,226,Medio,1.0,1,0.021468934885798447,0,Aprobar,Bajo
CLI-104919,Lima,5174.1,655.58,392,0,50,130,Bajo,0.0,1,0.554333131378804,1,Denegar/Revisar,Alto
CLI-104920,Cusco,1125.95,577.2,294,0,34,46,Alto,2.0,0,0.8869850828922567,1,Denegar/Revisar,Muy alto
CLI-104921,Arequipa,1025.0,471.72,391,1,47,141,Bajo,0.0,1,0.7597870599647558,1,Denegar/Revisar,Muy alto
CLI-104922,Piura,2643.84,1588.27,986,0,41,131,Medio,1.0,1,0.009869084134469557,0,Aprobar,Bajo
CLI-104923,Loreto,2170.14,7092.93,360,1,24,19,Bajo,0.0,0,0.9292287476778077,1,Denegar/Revisar,Muy alto
CLI-104924,Lima,5982.87,1161.21,306,1,24,22,Alto,2.0,0,0.7199194697927337,1,Denegar/Revisar,Alto
CLI-104925,Lima,3655.12,1120.03,663,0,51,291,Alto,2.0,1,0.13314070497155608,0,Aprobar,Bajo
CLI-104926,Lima,4043.79,4506.67,148,1,52,41,Medio,1.0,1,0.9719200598619199,1,Denegar/Revisar,Muy alto
CLI-104927,Lima,3792.65,407.8,105,1,43,155,Medio,1.0,1,0.9585227805558918,1,Denegar/Revisar,Muy alto
CLI-104928,Arequipa,5439.63,1786.9,478,0,56,41,Bajo,0.0,1,0.39861079123918025,1,Denegar/Revisar,Medio
CLI-104929,Cusco,2547.03,1400.65,493,0,50,313,Alto,2.0,1,0.5094150750773293,1,Denegar/Revisar,Alto
CLI-104930,Lima,4454.71,7517.14,985,0,47,105,Medio,1.0,1,0.022595358090960697,0,Aprobar,Bajo
CLI-104931,Lima,2817.2,2890.31,323,1,29,28,Medio,1.0,0,0.8636372346685987,1,Denegar/Revisar,Muy alto
CLI-104932,Cusco,3550.99,4159.19,122,1,58,87,Bajo,0.0,1,0.9795191468424554,1,Denegar/Revisar,Muy alto
CLI-104933,Lima,5835.83,552.61,756,0,46,166,Alto,2.0,1,0.03319046522140776,0,Aprobar,Bajo
CLI-104934,Lima,6185.62,10575.7,209,0,36,65,Alto,2.0,0,0.978014982327957,1,Denegar/Revisar,Muy alto
CLI-104935,Lima,3560.06,1557.1,823,0,32,13,Alto,2.0,0,0.03696745865105813,0,Aprobar,Bajo
CLI-104936,Cusco,4534.07,4908.13,911,1,42,237,Medio,1.0,1,0.025521743029830905,0,Aprobar,Bajo
CLI-104937,Piura,5104.08,12371.28,652,0,21,24,Alto,2.0,0,0.5669947222613113,1,Denegar/Revisar,Alto
CLI-104938,Arequipa,4413.65,2842.39,498,0,47,17,Medio,1.0,0,0.456018354321492,1,Denegar/Revisar,Medio
CLI-104939,Loreto,5614.63,2833.33,271,1,29,77,Alto,2.0,0,0.8469617170098522,1,Denegar/Revisar,Muy alto
CLI-104940,Lima,3932.21,498.85,797,0,43,95,Medio,1.0,1,0.03342448142063674,0,Aprobar,Bajo
CLI-104941,Lima,3553.84,1978.99,825,0,33,60,Bajo,0.0,1,0.039609515227301356,0,Aprobar,Bajo
CLI-104942,Loreto,5374.44,7654.76,405,0,37,73,Alto,2.0,0,0.8216959889648835,1,Denegar/Revisar,Muy alto
CLI-104943,Lima,4280.58,580.6,663,0,31,53,Alto,2.0,0,0.10597571063291236,0,Aprobar,Bajo
CLI-104944,Arequipa,4672.36,9980.03,681,0,38,36,Alto,2.0,0,0.39956804282942704,1,Denegar/Revisar,Medio
CLI-104945,Cusco,4004.98,4402.17,807,0,60,23,Bajo,0.0,1,0.06834730511637371,0,Aprobar,Bajo
CLI-104946,Piura,4390.65,2185.53,250,1,55,87,Bajo,0.0,1,0.8864694525875357,1,Denegar/Revisar,Muy alto
CLI-104947,Arequipa,2256.38,3163.03,527,0,42,126,Alto,2.0,0,0.5395042744869993,1,Denegar/Revisar,Alto
CLI-104948,Loreto,3252.59,652.41,720,0,39,96,Alto,2.0,0,0.08214672382618747,0,Aprobar,Bajo
CLI-104949,Loreto,1025.0,980.96,566,0,47,90,Bajo,0.0,1,0.4055008435662362,1,Denegar/Revisar,Medio
CLI-104950,Lima,3016.64,1349.78,729,0,51,114,Medio,1.0,1,0.08831242378744983,0,Aprobar,Bajo
CLI-104951,Lima,5849.37,1943.53,976,0,31,6,Medio,1.0,0,0.0055775435575812935,0,Aprobar,Bajo
CLI-104952,Lima,3981.62,9885.06,706,0,38,217,Medio,1.0,1,0.3681770086416194,1,Denegar/Revisar,Medio
CLI-104953,Arequipa,3638.81,1832.74,867,0,19,7,Medio,1.0,0,0.02481079594399771,0,Aprobar,Bajo
CLI-104954,Lima,5954.2,2967.97,655,1,52,190,Medio,1.0,1,0.12130482851317412,0,Aprobar,Bajo
CLI-104955,Arequipa,3039.77,707.07,166,1,61,296,Bajo,0.0,1,0.9450284847053338,1,Denegar/Revisar,Muy alto
CLI-104956,Lima,5550.63,5326.82,255,1,41,148,Medio,1.0,1,0.9140420247041035,1,Denegar/Revisar,Muy alto
CLI-104957,Piura,5653.03,3286.48,934,0,18,0,Alto,2.0,0,0.011870429438473242,0,Aprobar,Bajo
CLI-104958,Lima,3392.3,2318.61,305,0,46,35,Medio,1.0,0,0.8532732281336639,1,Denegar/Revisar,Muy alto
CLI-104959,Arequipa,3638.81,11763.95,885,0,29,24,Medio,1.0,0,0.14894733965560605,0,Aprobar,Bajo
CLI-104960,Piura,2446.01,8852.84,254,1,31,8,Bajo,0.0,0,0.979706026607691,1,Denegar/Revisar,Muy alto
CLI-104961,Lima,2437.66,4309.49,790,0,45,185,Bajo,0.0,1,0.10824719619616947,0,Aprobar,Bajo
CLI-104962,Lima,6115.03,10194.58,608,1,43,216,Alto,2.0,1,0.4970220652320824,1,Denegar/Revisar,Medio
CLI-104963,Arequipa,3638.81,3327.63,671,0,34,100,Alto,2.0,0,0.1856511397263574,0,Aprobar,Bajo
CLI-104964,Lima,4936.7,7016.4,173,1,32,33,Alto,2.0,0,0.9751807888527944,1,Denegar/Revisar,Muy alto
CLI-104965,Lima,4118.05,2106.87,148,1,41,153,Medio,1.0,1,0.9534776788248013,1,Denegar/Revisar,Muy alto
CLI-104966,Cusco,3560.7650000000003,362.96,882,0,34,81,Alto,2.0,0,0.016858976886895374,0,Aprobar,Bajo
CLI-104967,Arequipa,2864.72,12653.938750000001,566,1,26,65,Alto,2.0,0,0.8329143045586268,1,Denegar/Revisar,Muy alto
CLI-104968,Cusco,3585.05,724.32,684,1,35,177,Alto,2.0,0,0.10547890341873943,0,Aprobar,Bajo
CLI-104969,Lima,3815.24,1158.79,807,0,43,89,Alto,2.0,0,0.03720902506011763,0,Aprobar,Bajo
CLI-104970,Lima,2777.47,712.22,278,1,37,30,Alto,2.0,0,0.864794299838823,1,Denegar/Revisar,Muy alto
CLI-104971,Loreto,1025.0,1646.82,147,1,22,21,Alto,2.0,0,0.9756033337936244,1,Denegar/Revisar,Muy alto
CLI-104972,Piura,3087.16,1365.91,171,1,50,119,Bajo,0.0,1,0.9490992880913606,1,Denegar/Revisar,Muy alto
CLI-104973,Arequipa,4110.61,3676.2,212,1,18,0,Alto,2.0,0,0.9422113285347207,1,Denegar/Revisar,Muy alto
CLI-104974,Lima,3191.22,12653.938750000001,856,0,34,73,Alto,2.0,0,0.23329629412309186,1,Denegar/Revisar,Bajo
CLI-104975,Lima,3121.5,215.75,996,0,32,82,Alto,2.0,0,0.0062777288091956365,0,Aprobar,Bajo
CLI-104976,Lima,4136.08,6028.3,920,0,41,19,Medio,1.0,0,0.03236162147409073,0,Aprobar,Bajo
CLI-104977,Lima,4192.82,547.83,258,0,45,118,Medio,1.0,1,0.8377649468302952,1,Denegar/Revisar,Muy alto
CLI-104978,Lima,2656.46,80.14,885,0,51,186,Bajo,0.0,1,0.019004305129206773,0,Aprobar,Bajo
CLI-104979,Lima,7760.92,4070.82,879,0,33,126,Medio,1.0,0,0.013819260078611558,0,Aprobar,Bajo
CLI-104980,Cusco,2381.28,8264.21,915,0,45,118,Medio,1.0,1,0.07787314459911908,0,Aprobar,Bajo
CLI-104981,Lima,1901.94,775.79,129,1,40,105,Alto,2.0,0,0.9698228792579371,1,Denegar/Revisar,Muy alto
CLI-104982,Arequipa,4593.12,1671.85,196,1,21,9,Alto,2.0,0,0.9173048248661754,1,Denegar/Revisar,Muy alto
CLI-104983,Loreto,4651.3,739.3,350,1,60,15,Medio,1.0,1,0.6709974822077791,1,Denegar/Revisar,Alto
CLI-104984,Piura,5055.98,9479.5,618,0,24,8,Alto,2.0,0,0.49725230542272336,1,Denegar/Revisar,Medio
CLI-104985,Lima,1853.85,1260.82,191,1,43,193,Medio,1.0,1,0.9508987258644027,1,Denegar/Revisar,Muy alto
CLI-104986,Arequipa,2180.51,2353.08,212,1,43,149,Alto,2.0,0,0.9507282628627123,1,Denegar/Revisar,Muy alto
CLI-104987,Piura,1931.37,9005.34,358,1,41,41,Bajo,0.0,1,0.954909358174738,1,Denegar/Revisar,Muy alto
CLI-104988,Arequipa,3638.81,3219.62,206,1,34,84,Bajo,0.0,1,0.9458730675001658,1,Denegar/Revisar,Muy alto
CLI-104989,Arequipa,4422.12,10803.29,674,0,48,102,Medio,1.0,1,0.46302879216783177,1,Denegar/Revisar,Medio
CLI-104990,Cusco,2186.09,10439.18,489,0,21,1,Alto,2.0,0,0.887728674644243,1,Denegar/Revisar,Muy alto
CLI-104991,Piura,1025.0,2476.62,457,1,37,71,Medio,1.0,0,0.7144911626645137,1,Denegar/Revisar,Alto
CLI-104992,Lima,3655.12,3492.76,882,0,33,94,Medio,1.0,0,0.030316481236204007,0,Aprobar,Bajo
CLI-104993,Piura,2825.75,1047.09,298,1,31,74,Alto,2.0,0,0.8491043516854503,1,Denegar/Revisar,Muy alto
CLI-104994,Lima,4674.13,12653.938750000001,526,1,44,226,Alto,2.0,1,0.8266114192935026,1,Denegar/Revisar,Muy alto
CLI-104995,Loreto,3190.28,1304.68,577,0,51,117,Medio,1.0,1,0.27721066606094563,1,Denegar/Revisar,Medio
CLI-104996,Lima,5230.19,6117.09,958,0,36,89,Medio,1.0,0,0.01817284379032174,0,Aprobar,Bajo
CLI-104997,Lima,3655.12,1501.5,948,0,48,125,Bajo,0.0,1,0.01135745820104415,0,Aprobar,Bajo
CLI-104998,Loreto,1989.07,1501.93,602,0,39,70,Bajo,0.0,1,0.30280177979098766,1,Denegar/Revisar,Medio
CLI-104999,Piura,2847.12,438.65,757,0,29,21,Alto,2.0,0,0.062287666655245426,0,Aprobar,Bajo
CLI-105000,Lima,2492.89,3282.98,672,1,36,75,Medio,1.0,0,0.21927249229652943,1,Denegar/Revisar,Bajo
CLI-105001,Lima,6094.27,1123.26,219,1,37,99,Alto,2.0,0,0.8489429231666227,1,Denegar/Revisar,Muy alto
CLI-105002,Loreto,3816.89,642.53,672,0,31,107,Alto,2.0,0,0.10945924807386136,0,Aprobar,Bajo
CLI-105003,Lima,4647.22,1028.18,408,0,44,150,Medio,1.0,1,0.5573868309112391,1,Denegar/Revisar,Alto
CLI-105004,Loreto,1025.0,1156.56,637,0,41,211,Medio,1.0,1,0.25921798473874696,1,Denegar/Revisar,Medio
CLI-105005,Lima,4513.69,2805.39,726,0,22,19,Alto,2.0,0,0.09048181586124206,0,Aprobar,Bajo
CLI-105006,Arequipa,3106.78,1950.54,574,1,21,21,Alto,2.0,0,0.32389197549063486,1,Denegar/Revisar,Medio
CLI-105007,Loreto,5884.91,313.97,651,0,45,93,Bajo,0.0,1,0.07954588836031323,0,Aprobar,Bajo
CLI-105008,Lima,4374.14,3071.73,443,0,30,38,Alto,2.0,0,0.6072219586628919,1,Denegar/Revisar,Alto
CLI-105009,Lima,3324.43,6199.91,727,0,42,212,Alto,2.0,1,0.21010124241548436,1,Denegar/Revisar,Bajo
CLI-105010,Lima,5339.73,3415.47,235,1,48,134,Alto,2.0,1,0.9033842940494111,1,Denegar/Revisar,Muy alto
CLI-105011,Arequipa,5759.44,12653.938750000001,376,1,26,16,Alto,2.0,0,0.9380277529040112,1,Denegar/Revisar,Muy alto
CLI-105012,Piura,6578.53,417.67,910,0,25,67,Medio,1.0,0,0.006332476287483182,0,Aprobar,Bajo
CLI-105013,Piura,4907.74,6884.88,632,0,58,197,Bajo,0.0,1,0.34166769543834735,1,Denegar/Revisar,Medio
CLI-105014,Lima,4080.08,2818.39,998,0,43,100,Medio,1.0,1,0.008207338860920755,0,Aprobar,Bajo
CLI-105015,Lima,3108.11,2949.19,130,1,34,19,Alto,2.0,0,0.9744131477230259,1,Denegar/Revisar,Muy alto
CLI-105016,Lima,2566.93,2928.38,346,1,28,60,Alto,2.0,0,0.8500087747016043,1,Denegar/Revisar,Muy alto
CLI-105017,Lima,3851.96,1574.06,510,0,33,125,Alto,2.0,0,0.4042019419304483,1,Denegar/Revisar,Medio
CLI-105018,Piura,1860.06,1569.53,126,1,25,50,Alto,2.0,0,0.9752897460017773,1,Denegar/Revisar,Muy alto
CLI-105019,Loreto,2589.48,3997.0,172,1,48,159,Alto,2.0,1,0.9730744859953356,1,Denegar/Revisar,Muy alto
CLI-105020,Arequipa,6107.32,183.19,196,1,31,53,Bajo,0.0,0,0.8507552643503095,1,Denegar/Revisar,Muy alto
CLI-105021,Lima,3655.12,3554.57,772,0,51,197,Bajo,0.0,1,0.0845675518892325,0,Aprobar,Bajo
CLI-105022,Cusco,2745.19,5157.99,445,1,34,56,Bajo,0.0,1,0.7747729107408438,1,Denegar/Revisar,Muy alto
CLI-105023,Arequipa,3638.81,1762.25,575,0,28,50,Alto,2.0,0,0.2872984509714965,1,Denegar/Revisar,Medio
CLI-105024,Cusco,3148.29,980.31,399,1,34,97,Bajo,0.0,1,0.6662292624723506,1,Denegar/Revisar,Alto
CLI-105025,Piura,4414.04,960.08,398,1,18,0,Alto,2.0,0,0.5993075580016068,1,Denegar/Revisar,Alto
CLI-105026,Lima,3477.06,341.53,386,0,38,139,Medio,1.0,1,0.6372523816024827,1,Denegar/Revisar,Alto
CLI-105027,Lima,4387.06,376.01,984,0,37,29,Alto,2.0,0,0.005422841798357578,0,Aprobar,Bajo
CLI-105028,Arequipa,4234.35,729.39,548,0,48,25,Medio,1.0,1,0.25921437723054364,1,Denegar/Revisar,Medio
CLI-105029,Lima,3713.43,77.44,311,1,18,1,Alto,2.0,0,0.7676139716274245,1,Denegar/Revisar,Muy alto
CLI-105030,Lima,3907.93,1238.27,175,1,52,304,Bajo,0.0,1,0.9352756657832408,1,Denegar/Revisar,Muy alto
CLI-105031,Piura,4597.89,1463.45,500,1,48,164,Alto,2.0,1,0.3797463795598869,1,Denegar/Revisar,Medio
CLI-105032,Piura,3875.14,12653.938750000001,754,1,53,151,Alto,2.0,1,0.4033224957035735,1,Denegar/Revisar,Medio
CLI-105033,Piura,2558.11,12653.938750000001,133,1,38,114,Alto,2.0,0,0.9967938993693607,1,Denegar/Revisar,Muy alto
CLI-105034,Lima,3695.23,828.34,597,0,50,190,Bajo,0.0,1,0.20994774518979628,1,Denegar/Revisar,Bajo
CLI-105035,Lima,5234.41,11499.26,947,0,23,35,Alto,2.0,0,0.06225976459574893,0,Aprobar,Bajo
CLI-105036,Piura,5411.73,2708.36,615,0,48,96,Medio,1.0,1,0.1774316016227748,0,Aprobar,Bajo
CLI-105037,Cusco,2848.69,644.36,427,0,30,48,Alto,2.0,0,0.6051778850226555,1,Denegar/Revisar,Alto
CLI-105038,Arequipa,2648.41,2805.04,197,1,20,8,Alto,2.0,0,0.9563727428775693,1,Denegar/Revisar,Muy alto
CLI-105039,Cusco,2209.82,2039.24,465,1,26,40,Alto,2.0,0,0.6256118557808704,1,Denegar/Revisar,Alto
CLI-105040,Arequipa,1913.12,1569.94,828,0,38,18,Alto,2.0,0,0.051072682491177995,0,Aprobar,Bajo
CLI-105041,Piura,1767.25,6917.51,562,0,29,51,Alto,2.0,0,0.6762096500968396,1,Denegar/Revisar,Alto
CLI-105042,Lima,3655.12,7043.78,127,1,43,239,Alto,2.0,1,0.9879395246652269,1,Denegar/Revisar,Muy alto
CLI-105043,Arequipa,3125.35,12653.938750000001,812,0,19,5,Medio,1.0,0,0.30997611927095325,1,Denegar/Revisar,Medio
CLI-105044,Piura,4159.82,1009.71,485,0,18,1,Alto,2.0,0,0.4148176839686042,1,Denegar/Revisar,Medio
CLI-105045,Piura,1636.99,8766.95,372,1,53,163,Bajo,0.0,1,0.9497683845139758,1,Denegar/Revisar,Muy alto
CLI-105046,Lima,4376.52,3087.43,925,0,49,52,Alto,2.0,0,0.016574639719517507,0,Aprobar,Bajo
CLI-105047,Piura,4208.76,3580.66,226,1,28,48,Alto,2.0,0,0.9319573923584632,1,Denegar/Revisar,Muy alto
CLI-105048,Lima,1857.21,9064.75,301,1,38,15,Medio,1.0,0,0.9728518628511559,1,Denegar/Revisar,Muy alto
CLI-105049,Piura,3002.18,11432.99,620,1,50,55,Alto,2.0,0,0.7025277985607177,1,Denegar/Revisar,Alto
CLI-105050,Lima,1291.91,5190.37,386,0,43,129,Medio,1.0,1,0.8903684180690413,1,Denegar/Revisar,Muy alto
CLI-105051,Loreto,2169.22,1709.88,549,0,40,88,Bajo,0.0,1,0.4170995628140337,1,Denegar/Revisar,Medio
CLI-105052,Lima,4928.91,2690.78,187,1,52,90,Bajo,0.0,1,0.932640270345595,1,Denegar/Revisar,Muy alto
CLI-105053,Lima,4091.49,3818.61,417,0,31,32,Alto,2.0,0,0.7115387946676612,1,Denegar/Revisar,Alto
CLI-105054,Lima,3655.12,7055.96,118,1,39,111,Medio,1.0,1,0.9885041315454439,1,Denegar/Revisar,Muy alto
CLI-105055,Arequipa,2778.5,4291.17,692,0,38,165,Alto,2.0,0,0.21884599397329857,1,Denegar/Revisar,Bajo
CLI-105056,Lima,3655.12,1819.34,206,1,36,82,Alto,2.0,0,0.9283272111500719,1,Denegar/Revisar,Muy alto
CLI-105057,Lima,2520.77,2164.32,557,1,34,160,Medio,1.0,1,0.39321342618703503,1,Denegar/Revisar,Medio
CLI-105058,Piura,2568.24,207.02,410,1,39,202,Medio,1.0,1,0.6273337548673775,1,Denegar/Revisar,Alto
CLI-105059,Lima,7605.47,10322.21,511,1,41,120,Medio,1.0,1,0.6319656346351383,1,Denegar/Revisar,Alto
CLI-105060,Cusco,3560.7650000000003,368.98,841,0,27,24,Bajo,0.0,0,0.02460285662980017,0,Aprobar,Bajo
CLI-105061,Cusco,6326.0,3469.34,723,0,49,113,Bajo,0.0,1,0.07176159426025476,0,Aprobar,Bajo
CLI-105062,Piura,4114.01,8212.04,831,0,28,42,Alto,2.0,0,0.11322549861636157,0,Aprobar,Bajo
CLI-105063,Lima,2352.59,2184.88,734,0,36,30,Medio,1.0,0,0.11396426263963907,0,Aprobar,Bajo
CLI-105064,Arequipa,1547.95,6440.26,597,1,35,107,Bajo,0.0,1,0.588598564639479,1,Denegar/Revisar,Alto
CLI-105065,Lima,3343.78,6514.81,343,1,43,64,Alto,2.0,0,0.9121322732585432,1,Denegar/Revisar,Muy alto
CLI-105066,Lima,2392.73,246.85,789,0,18,1,Alto,2.0,0,0.049881549448947064,0,Aprobar,Bajo
CLI-105067,Lima,3408.68,2125.09,676,1,49,257,Alto,2.0,1,0.15110211901781231,0,Aprobar,Bajo
CLI-105068,Cusco,1025.0,4697.99,479,1,30,46,Alto,2.0,0,0.7718034046598092,1,Denegar/Revisar,Muy alto
CLI-105069,Lima,4259.62,2195.17,614,0,53,46,Medio,1.0,1,0.20334692684995848,1,Denegar/Revisar,Bajo
CLI-105070,Piura,1025.0,3151.3,306,1,33,101,Medio,1.0,0,0.9224630087279013,1,Denegar/Revisar,Muy alto
CLI-105071,Arequipa,3395.87,3610.12,493,0,38,149,Medio,1.0,1,0.5668039746343158,1,Denegar/Revisar,Alto
CLI-105072,Lima,1025.0,655.87,120,1,59,110,Medio,1.0,1,0.9757345271091025,1,Denegar/Revisar,Muy alto
CLI-105073,Lima,6146.82,2123.99,904,0,37,114,Alto,2.0,0,0.01098239803909045,0,Aprobar,Bajo
CLI-105074,Cusco,1025.0,115.5,626,0,52,214,Medio,1.0,1,0.23745123474952426,1,Denegar/Revisar,Bajo
CLI-105075,Piura,2959.58,648.32,442,0,39,24,Bajo,0.0,1,0.5649998667330443,1,Denegar/Revisar,Alto
CLI-105076,Piura,4973.11,2871.84,817,0,44,38,Alto,2.0,0,0.0371835224790373,0,Aprobar,Bajo
CLI-105077,Lima,3640.33,3409.38,301,1,40,71,Medio,1.0,0,0.8777005033441677,1,Denegar/Revisar,Muy alto
CLI-105078,Lima,1067.75,632.39,219,0,47,103,Bajo,0.0,1,0.9420803592821504,1,Denegar/Revisar,Muy alto
CLI-105079,Lima,1386.38,5636.11,748,0,31,91,Alto,2.0,0,0.23313900248485608,1,Denegar/Revisar,Bajo
CLI-105080,Lima,5494.09,1867.16,911,0,29,63,Alto,2.0,0,0.011330495145413143,0,Aprobar,Bajo
CLI-105081,Lima,4126.49,10135.54,906,0,32,42,Bajo,0.0,0,0.086396027336979,0,Aprobar,Bajo
CLI-105082,Loreto,1868.42,1961.89,488,1,39,85,Medio,1.0,0,0.5798306167014023,1,Denegar/Revisar,Alto
CLI-105083,Lima,3655.12,7790.24,636,1,37,111,Bajo,0.0,1,0.44731251767898755,1,Denegar/Revisar,Medio
CLI-105084,Lima,3501.95,5674.78,923,0,47,151,Bajo,0.0,1,0.03505819488216955,0,Aprobar,Bajo
CLI-105085,Piura,2179.93,3355.47,333,1,53,81,Medio,1.0,1,0.8806010074051402,1,Denegar/Revisar,Muy alto
CLI-105086,Arequipa,2663.98,1955.53,732,0,28,28,Medio,1.0,0,0.10406971318811523,0,Aprobar,Bajo
CLI-105087,Lima,2762.81,1759.96,701,0,31,38,Alto,2.0,0,0.13150169034232917,0,Aprobar,Bajo
CLI-105088,Piura,2144.75,653.7,419,0,23,10,Alto,2.0,0,0.660932008283328,1,Denegar/Revisar,Alto
CLI-105089,Lima,3655.12,1667.12,811,0,61,286,Bajo,0.0,1,0.0412372375245243,0,Aprobar,Bajo
CLI-105090,Lima,5383.95,119.13,279,1,43,3,Alto,2.0,0,0.7532921523677105,1,Denegar/Revisar,Muy alto
CLI-105091,Lima,2316.91,2791.85,956,0,44,120,Alto,2.0,0,0.01873441556995764,0,Aprobar,Bajo
CLI-105092,Loreto,2922.49,9081.39,467,1,24,34,Alto,2.0,0,0.8601462909726654,1,Denegar/Revisar,Muy alto
CLI-105093,Lima,3655.12,6345.44,175,1,39,141,Alto,2.0,0,0.9782877386932133,1,Denegar/Revisar,Muy alto
CLI-105094,Lima,4692.84,115.74,748,0,45,172,Alto,2.0,1,0.042138934001969414,0,Aprobar,Bajo
CLI-105095,Lima,5480.48,8523.29,749,0,37,154,Alto,2.0,0,0.1764880560727609,0,Aprobar,Bajo
CLI-105096,Loreto,3600.67,2408.29,595,0,51,270,Medio,1.0,1,0.27103906810321204,1,Denegar/Revisar,Medio
CLI-105097,Lima,2786.37,847.29,621,0,64,331,Bajo,0.0,1,0.20825342971421967,1,Denegar/Revisar,Bajo
CLI-105098,Lima,3967.11,5583.96,300,1,29,64,Alto,2.0,0,0.9169879980779307,1,Denegar/Revisar,Muy alto
CLI-105099,Lima,1897.85,1559.59,929,0,27,60,Alto,2.0,0,0.020468382279373518,0,Aprobar,Bajo
CLI-105100,Lima,1025.0,1168.47,445,1,28,13,Alto,2.0,0,0.6882796458554651,1,Denegar/Revisar,Alto
CLI-105101,Piura,7549.56,703.7,582,0,58,130,Alto,2.0,1,0.10859084328099594,0,Aprobar,Bajo
CLI-105102,Piura,1924.18,2666.97,318,1,50,152,Bajo,0.0,1,0.8900521043472887,1,Denegar/Revisar,Muy alto
CLI-105103,Lima,2197.41,392.19,159,1,37,135,Bajo,0.0,1,0.9543065928887623,1,Denegar/Revisar,Muy alto
CLI-105104,Lima,4831.72,6159.89,758,0,40,39,Medio,1.0,0,0.11796834302731594,0,Aprobar,Bajo
CLI-105105,Lima,4456.49,2544.61,718,0,30,88,Alto,2.0,0,0.09325536787356234,0,Aprobar,Bajo
CLI-105106,Lima,5125.86,2369.42,649,0,49,72,Bajo,0.0,1,0.13948684663600133,0,Aprobar,Bajo
CLI-105107,Lima,5396.44,7.42,745,0,36,30,Alto,2.0,0,0.03620335715900663,0,Aprobar,Bajo
CLI-105108,Arequipa,1025.0,6812.0,320,1,35,109,Medio,1.0,0,0.9576310394380809,1,Denegar/Revisar,Muy alto
CLI-105109,Cusco,6231.92,2715.69,914,0,47,218,Medio,1.0,1,0.010692123185278879,0,Aprobar,Bajo
CLI-105110,Cusco,4468.06,2318.52,601,0,37,85,Medio,1.0,0,0.21996479288249893,1,Denegar/Revisar,Bajo
CLI-105111,Loreto,3531.02,5731.61,232,1,36,89,Alto,2.0,0,0.959781608245986,1,Denegar/Revisar,Muy alto
CLI-105112,Piura,5023.78,259.85,945,0,40,62,Alto,2.0,0,0.0065734534445545485,0,Aprobar,Bajo
CLI-105113,Arequipa,1025.0,1827.12,152,1,47,256,Bajo,0.0,1,0.9753923387814958,1,Denegar/Revisar,Muy alto
CLI-105114,Lima,3283.12,3429.58,549,0,57,166,Bajo,0.0,1,0.44275521931141754,1,Denegar/Revisar,Medio
CLI-105115,Piura,1372.14,2469.03,161,1,45,234,Bajo,0.0,1,0.9746763087281867,1,Denegar/Revisar,Muy alto
CLI-105116,Lima,1078.08,801.81,122,1,47,40,Alto,2.0,0,0.9766232907602973,1,Denegar/Revisar,Muy alto
CLI-105117,Lima,2054.18,1422.57,143,1,36,122,Medio,1.0,0,0.9677507180607101,1,Denegar/Revisar,Muy alto
CLI-105118,Arequipa,5576.18,1427.85,919,0,32,101,Alto,2.0,0,0.009417406275599513,0,Aprobar,Bajo
CLI-105119,Lima,4244.79,12653.938750000001,657,1,46,138,Bajo,0.0,1,0.6064776604228689,1,Denegar/Revisar,Alto
CLI-105120,Lima,4672.21,1579.27,758,0,41,36,Alto,2.0,0,0.051972140279839714,0,Aprobar,Bajo
CLI-105121,Cusco,3484.5,918.57,827,0,23,21,Alto,2.0,0,0.031833409593797254,0,Aprobar,Bajo
CLI-105122,Lima,3655.12,6918.23,951,0,35,120,Alto,2.0,0,0.03387335561914708,0,Aprobar,Bajo
CLI-105123,Lima,2493.43,2186.99,146,1,38,71,Medio,1.0,0,0.9687154337833385,1,Denegar/Revisar,Muy alto
CLI-105124,Cusco,3560.7650000000003,2346.97,958,0,33,36,Medio,1.0,0,0.012148766316118248,0,Aprobar,Bajo
CLI-105125,Piura,5381.49,3184.17,919,0,56,165,Medio,1.0,1,0.013678853970647512,0,Aprobar,Bajo
CLI-105126,Piura,2985.73,3622.29,123,1,44,197,Medio,1.0,1,0.9789068108979823,1,Denegar/Revisar,Muy alto
CLI-105127,Lima,2810.06,3571.82,756,0,54,44,Medio,1.0,1,0.11199706911673772,0,Aprobar,Bajo
CLI-105128,Lima,3285.48,140.44,188,1,42,66,Bajo,0.0,1,0.9213868950726143,1,Denegar/Revisar,Muy alto
CLI-105129,Loreto,3409.68,6833.55,273,1,40,129,Bajo,0.0,1,0.9547235701028882,1,Denegar/Revisar,Muy alto
CLI-105130,Piura,4029.0,866.92,675,0,29,26,Medio,1.0,0,0.10296252187317781,0,Aprobar,Bajo
CLI-105131,Piura,2222.21,1383.18,218,1,39,104,Medio,1.0,0,0.9340482454266227,1,Denegar/Revisar,Muy alto
CLI-105132,Lima,3655.12,761.88,834,0,39,224,Bajo,0.0,1,0.02783488397577868,0,Aprobar,Bajo
CLI-105133,Lima,4517.56,5828.18,767,0,24,67,Alto,2.0,0,0.11355713147134566,0,Aprobar,Bajo
CLI-105134,Cusco,1767.46,3504.99,277,1,32,85,Medio,1.0,0,0.9340571802611648,1,Denegar/Revisar,Muy alto
CLI-105135,Lima,3655.12,5630.83,931,0,35,79,Medio,1.0,0,0.03007828875673374,0,Aprobar,Bajo
CLI-105136,Piura,4262.3,4238.32,441,1,44,223,Bajo,0.0,1,0.6740872626717309,1,Denegar/Revisar,Alto
CLI-105137,Lima,4496.23,439.97,667,0,44,116,Bajo,0.0,1,0.09536797631125936,0,Aprobar,Bajo
CLI-105138,Arequipa,1080.1,1435.28,158,1,32,78,Alto,2.0,0,0.9714729395841266,1,Denegar/Revisar,Muy alto
CLI-105139,Cusco,4947.79,2831.14,1000,0,45,10,Alto,2.0,0,0.006871914596856603,0,Aprobar,Bajo
CLI-105140,Piura,6621.82,1455.06,537,0,38,176,Alto,2.0,0,0.21263312289511263,1,Denegar/Revisar,Bajo
CLI-105141,Lima,4567.39,929.26,527,1,18,0,Alto,2.0,0,0.2995074765531938,1,Denegar/Revisar,Medio
CLI-105142,Piura,3138.12,8155.1,525,1,33,126,Alto,2.0,0,0.7362873988421663,1,Denegar/Revisar,Alto
CLI-105143,Arequipa,5421.24,5509.87,480,1,52,81,Medio,1.0,1,0.5798123043080137,1,Denegar/Revisar,Alto
CLI-105144,Lima,6968.78,1693.82,585,0,22,15,Alto,2.0,0,0.14313468784060152,0,Aprobar,Bajo
CLI-105145,Loreto,5457.03,5792.89,831,0,41,78,Alto,2.0,0,0.053114115139443856,0,Aprobar,Bajo
CLI-105146,Piura,3660.39,3950.49,284,1,56,89,Bajo,0.0,1,0.9070731109723924,1,Denegar/Revisar,Muy alto
CLI-105147,Loreto,4741.22,15.17,658,0,31,58,Medio,1.0,0,0.08703398321639888,0,Aprobar,Bajo
CLI-105148,Piura,3660.39,1913.83,559,0,39,169,Medio,1.0,1,0.31649510539273606,1,Denegar/Revisar,Medio
CLI-105149,Lima,1380.09,1372.71,988,0,24,6,Alto,2.0,0,0.01285620827642388,0,Aprobar,Bajo
CLI-105150,Lima,3655.12,983.13,201,1,57,156,Bajo,0.0,1,0.9192041085375146,1,Denegar/Revisar,Muy alto
CLI-105151,Lima,3505.32,1159.21,655,0,38,123,Medio,1.0,1,0.1425986739332845,0,Aprobar,Bajo
CLI-105152,Cusco,4701.16,11414.49,114,1,40,105,Alto,2.0,0,0.9945568768630298,1,Denegar/Revisar,Muy alto
CLI-105153,Arequipa,4087.27,2664.6,847,0,54,142,Bajo,0.0,1,0.03312960473469644,0,Aprobar,Bajo
CLI-105154,Arequipa,3638.81,7527.84,972,0,46,176,Medio,1.0,1,0.03066102624939487,0,Aprobar,Bajo
CLI-105155,Lima,3339.99,964.3,150,1,29,29,Alto,2.0,0,0.9516234138563311,1,Denegar/Revisar,Muy alto
CLI-105156,Lima,4387.17,766.6,408,0,32,19,Medio,1.0,0,0.5586448284025787,1,Denegar/Revisar,Alto
CLI-105157,Arequipa,3436.66,8785.33,133,1,44,238,Alto,2.0,1,0.9915732746663267,1,Denegar/Revisar,Muy alto
CLI-105158,Lima,3655.12,2738.37,735,1,32,89,Alto,2.0,0,0.09911264608988717,0,Aprobar,Bajo
CLI-105159,Lima,3481.31,9020.98,688,0,18,0,Medio,1.0,0,0.3923182671427987,1,Denegar/Revisar,Medio
CLI-105160,Piura,3958.13,260.41,734,0,39,42,Medio,1.0,0,0.05573253401766045,0,Aprobar,Bajo
CLI-105161,Lima,4953.54,9928.55,304,1,23,22,Medio,1.0,0,0.9532348814163754,1,Denegar/Revisar,Muy alto
CLI-105162,Lima,4904.49,2147.62,839,0,57,191,Medio,1.0,1,0.025683656437708185,0,Aprobar,Bajo
CLI-105163,Lima,1851.61,675.43,169,1,40,26,Alto,2.0,0,0.9562813999550165,1,Denegar/Revisar,Muy alto
CLI-105164,Lima,1778.46,4600.25,329,1,28,83,Alto,2.0,0,0.9190997413453267,1,Denegar/Revisar,Muy alto
CLI-105165,Cusco,4640.12,6376.28,579,0,32,23,Alto,2.0,0,0.44917743967537216,1,Denegar/Revisar,Medio
CLI-105166,Lima,3051.76,194.13,632,0,18,0,Alto,2.0,0,0.16271085021388412,0,Aprobar,Bajo
CLI-105167,Lima,4043.79,12653.938750000001,207,1,27,30,Alto,2.0,0,0.9909917339479247,1,Denegar/Revisar,Muy alto
CLI-105168,Lima,4366.32,4776.44,975,0,50,122,Alto,2.0,1,0.014874064440041622,0,Aprobar,Bajo
CLI-105169,Arequipa,5370.16,1550.91,340,1,64,336,Medio,1.0,1,0.6923445263255648,1,Denegar/Revisar,Alto
CLI-105170,Lima,2094.48,656.17,350,1,46,182,Alto,2.0,1,0.7903302091160771,1,Denegar/Revisar,Muy alto
CLI-105171,Piura,5126.14,1993.82,234,1,39,152,Alto,2.0,0,0.8801780857967344,1,Denegar/Revisar,Muy alto
CLI-105172,Lima,4353.21,996.75,189,1,35,72,Alto,2.0,0,0.9156795937637364,1,Denegar/Revisar,Muy alto
CLI-105173,Lima,3219.41,2726.09,690,0,28,48,Medio,1.0,0,0.15123376931222118,0,Aprobar,Bajo
CLI-105174,Lima,2260.5,6091.07,539,1,61,208,Bajo,0.0,1,0.6599743952699773,1,Denegar/Revisar,Alto
CLI-105175,Loreto,6967.53,12653.938750000001,788,1,38,79,Bajo,0.0,1,0.1933863543204224,0,Aprobar,Bajo
CLI-105176,Loreto,1940.06,2290.34,397,1,62,108,Bajo,0.0,1,0.7802220455315638,1,Denegar/Revisar,Muy alto
CLI-105177,Lima,3971.57,506.54,506,1,54,19,Bajo,0.0,1,0.353506118396399,1,Denegar/Revisar,Medio
CLI-105178,Piura,3832.04,12600.84,407,0,20,17,Alto,2.0,0,0.9465219977838777,1,Denegar/Revisar,Muy alto
CLI-105179,Cusco,2917.01,1260.87,201,1,31,27,Medio,1.0,0,0.9323289026905767,1,Denegar/Revisar,Muy alto
CLI-105180,Lima,4592.02,1302.0,460,0,32,67,Alto,2.0,0,0.46303662899621634,1,Denegar/Revisar,Medio
CLI-105181,Loreto,2996.14,4148.21,946,0,38,94,Medio,1.0,0,0.022437654610783384,0,Aprobar,Bajo
CLI-105182,Lima,6845.6,5887.58,723,0,40,104,Alto,2.0,0,0.10249440583321905,0,Aprobar,Bajo
CLI-105183,Cusco,2847.22,12653.938750000001,792,0,70,175,Bajo,0.0,1,0.3752890033591667,1,Denegar/Revisar,Medio
CLI-105184,Arequipa,3638.81,12653.938750000001,715,1,27,54,Medio,1.0,0,0.49764237348474494,1,Denegar/Revisar,Medio
CLI-105185,Cusco,1596.73,9802.51,627,0,41,192,Alto,2.0,0,0.684706866916359,1,Denegar/Revisar,Alto
CLI-105186,Arequipa,3638.81,2285.94,707,0,46,186,Bajo,0.0,1,0.11545211880600234,0,Aprobar,Bajo
CLI-105187,Lima,6116.17,729.3,392,0,40,145,Medio,1.0,1,0.4941702330935675,1,Denegar/Revisar,Medio
CLI-105188,Cusco,6002.21,3512.81,245,0,41,32,Medio,1.0,0,0.877605596515398,1,Denegar/Revisar,Muy alto
CLI-105189,Lima,5208.08,69.63,503,0,28,88,Alto,2.0,0,0.2779382322695929,1,Denegar/Revisar,Medio
CLI-105190,Lima,3769.29,873.86,913,0,40,120,Medio,1.0,1,0.012924125123295218,0,Aprobar,Bajo
CLI-105191,Arequipa,2704.58,10.13,101,1,44,193,Medio,1.0,1,0.9659824284019581,1,Denegar/Revisar,Muy alto
CLI-105192,Arequipa,3638.81,796.42,218,1,43,100,Medio,1.0,1,0.9000678358002255,1,Denegar/Revisar,Muy alto
CLI-105193,Cusco,2588.27,2575.58,954,0,45,296,Medio,1.0,1,0.016514858058933293,0,Aprobar,Bajo
CLI-105194,Lima,3466.78,1999.04,705,0,54,208,Medio,1.0,1,0.11139080288930708,0,Aprobar,Bajo
CLI-105195,Arequipa,4443.14,1843.68,290,1,50,81,Bajo,0.0,1,0.831397780181013,1,Denegar/Revisar,Muy alto
CLI-105196,Arequipa,1403.52,7110.31,102,1,39,34,Medio,1.0,0,0.9941662422816275,1,Denegar/Revisar,Muy alto
CLI-105197,Lima,1025.0,4495.67,586,0,25,7,Medio,1.0,0,0.5333401979681913,1,Denegar/Revisar,Alto
CLI-105198,Lima,2064.5,11022.57,722,0,32,87,Bajo,0.0,1,0.5083546301928336,1,Denegar/Revisar,Alto
CLI-105199,Lima,4279.33,2357.61,276,0,37,75,Medio,1.0,0,0.8623516482671857,1,Denegar/Revisar,Muy alto
CLI-105200,Lima,1025.0,1271.08,356,1,41,168,Medio,1.0,1,0.8334354518379165,1,Denegar/Revisar,Muy alto
CLI-105201,Cusco,3736.01,523.55,972,0,34,122,Alto,2.0,0,0.007268589651961277,0,Aprobar,Bajo
CLI-105202,Piura,3190.57,12653.938750000001,633,1,29,41,Alto,2.0,0,0.7114207909104016,1,Denegar/Revisar,Alto
CLI-105203,Arequipa,4039.0,7374.09,576,1,26,12,Alto,2.0,0,0.5434789160152601,1,Denegar/Revisar,Alto
CLI-105204,Cusco,3845.91,812.09,497,0,21,26,Alto,2.0,0,0.39518970121478325,1,Denegar/Revisar,Medio
CLI-105205,Lima,4290.33,8439.69,595,1,37,71,Medio,1.0,0,0.5310491576844544,1,Denegar/Revisar,Alto
CLI-105206,Loreto,2914.98,2988.52,319,0,23,36,Alto,2.0,0,0.8721263775010993,1,Denegar/Revisar,Muy alto
CLI-105207,Lima,1627.21,622.32,272,1,27,26,Medio,1.0,0,0.8929677182012539,1,Denegar/Revisar,Muy alto
CLI-105208,Loreto,5522.1,4118.55,835,0,35,26,Alto,2.0,0,0.0360214444090845,0,Aprobar,Bajo
CLI-105209,Lima,1025.0,2936.32,489,0,23,27,Alto,2.0,0,0.6797611835366307,1,Denegar/Revisar,Alto
CLI-105210,Cusco,4873.89,114.35,601,0,44,115,Medio,1.0,1,0.1387716541545384,0,Aprobar,Bajo
CLI-105211,Lima,5568.14,2038.26,676,0,48,164,Medio,1.0,1,0.09246610114329495,0,Aprobar,Bajo
CLI-105212,Lima,7781.12,6144.53,888,0,35,43,Alto,2.0,0,0.020223658083394644,0,Aprobar,Bajo
CLI-105213,Arequipa,3088.71,3242.53,860,0,34,57,Medio,1.0,0,0.03991333859926723,0,Aprobar,Bajo
CLI-105214,Lima,2377.71,1325.37,359,1,44,242,Alto,2.0,1,0.7888642781690394,1,Denegar/Revisar,Muy alto
CLI-105215,Piura,3039.99,10560.17,230,1,31,117,Medio,1.0,0,0.9864312137835564,1,Denegar/Revisar,Muy alto
CLI-105216,Lima,2892.1,1086.08,212,1,30,53,Alto,2.0,0,0.9260258749642073,1,Denegar/Revisar,Muy alto
CLI-105217,Arequipa,5545.93,1165.35,897,0,53,42,Medio,1.0,1,0.010599901413392282,0,Aprobar,Bajo
CLI-105218,Lima,5079.7,1751.78,898,0,49,114,Alto,2.0,0,0.013719513634788814,0,Aprobar,Bajo
CLI-105219,Lima,3616.18,8997.61,822,0,46,157,Medio,1.0,1,0.15047942015166899,0,Aprobar,Bajo
CLI-105220,Lima,2590.87,2834.06,119,1,49,230,Medio,1.0,1,0.9781223926349168,1,Denegar/Revisar,Muy alto
CLI-105221,Lima,4527.98,4585.07,314,1,18,0,Alto,2.0,0,0.8732140449823336,1,Denegar/Revisar,Muy alto
CLI-105222,Lima,1418.71,12653.938750000001,409,1,53,202,Bajo,0.0,1,0.968162537432415,1,Denegar/Revisar,Muy alto
CLI-105223,Lima,2849.45,6116.9,350,0,43,90,Bajo,0.0,1,0.9092869015649838,1,Denegar/Revisar,Muy alto
CLI-105224,Lima,4506.08,757.87,587,0,50,90,Medio,1.0,1,0.18649492199064258,0,Aprobar,Bajo
CLI-105225,Lima,1862.0,6211.36,481,1,43,195,Alto,2.0,1,0.7900361064497917,1,Denegar/Revisar,Muy alto
CLI-105226,Piura,1025.0,5518.66,508,1,38,230,Medio,1.0,1,0.7467413772669032,1,Denegar/Revisar,Alto
CLI-105227,Loreto,3600.67,1059.08,370,1,36,166,Alto,2.0,0,0.7057619143390623,1,Denegar/Revisar,Alto
CLI-105228,Lima,3655.12,1574.24,506,1,43,109,Medio,1.0,1,0.4150242708277212,1,Denegar/Revisar,Medio
CLI-105229,Piura,2195.65,4953.27,791,0,35,107,Alto,2.0,0,0.12718966446763097,0,Aprobar,Bajo
CLI-105230,Arequipa,4466.63,1089.3,293,0,49,42,Medio,1.0,1,0.7964375529621582,1,Denegar/Revisar,Muy alto
CLI-105231,Lima,3267.54,933.72,540,0,21,12,Alto,2.0,0,0.3387132210776787,1,Denegar/Revisar,Medio
CLI-105232,Arequipa,1771.78,4862.46,412,1,32,42,Alto,2.0,0,0.8466403421136542,1,Denegar/Revisar,Muy alto
CLI-105233,Lima,3655.12,8500.95,178,1,61,272,Medio,1.0,1,0.9851751349794495,1,Denegar/Revisar,Muy alto
CLI-105234,Piura,3135.33,311.92,279,1,32,45,Medio,1.0,0,0.8375695606844046,1,Denegar/Revisar,Muy alto
CLI-105235,Lima,3128.22,2361.7,774,1,36,75,Medio,1.0,0,0.07117727242125427,0,Aprobar,Bajo
CLI-105236,Arequipa,3638.81,3737.57,813,0,29,56,Alto,2.0,0,0.06157019256148328,0,Aprobar,Bajo
CLI-105237,Arequipa,3638.81,4511.47,113,1,43,31,Bajo,0.0,1,0.9821197705135807,1,Denegar/Revisar,Muy alto
CLI-105238,Lima,5519.33,12653.938750000001,958,0,32,59,Alto,2.0,0,0.06375319372979607,0,Aprobar,Bajo
CLI-105239,Lima,3655.12,4591.53,345,1,37,40,Medio,1.0,0,0.8586709652358422,1,Denegar/Revisar,Muy alto
CLI-105240,Cusco,1529.74,3871.96,113,1,47,121,Medio,1.0,1,0.9868989166304959,1,Denegar/Revisar,Muy alto
CLI-105241,Lima,3047.73,12653.938750000001,198,1,31,93,Bajo,0.0,1,0.9934134636639674,1,Denegar/Revisar,Muy alto
CLI-105242,Piura,4952.32,250.35,132,1,48,99,Bajo,0.0,1,0.9323338439178754,1,Denegar/Revisar,Muy alto
CLI-105243,Cusco,3769.35,309.41,535,1,48,163,Medio,1.0,1,0.2872252775945602,1,Denegar/Revisar,Medio
CLI-105244,Arequipa,4094.26,3290.13,356,0,51,116,Alto,2.0,1,0.7962229234746094,1,Denegar/Revisar,Muy alto
CLI-105245,Piura,3660.39,1776.81,133,1,41,27,Medio,1.0,0,0.9607359183935492,1,Denegar/Revisar,Muy alto
CLI-105246,Arequipa,4095.66,406.79,118,0,70,248,Bajo,0.0,1,0.951949347248891,1,Denegar/Revisar,Muy alto
CLI-105247,Loreto,3600.67,1463.72,763,0,51,95,Bajo,0.0,1,0.06143684016861199,0,Aprobar,Bajo
CLI-105248,Lima,2561.41,4487.78,359,1,42,50,Medio,1.0,0,0.8704382409120189,1,Denegar/Revisar,Muy alto
CLI-105249,Lima,3655.12,8501.61,775,0,29,18,Alto,2.0,0,0.20338907317889682,1,Denegar/Revisar,Bajo
CLI-105250,Lima,4136.29,396.3,688,0,38,103,Medio,1.0,0,0.08234015803743273,0,Aprobar,Bajo
CLI-105251,Cusco,5144.72,3107.38,925,0,55,333,Medio,1.0,1,0.013443930392701704,0,Aprobar,Bajo
CLI-105252,Arequipa,3728.62,1404.56,515,1,58,380,Bajo,0.0,1,0.39124846024629545,1,Denegar/Revisar,Medio
CLI-105253,Lima,2156.39,4402.37,236,1,55,114,Bajo,0.0,1,0.9598098710338141,1,Denegar/Revisar,Muy alto
CLI-105254,Loreto,3405.36,3189.16,458,0,48,65,Medio,1.0,1,0.6238802907997947,1,Denegar/Revisar,Alto
CLI-105255,Lima,7785.51,10453.38,819,0,27,57,Alto,2.0,0,0.08913495855213616,0,Aprobar,Bajo
CLI-105256,Lima,3655.12,153.65,853,0,44,144,Bajo,0.0,1,0.020634882811939485,0,Aprobar,Bajo
CLI-105257,Piura,3660.39,2539.79,678,0,25,37,Alto,2.0,0,0.15244220810667136,0,Aprobar,Bajo
CLI-105258,Lima,3655.12,856.53,215,1,23,43,Medio,1.0,0,0.9033514875086779,1,Denegar/Revisar,Muy alto
CLI-105259,Loreto,3526.09,3078.23,503,0,42,184,Alto,2.0,1,0.5177308991542333,1,Denegar/Revisar,Alto
CLI-105260,Lima,3655.12,7685.09,301,1,45,123,Bajo,0.0,1,0.9482822551568982,1,Denegar/Revisar,Muy alto
CLI-105261,Loreto,3347.34,9690.73,475,0,49,135,Medio,1.0,1,0.8498054942266887,1,Denegar/Revisar,Muy alto
CLI-105262,Piura,3627.4,2031.53,349,1,44,86,Alto,2.0,0,0.7809227544785872,1,Denegar/Revisar,Muy alto
CLI-105263,Lima,4352.92,6680.59,545,0,45,65,Alto,2.0,0,0.5611580625496592,1,Denegar/Revisar,Alto
CLI-105264,Cusco,3642.25,1316.84,377,0,28,95,Alto,2.0,0,0.7014075354232365,1,Denegar/Revisar,Alto
CLI-105265,Piura,4347.94,25.3,211,1,38,108,Alto,2.0,0,0.8781182702066768,1,Denegar/Revisar,Muy alto
CLI-105266,Lima,3655.12,7730.69,942,0,22,18,Alto,2.0,0,0.043328121307089816,0,Aprobar,Bajo
CLI-105267,Lima,3655.12,508.66,572,0,18,0,Alto,2.0,0,0.2406858304136259,1,Denegar/Revisar,Bajo
CLI-105268,Loreto,4841.4,71.07,845,0,48,180,Medio,1.0,1,0.01604687618461506,0,Aprobar,Bajo
CLI-105269,Lima,4458.24,1746.57,787,0,31,53,Medio,1.0,0,0.04191780520377036,0,Aprobar,Bajo
CLI-105270,Lima,2503.55,1908.15,491,0,48,76,Bajo,0.0,1,0.5433142372703137,1,Denegar/Revisar,Alto
CLI-105271,Lima,2186.16,321.46,242,1,51,41,Medio,1.0,1,0.9011090840052869,1,Denegar/Revisar,Muy alto
CLI-105272,Lima,1499.42,6731.96,131,1,31,43,Alto,2.0,0,0.99185785196959,1,Denegar/Revisar,Muy alto
CLI-105273,Arequipa,4525.0,2080.76,280,1,46,75,Bajo,0.0,1,0.8481865016213755,1,Denegar/Revisar,Muy alto
CLI-105274,Lima,1077.85,2692.78,678,0,31,77,Medio,1.0,0,0.2455498974225355,1,Denegar/Revisar,Bajo
CLI-105275,Lima,1807.7,1229.5,615,0,18,0,Medio,1.0,0,0.26700463618493214,1,Denegar/Revisar,Medio
CLI-105276,Lima,4921.96,2865.72,897,0,41,218,Medio,1.0,1,0.017423243034579722,0,Aprobar,Bajo
CLI-105277,Lima,4050.76,5822.26,368,1,34,114,Medio,1.0,0,0.852788607268114,1,Denegar/Revisar,Muy alto
CLI-105278,Cusco,1025.0,9465.62,335,1,33,44,Alto,2.0,0,0.9727804317994624,1,Denegar/Revisar,Muy alto
CLI-105279,Lima,4191.66,12653.938750000001,376,1,61,285,Bajo,0.0,1,0.9560973014901929,1,Denegar/Revisar,Muy alto
CLI-105280,Cusco,4074.76,2225.55,652,0,22,31,Medio,1.0,0,0.1580688103558401,0,Aprobar,Bajo
CLI-105281,Lima,4737.49,12653.938750000001,732,0,44,139,Alto,2.0,0,0.40483415347965634,1,Denegar/Revisar,Medio
CLI-105282,Lima,3356.68,1397.98,374,1,28,52,Alto,2.0,0,0.7242320126528468,1,Denegar/Revisar,Alto
CLI-105283,Loreto,4822.21,28.0,842,0,49,126,Alto,2.0,1,0.017055474613777107,0,Aprobar,Bajo
CLI-105284,Lima,5020.04,5837.47,915,0,43,59,Alto,2.0,0,0.027708552041726533,0,Aprobar,Bajo
CLI-105285,Arequipa,3638.81,786.18,185,1,43,38,Alto,2.0,0,0.9271604586129768,1,Denegar/Revisar,Muy alto
CLI-105286,Cusco,3190.1,215.52,162,1,28,27,Alto,2.0,0,0.9395299961575515,1,Denegar/Revisar,Muy alto
CLI-105287,Lima,3377.66,10308.56,503,1,30,25,Alto,2.0,0,0.8364893875778404,1,Denegar/Revisar,Muy alto
CLI-105288,Lima,2962.54,6277.23,291,1,49,63,Medio,1.0,1,0.9441473512130812,1,Denegar/Revisar,Muy alto
CLI-105289,Arequipa,3629.25,433.3,392,1,58,97,Bajo,0.0,1,0.6294182881838287,1,Denegar/Revisar,Alto
CLI-105290,Lima,3655.12,6000.72,130,1,44,68,Alto,2.0,0,0.9845908722812309,1,Denegar/Revisar,Muy alto
CLI-105291,Lima,6305.11,7431.59,429,0,30,6,Alto,2.0,0,0.738783352477034,1,Denegar/Revisar,Alto
CLI-105292,Lima,4806.7,9428.24,757,1,43,76,Medio,1.0,1,0.21309036933655107,1,Denegar/Revisar,Bajo
CLI-105293,Lima,3478.11,3138.37,206,1,66,154,Bajo,0.0,1,0.9468944830565437,1,Denegar/Revisar,Muy alto
CLI-105294,Arequipa,6263.14,4861.65,970,0,41,73,Alto,2.0,0,0.01026808962384136,0,Aprobar,Bajo
CLI-105295,Lima,4536.69,5745.96,721,0,55,282,Bajo,0.0,1,0.161759679893114,0,Aprobar,Bajo
CLI-105296,Lima,1659.54,4667.21,375,1,30,37,Alto,2.0,0,0.8849732671954742,1,Denegar/Revisar,Muy alto
CLI-105297,Piura,3660.39,4163.26,821,0,39,145,Bajo,0.0,1,0.06214149588348467,0,Aprobar,Bajo
CLI-105298,Lima,6743.38,3172.39,750,0,47,52,Medio,1.0,1,0.04691946045644529,0,Aprobar,Bajo
CLI-105299,Lima,2823.85,2609.52,697,0,43,158,Alto,2.0,0,0.15643827260748425,0,Aprobar,Bajo
CLI-105300,Arequipa,4665.22,12653.938750000001,655,0,31,97,Alto,2.0,0,0.5875228497830375,1,Denegar/Revisar,Alto
CLI-105301,Lima,1378.94,1647.31,181,1,29,12,Alto,2.0,0,0.9640021524273138,1,Denegar/Revisar,Muy alto
CLI-105302,Arequipa,4752.44,369.64,163,1,50,194,Alto,2.0,1,0.9171219822786799,1,Denegar/Revisar,Muy alto
CLI-105303,Loreto,3787.75,5793.31,989,0,52,138,Bajo,0.0,1,0.0184244231720037,0,Aprobar,Bajo
CLI-105304,Lima,4532.17,962.3,954,0,56,275,Medio,1.0,1,0.007550142468337743,0,Aprobar,Bajo
CLI-105305,Piura,4021.64,3043.08,932,0,59,252,Bajo,0.0,1,0.01669429499822672,0,Aprobar,Bajo
CLI-105306,Lima,4589.3,402.83,666,0,41,173,Alto,2.0,0,0.09365144181407677,0,Aprobar,Bajo
CLI-105307,Lima,4127.32,3862.8,685,1,36,138,Medio,1.0,1,0.16128886443011492,0,Aprobar,Bajo
CLI-105308,Loreto,5832.95,11530.14,984,0,55,146,Bajo,0.0,1,0.039482487177286606,0,Aprobar,Bajo
CLI-105309,Loreto,3938.9,12653.938750000001,228,1,47,125,Alto,2.0,0,0.9893121692715846,1,Denegar/Revisar,Muy alto
CLI-105310,Lima,3655.12,965.92,355,0,28,12,Alto,2.0,0,0.7277611433459334,1,Denegar/Revisar,Alto
CLI-105311,Piura,4137.08,12653.938750000001,330,1,28,44,Alto,2.0,0,0.9713927015142383,1,Denegar/Revisar,Muy alto
CLI-105312,Cusco,4742.55,1467.4,596,0,45,222,Medio,1.0,1,0.18809982289913335,0,Aprobar,Bajo
CLI-105313,Cusco,2375.81,2295.17,236,1,37,157,Bajo,0.0,1,0.935667131357649,1,Denegar/Revisar,Muy alto
CLI-105314,Piura,3660.39,2757.55,962,0,39,101,Medio,1.0,1,0.012465622521332783,0,Aprobar,Bajo
CLI-105315,Lima,5936.14,12653.938750000001,554,1,52,329,Medio,1.0,1,0.72468330592684,1,Denegar/Revisar,Alto
CLI-105316,Lima,4467.42,285.52,454,0,48,170,Medio,1.0,1,0.4216326726820669,1,Denegar/Revisar,Medio
CLI-105317,Cusco,4552.6,4772.5,723,0,54,95,Bajo,0.0,1,0.13316875032152478,0,Aprobar,Bajo
CLI-105318,Lima,3655.12,1797.23,584,0,18,0,Alto,2.0,0,0.27103724867116025,1,Denegar/Revisar,Medio
CLI-105319,Piura,1655.63,326.25,919,0,41,190,Alto,2.0,1,0.01836734781779144,0,Aprobar,Bajo
CLI-105320,Lima,2551.0,10935.42,245,1,46,30,Alto,2.0,0,0.9875904893859629,1,Denegar/Revisar,Muy alto
CLI-105321,Lima,2085.01,3565.01,132,1,22,30,Medio,1.0,0,0.9811084205362013,1,Denegar/Revisar,Muy alto
CLI-105322,Lima,2752.51,5601.87,359,0,31,74,Medio,1.0,0,0.8904919008535201,1,Denegar/Revisar,Muy alto
CLI-105323,Cusco,4151.28,1099.78,186,0,30,35,Alto,2.0,0,0.922856038123211,1,Denegar/Revisar,Muy alto
CLI-105324,Lima,6675.11,5734.23,942,0,40,248,Alto,2.0,1,0.014527943340830119,0,Aprobar,Bajo
CLI-105325,Piura,4892.2,7052.12,364,0,57,195,Bajo,0.0,1,0.8695660662561151,1,Denegar/Revisar,Muy alto
CLI-105326,Lima,3453.42,2254.3,931,0,61,160,Bajo,0.0,1,0.01628326596881435,0,Aprobar,Bajo
CLI-105327,Lima,4589.26,3394.12,641,1,30,52,Medio,1.0,0,0.1912236225175068,0,Aprobar,Bajo
CLI-105328,Lima,2751.02,12653.938750000001,491,1,44,160,Alto,2.0,0,0.9118449392663817,1,Denegar/Revisar,Muy alto
CLI-105329,Piura,3660.39,7502.21,331,0,45,234,Bajo,0.0,1,0.9300579973848851,1,Denegar/Revisar,Muy alto
CLI-105330,Lima,4385.31,2354.07,1000,0,44,53,Bajo,0.0,1,0.007078088941076242,0,Aprobar,Bajo
CLI-105331,Lima,5765.09,4369.41,687,0,44,121,Bajo,0.0,1,0.12988326778887843,0,Aprobar,Bajo
CLI-105332,Lima,3089.96,6134.2,546,1,42,130,Medio,1.0,1,0.5928283111781075,1,Denegar/Revisar,Alto
CLI-105333,Lima,4205.84,98.52,228,1,58,87,Bajo,0.0,1,0.8657266401908787,1,Denegar/Revisar,Muy alto
CLI-105334,Cusco,2241.59,3550.48,370,1,51,189,Medio,1.0,1,0.8426285256251355,1,Denegar/Revisar,Muy alto
CLI-105335,Cusco,3908.75,12653.938750000001,188,1,27,31,Medio,1.0,0,0.9923975429733954,1,Denegar/Revisar,Muy alto
CLI-105336,Lima,3264.6,11763.51,565,1,48,75,Medio,1.0,1,0.793431951454638,1,Denegar/Revisar,Muy alto
CLI-105337,Piura,5323.05,7145.66,269,1,49,261,Medio,1.0,1,0.9352091931592807,1,Denegar/Revisar,Muy alto
CLI-105338,Cusco,2484.02,449.16,227,1,42,178,Alto,2.0,0,0.9126681582679973,1,Denegar/Revisar,Muy alto
CLI-105339,Lima,2232.42,12653.938750000001,273,1,51,149,Alto,2.0,1,0.9890319496557062,1,Denegar/Revisar,Muy alto
CLI-105340,Loreto,3600.67,3761.7,125,1,41,64,Medio,1.0,0,0.9760015254025335,1,Denegar/Revisar,Muy alto
CLI-105341,Cusco,2978.74,1008.79,672,0,41,103,Alto,2.0,0,0.1389017639234164,0,Aprobar,Bajo
CLI-105342,Lima,4039.25,4486.73,610,0,40,17,Medio,1.0,0,0.31154567941554634,1,Denegar/Revisar,Medio
CLI-105343,Lima,2819.55,7766.34,587,0,18,1,Alto,2.0,0,0.607536257767921,1,Denegar/Revisar,Alto
CLI-105344,Cusco,5866.15,476.61,990,0,39,48,Alto,2.0,0,0.003721318890327274,0,Aprobar,Bajo
CLI-105345,Piura,5801.32,9928.67,678,0,33,59,Alto,2.0,0,0.34255352975061293,1,Denegar/Revisar,Medio
CLI-105346,Lima,2498.21,10113.14,505,1,25,35,Alto,2.0,0,0.8552485240611045,1,Denegar/Revisar,Muy alto
CLI-105347,Lima,3569.51,54.22,125,1,55,369,Medio,1.0,1,0.9492970870782285,1,Denegar/Revisar,Muy alto
CLI-105348,Lima,3822.74,9223.13,182,1,45,163,Medio,1.0,1,0.9862464473781114,1,Denegar/Revisar,Muy alto
CLI-105349,Arequipa,3615.3,11736.13,463,1,39,132,Alto,2.0,0,0.9049873058481397,1,Denegar/Revisar,Muy alto
CLI-105350,Arequipa,3638.81,153.68,466,1,33,130,Alto,2.0,0,0.44380527469884234,1,Denegar/Revisar,Medio
CLI-105351,Cusco,5095.04,1393.5,159,1,43,101,Medio,1.0,1,0.9268742922027463,1,Denegar/Revisar,Muy alto
CLI-105352,Lima,2521.03,1867.92,650,1,49,177,Bajo,0.0,1,0.20909012297285312,1,Denegar/Revisar,Bajo
CLI-105353,Piura,5780.99,1716.31,734,0,31,50,Alto,2.0,0,0.05181460734987303,0,Aprobar,Bajo
CLI-105354,Piura,4041.92,5691.89,391,1,39,90,Alto,2.0,0,0.8254739762029548,1,Denegar/Revisar,Muy alto
CLI-105355,Lima,4642.01,1773.32,888,0,49,165,Bajo,0.0,1,0.016704994788435963,0,Aprobar,Bajo
CLI-105356,Lima,4121.71,12547.23,985,0,18,0,Alto,2.0,0,0.06812612603564636,0,Aprobar,Bajo
CLI-105357,Cusco,2106.56,12653.938750000001,915,0,38,100,Alto,2.0,0,0.18368532022998704,0,Aprobar,Bajo
CLI-105358,Loreto,4710.53,1523.98,893,0,35,81,Alto,2.0,0,0.01491056670630904,0,Aprobar,Bajo
CLI-105359,Lima,3541.8,2843.62,290,0,37,101,Medio,1.0,0,0.878404254134356,1,Denegar/Revisar,Muy alto
CLI-105360,Piura,6612.1,3263.12,560,1,35,52,Alto,2.0,0,0.2421744804094506,1,Denegar/Revisar,Bajo
CLI-105361,Lima,3294.82,3464.32,903,0,40,56,Medio,1.0,0,0.02699656637288604,0,Aprobar,Bajo
CLI-105362,Piura,1615.09,1874.96,763,0,59,109,Bajo,0.0,1,0.10167464444208675,0,Aprobar,Bajo
CLI-105363,Arequipa,2721.24,726.06,995,0,35,23,Medio,1.0,0,0.007443784552124899,0,Aprobar,Bajo
CLI-105364,Piura,5550.83,224.42,332,0,43,112,Alto,2.0,0,0.6462450981740948,1,Denegar/Revisar,Alto
CLI-105365,Cusco,2974.32,449.76,573,0,61,159,Bajo,0.0,1,0.2664383901584469,1,Denegar/Revisar,Medio
CLI-105366,Piura,5553.74,9262.33,504,0,34,40,Medio,1.0,0,0.702364178916479,1,Denegar/Revisar,Alto
CLI-105367,Lima,3655.12,1316.1,757,0,59,112,Bajo,0.0,1,0.06216014614344118,0,Aprobar,Bajo
CLI-105368,Arequipa,3638.81,319.74,370,1,39,80,Alto,2.0,0,0.670379228408124,1,Denegar/Revisar,Alto
CLI-105369,Lima,7393.98,3907.66,946,0,60,238,Medio,1.0,1,0.007801506174201955,0,Aprobar,Bajo
CLI-105370,Lima,4942.67,313.17,233,1,48,74,Bajo,0.0,1,0.8443743459652002,1,Denegar/Revisar,Muy alto
CLI-105371,Lima,2770.72,290.51,270,1,42,110,Alto,2.0,0,0.8633324611258805,1,Denegar/Revisar,Muy alto
CLI-105372,Lima,5023.2,3886.9,514,0,39,113,Alto,2.0,0,0.44797658059571516,1,Denegar/Revisar,Medio
CLI-105373,Arequipa,2938.59,3580.03,127,1,32,59,Alto,2.0,0,0.9789681137561519,1,Denegar/Revisar,Muy alto
CLI-105374,Lima,3626.38,169.45,235,1,40,146,Medio,1.0,1,0.8709046277056984,1,Denegar/Revisar,Muy alto
CLI-105375,Arequipa,6151.48,2468.29,504,1,50,281,Alto,2.0,1,0.33705652347705867,1,Denegar/Revisar,Medio
CLI-105376,Piura,3660.39,2289.16,987,0,39,30,Alto,2.0,0,0.00931110499764994,0,Aprobar,Bajo
CLI-105377,Lima,3170.04,3164.71,604,0,35,155,Alto,2.0,0,0.3152618476213918,1,Denegar/Revisar,Medio
CLI-105378,Loreto,3223.82,5355.27,340,1,36,54,Alto,2.0,0,0.8957671201232109,1,Denegar/Revisar,Muy alto
CLI-105379,Lima,4911.74,1329.6,955,0,50,158,Medio,1.0,1,0.007402564065763706,0,Aprobar,Bajo
CLI-105380,Lima,3655.12,2268.03,543,1,52,52,Medio,1.0,1,0.3673023496207222,1,Denegar/Revisar,Medio
CLI-105381,Piura,4941.39,6295.18,533,0,32,42,Medio,1.0,0,0.5254799371842072,1,Denegar/Revisar,Alto
CLI-105382,Lima,1423.05,10232.82,327,1,31,87,Medio,1.0,0,0.9754561405052624,1,Denegar/Revisar,Muy alto
CLI-105383,Lima,1841.29,8877.5,608,0,42,153,Medio,1.0,1,0.6599664856804124,1,Denegar/Revisar,Alto
CLI-105384,Piura,3919.82,2597.52,898,0,56,179,Bajo,0.0,1,0.021303033402868893,0,Aprobar,Bajo
CLI-105385,Piura,6147.25,2943.1,402,1,53,72,Alto,2.0,0,0.5942744997348557,1,Denegar/Revisar,Alto
CLI-105386,Lima,6578.46,3012.48,133,1,26,43,Alto,2.0,0,0.9437318084716712,1,Denegar/Revisar,Muy alto
CLI-105387,Cusco,3434.78,8121.56,101,1,36,185,Alto,2.0,0,0.9928134404700512,1,Denegar/Revisar,Muy alto
CLI-105388,Piura,3064.7,7328.81,461,1,29,44,Alto,2.0,0,0.8130076258060422,1,Denegar/Revisar,Muy alto
CLI-105389,Loreto,3322.47,1493.15,294,1,36,84,Bajo,0.0,1,0.851201833635176,1,Denegar/Revisar,Muy alto
CLI-105390,Lima,4412.36,711.01,705,0,57,295,Alto,2.0,1,0.07381189020773718,0,Aprobar,Bajo
CLI-105391,Piura,3660.39,1905.53,939,0,23,10,Alto,2.0,0,0.013414312696619121,0,Aprobar,Bajo
CLI-105392,Loreto,1486.78,1360.99,407,1,20,17,Alto,2.0,0,0.7468849315314584,1,Denegar/Revisar,Alto
CLI-105393,Piura,5783.7,12045.88,746,0,31,52,Alto,2.0,0,0.3018250326626531,1,Denegar/Revisar,Medio
CLI-105394,Arequipa,1989.89,1236.53,815,0,41,19,Alto,2.0,0,0.052732163029608536,0,Aprobar,Bajo
CLI-105395,Lima,2476.66,799.69,349,1,45,133,Alto,2.0,0,0.782096413469941,1,Denegar/Revisar,Muy alto
CLI-105396,Lima,2988.14,9189.56,246,1,44,172,Medio,1.0,1,0.9793425626699082,1,Denegar/Revisar,Muy alto
CLI-105397,Lima,4006.72,361.79,445,1,52,202,Medio,1.0,1,0.47286720497384044,1,Denegar/Revisar,Medio
CLI-105398,Lima,3388.59,1205.86,447,0,19,10,Alto,2.0,0,0.5579313489811225,1,Denegar/Revisar,Alto
CLI-105399,Loreto,3468.6,2312.93,353,1,52,272,Medio,1.0,1,0.7843707613029406,1,Denegar/Revisar,Muy alto
CLI-105400,Lima,3556.66,3616.53,498,0,36,117,Medio,1.0,0,0.5463570974788365,1,Denegar/Revisar,Alto
CLI-105401,Cusco,1084.88,1588.04,433,1,46,152,Medio,1.0,1,0.7192791456850198,1,Denegar/Revisar,Alto
CLI-105402,Cusco,3912.7,2742.57,275,1,25,19,Alto,2.0,0,0.8858663717181784,1,Denegar/Revisar,Muy alto
CLI-105403,Lima,4164.96,886.73,224,1,39,146,Alto,2.0,0,0.8886632870020754,1,Denegar/Revisar,Muy alto
CLI-105404,Lima,6237.98,3415.84,862,0,43,171,Bajo,0.0,1,0.02073955984153742,0,Aprobar,Bajo
CLI-105405,Loreto,6264.6,2095.76,497,0,53,97,Alto,2.0,1,0.3283417864278629,1,Denegar/Revisar,Medio
CLI-105406,Cusco,3576.25,7568.79,230,1,22,3,Alto,2.0,0,0.9725787704663222,1,Denegar/Revisar,Muy alto
CLI-105407,Lima,5939.27,2149.6,661,0,40,141,Medio,1.0,1,0.09923263164210819,0,Aprobar,Bajo
CLI-105408,Lima,3935.15,2346.62,704,0,27,43,Medio,1.0,0,0.10885313710312704,0,Aprobar,Bajo
CLI-105409,Piura,2306.37,3587.67,991,0,44,203,Alto,2.0,1,0.01604314888818921,0,Aprobar,Bajo
CLI-105410,Arequipa,5783.63,525.77,921,0,48,268,Alto,2.0,1,0.007295765853169736,0,Aprobar,Bajo
CLI-105411,Lima,4621.29,682.18,506,0,54,131,Alto,2.0,1,0.32798060109420857,1,Denegar/Revisar,Medio
CLI-105412,Arequipa,4162.94,6247.12,831,0,33,46,Medio,1.0,0,0.07426085349355382,0,Aprobar,Bajo
CLI-105413,Lima,4296.58,1277.62,945,0,49,104,Medio,1.0,1,0.009258382728342097,0,Aprobar,Bajo
CLI-105414,Lima,4083.0,4616.88,433,1,54,228,Medio,1.0,1,0.7078253307570764,1,Denegar/Revisar,Alto
CLI-105415,Lima,2231.65,410.02,119,1,20,8,Alto,2.0,0,0.9680182720744303,1,Denegar/Revisar,Muy alto
CLI-105416,Lima,3771.39,6900.44,304,1,46,67,Alto,2.0,0,0.9363161634595297,1,Denegar/Revisar,Muy alto
CLI-105417,Lima,2520.71,12653.938750000001,702,1,49,80,Medio,1.0,1,0.5919342116731787,1,Denegar/Revisar,Alto
CLI-105418,Lima,2193.26,12653.938750000001,454,1,36,37,Medio,1.0,0,0.9412769955547416,1,Denegar/Revisar,Muy alto
CLI-105419,Lima,1063.12,2817.08,272,1,25,63,Alto,2.0,0,0.9401555620797631,1,Denegar/Revisar,Muy alto
CLI-105420,Lima,6442.09,2338.69,288,1,50,311,Alto,2.0,1,0.7781687037770492,1,Denegar/Revisar,Muy alto
CLI-105421,Lima,4455.62,8984.36,923,0,26,26,Alto,2.0,0,0.055335517433954665,0,Aprobar,Bajo
CLI-105422,Cusco,4514.39,39.93,101,1,37,129,Alto,2.0,0,0.9512509618483393,1,Denegar/Revisar,Muy alto
CLI-105423,Lima,2798.83,4239.02,972,0,38,41,Alto,2.0,0,0.019554926559944466,0,Aprobar,Bajo
CLI-105424,Lima,2761.47,4226.45,267,1,47,151,Bajo,0.0,1,0.9373064032673804,1,Denegar/Revisar,Muy alto
CLI-105425,Piura,4261.25,1927.56,467,0,32,89,Medio,1.0,0,0.4891489681676334,1,Denegar/Revisar,Medio
CLI-105426,Cusco,5976.89,990.43,635,0,32,103,Medio,1.0,0,0.09837546964382442,0,Aprobar,Bajo
CLI-105427,Lima,3548.26,1096.08,976,0,40,115,Alto,2.0,0,0.008244376174013544,0,Aprobar,Bajo
CLI-105428,Arequipa,3254.21,6447.04,679,1,50,91,Bajo,0.0,1,0.3088397714644629,1,Denegar/Revisar,Medio
CLI-105429,Arequipa,2250.07,273.56,469,1,64,377,Bajo,0.0,1,0.5234048648030152,1,Denegar/Revisar,Alto
CLI-105430,Piura,3929.08,3318.84,805,0,23,9,Alto,2.0,0,0.05706707792748428,0,Aprobar,Bajo
CLI-105431,Lima,2360.23,1465.98,695,0,42,146,Medio,1.0,1,0.13721549178133585,0,Aprobar,Bajo
CLI-105432,Arequipa,3638.81,1232.89,536,1,27,95,Alto,2.0,0,0.3419806359698131,1,Denegar/Revisar,Medio
CLI-105433,Lima,3500.02,2818.76,306,1,50,98,Bajo,0.0,1,0.8664858679290456,1,Denegar/Revisar,Muy alto
CLI-105434,Piura,3801.89,9125.7,148,1,29,67,Medio,1.0,0,0.9898071242905832,1,Denegar/Revisar,Muy alto
CLI-105435,Arequipa,3638.81,3850.3,643,0,32,74,Medio,1.0,0,0.24159447602879416,1,Denegar/Revisar,Bajo
CLI-105436,Lima,3344.26,6216.21,928,0,32,89,Alto,2.0,0,0.03875275141630763,0,Aprobar,Bajo
CLI-105437,Loreto,3600.67,3672.01,781,0,38,117,Alto,2.0,0,0.08099996222059647,0,Aprobar,Bajo
CLI-105438,Lima,5516.13,4785.55,228,0,43,165,Alto,2.0,0,0.9275386789996247,1,Denegar/Revisar,Muy alto
CLI-105439,Loreto,1025.0,2265.41,546,1,43,119,Medio,1.0,1,0.509447731915095,1,Denegar/Revisar,Alto
CLI-105440,Lima,4593.46,10413.77,713,0,39,117,Alto,2.0,0,0.35490544554638526,1,Denegar/Revisar,Medio
CLI-105441,Lima,3786.88,2788.13,134,1,24,44,Medio,1.0,0,0.9668254072084913,1,Denegar/Revisar,Muy alto
CLI-105442,Lima,3655.12,3209.84,918,0,47,302,Alto,2.0,1,0.0213681209288954,0,Aprobar,Bajo
CLI-105443,Cusco,2572.16,2977.47,298,1,38,127,Alto,2.0,0,0.8997189162387756,1,Denegar/Revisar,Muy alto
CLI-105444,Lima,4823.49,1520.29,912,0,52,115,Medio,1.0,1,0.01172343779979329,0,Aprobar,Bajo
CLI-105445,Lima,2807.55,1051.9,176,1,31,57,Bajo,0.0,0,0.9467127734475409,1,Denegar/Revisar,Muy alto
CLI-105446,Lima,5984.59,306.81,468,0,22,22,Alto,2.0,0,0.3194120089166061,1,Denegar/Revisar,Medio
CLI-105447,Piura,4517.97,5065.88,932,0,39,90,Alto,2.0,0,0.022668789344825482,0,Aprobar,Bajo
CLI-105448,Piura,5041.84,1365.88,625,0,54,58,Medio,1.0,1,0.13879466220047734,0,Aprobar,Bajo
CLI-105449,Lima,4071.39,1971.93,448,0,41,89,Medio,1.0,1,0.5469243717640551,1,Denegar/Revisar,Alto
CLI-105450,Lima,4751.18,10099.32,605,0,37,78,Medio,1.0,0,0.5680994202311738,1,Denegar/Revisar,Alto
CLI-105451,Lima,3655.12,3342.97,742,0,29,25,Medio,1.0,0,0.10123387343495606,0,Aprobar,Bajo
CLI-105452,Lima,3475.78,408.48,337,0,58,123,Bajo,0.0,1,0.7457438588811515,1,Denegar/Revisar,Alto
CLI-105453,Lima,3159.65,6430.0,379,1,27,4,Medio,1.0,0,0.8795921291438431,1,Denegar/Revisar,Muy alto
CLI-105454,Arequipa,2777.66,1183.56,676,0,31,49,Alto,2.0,0,0.1445011575162221,0,Aprobar,Bajo
CLI-105455,Lima,3655.12,3218.16,531,0,45,128,Alto,2.0,0,0.4521220633634046,1,Denegar/Revisar,Medio
CLI-105456,Lima,1025.0,2853.25,237,1,18,0,Alto,2.0,0,0.9568560785632362,1,Denegar/Revisar,Muy alto
CLI-105457,Lima,5256.43,1087.65,368,1,54,144,Medio,1.0,1,0.6170380502951703,1,Denegar/Revisar,Alto
CLI-105458,Cusco,1025.0,492.16,839,0,45,279,Medio,1.0,1,0.04371832663554733,0,Aprobar,Bajo
CLI-105459,Cusco,2869.41,949.28,300,1,49,185,Medio,1.0,1,0.8374753218519669,1,Denegar/Revisar,Muy alto
CLI-105460,Loreto,4393.74,409.63,241,1,45,134,Alto,2.0,0,0.8536901054813925,1,Denegar/Revisar,Muy alto
CLI-105461,Lima,2139.43,1289.8,711,0,37,102,Alto,2.0,0,0.12606644965393116,0,Aprobar,Bajo
CLI-105462,Lima,4633.61,12653.938750000001,749,1,28,42,Alto,2.0,0,0.3726808669380117,1,Denegar/Revisar,Medio
CLI-105463,Lima,4531.43,2057.28,779,0,38,81,Alto,2.0,0,0.04893643138249703,0,Aprobar,Bajo
CLI-105464,Lima,4409.95,7977.12,710,0,29,38,Alto,2.0,0,0.2608788196525422,1,Denegar/Revisar,Medio
CLI-105465,Piura,3820.95,3186.73,922,0,44,67,Medio,1.0,1,0.019009539146406202,0,Aprobar,Bajo
CLI-105466,Arequipa,3662.05,4393.45,930,0,48,219,Medio,1.0,1,0.02350042991623823,0,Aprobar,Bajo
CLI-105467,Loreto,2020.81,680.06,938,0,55,88,Medio,1.0,1,0.014695929776125166,0,Aprobar,Bajo
CLI-105468,Loreto,3252.03,1285.26,454,0,43,156,Medio,1.0,1,0.5441540728462335,1,Denegar/Revisar,Alto
CLI-105469,Lima,5230.27,2857.02,677,0,50,20,Medio,1.0,1,0.1148673633733262,0,Aprobar,Bajo
CLI-105470,Arequipa,3707.85,8519.35,946,0,36,62,Medio,1.0,0,0.04669280972601951,0,Aprobar,Bajo
CLI-105471,Lima,3655.12,175.34,428,0,34,88,Bajo,0.0,1,0.5328352503330257,1,Denegar/Revisar,Alto
CLI-105472,Lima,6200.49,2828.34,658,0,45,172,Medio,1.0,1,0.10959237816496231,0,Aprobar,Bajo
CLI-105473,Arequipa,4150.75,209.44,948,0,35,30,Medio,1.0,0,0.007444463315794229,0,Aprobar,Bajo
CLI-105474,Lima,5014.24,2441.28,993,0,43,97,Alto,2.0,0,0.006656367546523729,0,Aprobar,Bajo
CLI-105475,Lima,3963.58,3964.79,330,1,27,62,Medio,1.0,0,0.8508234398676952,1,Denegar/Revisar,Muy alto
CLI-105476,Lima,3067.77,5461.63,407,1,29,20,Alto,2.0,0,0.8293752749210107,1,Denegar/Revisar,Muy alto
CLI-105477,Arequipa,5035.88,596.47,757,0,47,66,Bajo,0.0,1,0.0396870211410818,0,Aprobar,Bajo
CLI-105478,Arequipa,5620.1,728.85,818,0,50,91,Medio,1.0,1,0.019751859353804458,0,Aprobar,Bajo
CLI-105479,Lima,4345.36,2540.0,245,1,28,58,Medio,1.0,0,0.8955719574330409,1,Denegar/Revisar,Muy alto
CLI-105480,Loreto,4525.07,12653.938750000001,251,1,47,151,Bajo,0.0,1,0.9848744367503992,1,Denegar/Revisar,Muy alto
CLI-105481,Lima,1155.93,1760.52,890,0,32,76,Alto,2.0,0,0.03599387419686592,0,Aprobar,Bajo
CLI-105482,Lima,1220.12,2231.16,239,1,38,38,Medio,1.0,0,0.9460998278274226,1,Denegar/Revisar,Muy alto
CLI-105483,Arequipa,3252.28,2265.68,762,0,54,43,Medio,1.0,1,0.07549171942390759,0,Aprobar,Bajo
CLI-105484,Arequipa,1546.07,336.57,120,1,47,262,Alto,2.0,1,0.9719216732242729,1,Denegar/Revisar,Muy alto
CLI-105485,Cusco,2125.85,5951.93,353,1,47,84,Bajo,0.0,1,0.9175778118391922,1,Denegar/Revisar,Muy alto
CLI-105486,Lima,4160.35,1167.3,163,1,60,47,Medio,1.0,1,0.9353076032997698,1,Denegar/Revisar,Muy alto
CLI-105487,Arequipa,3294.37,4865.09,317,1,31,42,Medio,1.0,0,0.9010049235186041,1,Denegar/Revisar,Muy alto
CLI-105488,Piura,2636.72,2578.11,171,1,28,65,Medio,1.0,0,0.9625894309585689,1,Denegar/Revisar,Muy alto
CLI-105489,Cusco,2683.66,3784.73,261,1,31,100,Bajo,0.0,1,0.9361839055031165,1,Denegar/Revisar,Muy alto
CLI-105490,Lima,2357.79,221.93,229,0,36,139,Bajo,0.0,1,0.9096359929452202,1,Denegar/Revisar,Muy alto
CLI-105491,Arequipa,3638.81,8827.85,680,1,18,0,Medio,1.0,0,0.3917734330521282,1,Denegar/Revisar,Medio
CLI-105492,Piura,5229.38,1118.1,324,1,37,125,Medio,1.0,1,0.7114549403639053,1,Denegar/Revisar,Alto
CLI-105493,Lima,1567.67,4435.81,857,0,32,18,Alto,2.0,0,0.07524782804925738,0,Aprobar,Bajo
CLI-105494,Lima,5769.67,6398.33,679,0,48,35,Medio,1.0,1,0.19185346875771808,0,Aprobar,Bajo
CLI-105495,Lima,7046.52,3106.45,553,0,44,144,Bajo,0.0,1,0.22987471413977745,1,Denegar/Revisar,Bajo
CLI-105496,Piura,5366.26,1645.94,483,1,33,74,Bajo,0.0,1,0.38440206818863293,1,Denegar/Revisar,Medio
CLI-105497,Loreto,1427.1,12653.938750000001,206,1,45,221,Medio,1.0,1,0.9949265302073369,1,Denegar/Revisar,Muy alto
CLI-105498,Piura,3210.2,1305.36,720,0,47,55,Alto,2.0,0,0.09399520981053552,0,Aprobar,Bajo
CLI-105499,Piura,3660.39,11877.32,939,0,31,113,Alto,2.0,0,0.1004684062056337,0,Aprobar,Bajo
CLI-105500,Piura,2531.02,679.47,202,1,33,104,Alto,2.0,0,0.9320687995177754,1,Denegar/Revisar,Muy alto
CLI-105501,Lima,2220.98,1972.09,240,1,18,1,Alto,2.0,0,0.9313339426427252,1,Denegar/Revisar,Muy alto
CLI-105502,Lima,3700.53,596.3,676,0,27,17,Alto,2.0,0,0.10749740407984278,0,Aprobar,Bajo
CLI-105503,Lima,1283.22,8.97,233,1,30,79,Alto,2.0,0,0.9224454330783161,1,Denegar/Revisar,Muy alto
CLI-105504,Lima,3655.12,1205.82,298,1,40,181,Medio,1.0,1,0.8220331431276531,1,Denegar/Revisar,Muy alto
CLI-105505,Lima,3655.12,365.0,979,0,29,37,Alto,2.0,0,0.006710974268169028,0,Aprobar,Bajo
CLI-105506,Piura,4801.71,12653.938750000001,609,0,34,153,Alto,2.0,0,0.6799589317457039,1,Denegar/Revisar,Alto
CLI-105507,Lima,2765.5,5736.12,766,0,25,14,Alto,2.0,0,0.1599742448487133,0,Aprobar,Bajo
CLI-105508,Lima,2933.25,14.85,178,1,41,45,Medio,1.0,0,0.9290295467338626,1,Denegar/Revisar,Muy alto
CLI-105509,Lima,3819.34,1012.59,993,0,44,59,Alto,2.0,0,0.006496628254398234,0,Aprobar,Bajo
CLI-105510,Lima,4235.08,4436.16,581,0,44,30,Alto,2.0,0,0.3685376917256961,1,Denegar/Revisar,Medio
CLI-105511,Cusco,4955.5,2033.66,611,0,40,182,Alto,2.0,0,0.18325289998544922,0,Aprobar,Bajo
CLI-105512,Loreto,3627.75,7131.42,349,1,22,6,Alto,2.0,0,0.9127745888093245,1,Denegar/Revisar,Muy alto
CLI-105513,Arequipa,3425.53,2811.67,988,0,32,41,Medio,1.0,0,0.010454506732381841,0,Aprobar,Bajo
CLI-105514,Lima,3051.26,4241.24,698,1,34,31,Alto,2.0,0,0.19741564163523168,0,Aprobar,Bajo
CLI-105515,Arequipa,7869.85,3635.65,915,0,36,142,Medio,1.0,1,0.00881308361271129,0,Aprobar,Bajo
CLI-105516,Loreto,5626.77,4066.31,852,0,41,140,Medio,1.0,1,0.02874200467922246,0,Aprobar,Bajo
CLI-105517,Arequipa,3601.21,1045.97,699,0,55,104,Bajo,0.0,1,0.09847255361677766,0,Aprobar,Bajo
CLI-105518,Lima,2802.76,1869.08,582,0,48,89,Medio,1.0,1,0.31085387563731964,1,Denegar/Revisar,Medio
CLI-105519,Piura,2211.59,207.82,935,0,28,78,Alto,2.0,0,0.013616627212085763,0,Aprobar,Bajo
CLI-105520,Loreto,4734.35,3543.4,271,1,47,126,Bajo,0.0,1,0.8874730995356895,1,Denegar/Revisar,Muy alto
CLI-105521,Piura,3369.65,2459.26,968,0,46,90,Medio,1.0,1,0.011843610239200776,0,Aprobar,Bajo
CLI-105522,Piura,3660.39,5720.42,116,1,30,108,Alto,2.0,0,0.9856305935122792,1,Denegar/Revisar,Muy alto
CLI-105523,Lima,5409.2,924.61,834,0,49,28,Medio,1.0,1,0.0186264101963497,0,Aprobar,Bajo
CLI-105524,Piura,5315.2,2296.57,393,0,38,32,Medio,1.0,0,0.6187255710241985,1,Denegar/Revisar,Alto
CLI-105525,Lima,4624.26,797.44,493,0,24,13,Alto,2.0,0,0.36083788964629643,1,Denegar/Revisar,Medio
CLI-105526,Piura,4027.24,3807.46,921,0,44,64,Alto,2.0,0,0.021614552314327372,0,Aprobar,Bajo
CLI-105527,Lima,3717.86,7536.3,597,1,41,63,Medio,1.0,0,0.5119100529222936,1,Denegar/Revisar,Alto
CLI-105528,Lima,3172.8,5800.23,318,1,36,72,Alto,2.0,0,0.9215242861177205,1,Denegar/Revisar,Muy alto
CLI-105529,Lima,2762.88,11543.78,333,1,38,148,Medio,1.0,1,0.9731981535817403,1,Denegar/Revisar,Muy alto
CLI-105530,Piura,1043.17,12653.938750000001,489,1,30,62,Medio,1.0,0,0.9377861725385284,1,Denegar/Revisar,Muy alto
CLI-105531,Lima,1025.0,5914.23,347,1,45,36,Medio,1.0,0,0.935545303869953,1,Denegar/Revisar,Muy alto
CLI-105532,Arequipa,3940.24,1352.01,151,1,39,96,Medio,1.0,0,0.9465402837345261,1,Denegar/Revisar,Muy alto
CLI-105533,Arequipa,2456.62,990.06,114,1,40,44,Medio,1.0,0,0.9703674450621949,1,Denegar/Revisar,Muy alto
CLI-105534,Lima,4786.06,2373.56,423,0,43,62,Medio,1.0,0,0.5846175403667049,1,Denegar/Revisar,Alto
CLI-105535,Lima,3010.69,12653.938750000001,540,1,26,65,Medio,1.0,0,0.8554463410555497,1,Denegar/Revisar,Muy alto
CLI-105536,Lima,2920.28,2128.66,211,1,29,64,Bajo,0.0,0,0.9399250094517413,1,Denegar/Revisar,Muy alto
CLI-105537,Loreto,3600.67,887.92,795,0,18,1,Medio,1.0,0,0.03967266079260738,0,Aprobar,Bajo
CLI-105538,Piura,6775.01,11554.18,971,0,46,110,Medio,1.0,1,0.03483530970280379,0,Aprobar,Bajo
CLI-105539,Lima,2237.73,12653.938750000001,106,1,25,7,Alto,2.0,0,0.9976875067340409,1,Denegar/Revisar,Muy alto
CLI-105540,Lima,2323.88,4696.35,662,0,40,38,Medio,1.0,0,0.3018715317549457,1,Denegar/Revisar,Medio
CLI-105541,Piura,6169.51,6207.56,925,0,44,220,Medio,1.0,1,0.020257316201586335,0,Aprobar,Bajo
CLI-105542,Loreto,3773.37,7410.01,852,0,46,193,Bajo,0.0,1,0.08742077768931686,0,Aprobar,Bajo
CLI-105543,Loreto,2460.14,6887.75,344,1,25,43,Medio,1.0,0,0.9292936843061278,1,Denegar/Revisar,Muy alto
CLI-105544,Piura,2994.31,7237.58,547,0,38,160,Alto,2.0,0,0.6592569135628074,1,Denegar/Revisar,Alto
CLI-105545,Lima,3655.12,4406.31,464,1,57,228,Bajo,0.0,1,0.6653745356850582,1,Denegar/Revisar,Alto
CLI-105546,Lima,4592.62,2068.92,466,0,58,175,Bajo,0.0,1,0.4893551509945278,1,Denegar/Revisar,Medio
CLI-105547,Lima,3655.12,4401.9,797,0,50,144,Bajo,0.0,1,0.08036308623124268,0,Aprobar,Bajo
CLI-105548,Lima,3425.08,7249.51,386,1,43,33,Medio,1.0,0,0.8843602703112708,1,Denegar/Revisar,Muy alto
CLI-105549,Lima,4280.56,1727.09,703,0,28,73,Medio,1.0,0,0.0907828003271319,0,Aprobar,Bajo
CLI-105550,Lima,2012.18,1406.8,205,1,46,78,Medio,1.0,1,0.9440795334901116,1,Denegar/Revisar,Muy alto
CLI-105551,Lima,5104.7,1684.59,112,1,38,6,Medio,1.0,0,0.9543388716233021,1,Denegar/Revisar,Muy alto
CLI-105552,Cusco,4337.5,3205.46,245,1,45,108,Medio,1.0,1,0.9081559140987299,1,Denegar/Revisar,Muy alto
CLI-105553,Piura,2972.21,215.48,577,0,32,71,Medio,1.0,0,0.242731528122853,1,Denegar/Revisar,Bajo
CLI-105554,Loreto,3800.78,6037.84,730,0,37,95,Medio,1.0,0,0.17716111455574635,0,Aprobar,Bajo
CLI-105555,Arequipa,5469.44,7175.46,814,0,42,236,Alto,2.0,1,0.08075283394408744,0,Aprobar,Bajo
CLI-105556,Lima,4124.04,570.12,752,0,42,154,Alto,2.0,0,0.05053127654858001,0,Aprobar,Bajo
CLI-105557,Arequipa,5030.37,880.89,214,1,45,200,Alto,2.0,1,0.8774954045013885,1,Denegar/Revisar,Muy alto
CLI-105558,Lima,3655.12,3440.85,608,1,33,135,Medio,1.0,0,0.2878433370685396,1,Denegar/Revisar,Medio
CLI-105559,Piura,3381.32,1345.07,251,0,24,20,Medio,1.0,0,0.887357128773194,1,Denegar/Revisar,Muy alto
CLI-105560,Lima,3178.41,1836.04,156,1,57,304,Bajo,0.0,1,0.958689889790553,1,Denegar/Revisar,Muy alto
CLI-105561,Cusco,8185.34,10732.4,481,1,68,137,Bajo,0.0,1,0.6926717141637463,1,Denegar/Revisar,Alto
CLI-105562,Lima,1484.31,7514.56,256,1,43,63,Bajo,0.0,1,0.9780908132458492,1,Denegar/Revisar,Muy alto
CLI-105563,Lima,2700.35,7647.32,921,0,24,34,Medio,1.0,0,0.06109967511748751,0,Aprobar,Bajo
CLI-105564,Cusco,2601.84,3447.61,232,1,30,55,Alto,2.0,0,0.9481246713575393,1,Denegar/Revisar,Muy alto
CLI-105565,Lima,5131.03,8053.6,262,1,45,239,Alto,2.0,1,0.9530263593240916,1,Denegar/Revisar,Muy alto
CLI-105566,Arequipa,1025.0,6030.52,374,1,53,112,Medio,1.0,1,0.9203008828176052,1,Denegar/Revisar,Muy alto
CLI-105567,Arequipa,3638.81,12250.64,794,1,26,24,Alto,2.0,0,0.32126662624188873,1,Denegar/Revisar,Medio
CLI-105568,Loreto,2252.41,266.13,176,1,37,71,Medio,1.0,0,0.9427670209802482,1,Denegar/Revisar,Muy alto
CLI-105569,Cusco,7552.24,116.59,936,0,43,22,Alto,2.0,0,0.003869871406998352,0,Aprobar,Bajo
CLI-105570,Cusco,2824.16,769.63,143,1,48,31,Alto,2.0,0,0.9578478147192826,1,Denegar/Revisar,Muy alto
CLI-105571,Lima,2390.37,10585.08,817,0,35,78,Alto,2.0,0,0.2639053010858168,1,Denegar/Revisar,Medio
CLI-105572,Loreto,5031.07,3721.2,649,0,22,37,Alto,2.0,0,0.18062970029845915,0,Aprobar,Bajo
CLI-105573,Piura,5826.89,2221.29,417,0,47,49,Alto,2.0,0,0.5406234209369588,1,Denegar/Revisar,Alto
CLI-105574,Piura,3660.39,2875.59,633,0,51,169,Bajo,0.0,1,0.22749361834180282,1,Denegar/Revisar,Bajo
CLI-105575,Lima,4549.61,7078.53,684,0,38,176,Alto,2.0,0,0.26508987032161474,1,Denegar/Revisar,Medio
CLI-105576,Arequipa,4439.14,10586.5,852,0,44,66,Medio,1.0,1,0.13381005004698365,0,Aprobar,Bajo
CLI-105577,Cusco,3864.4,5232.87,253,1,34,45,Alto,2.0,0,0.9422799698756406,1,Denegar/Revisar,Muy alto
CLI-105578,Cusco,2483.56,5705.93,336,1,29,80,Alto,2.0,0,0.9194133012918609,1,Denegar/Revisar,Muy alto
CLI-105579,Lima,5426.95,1544.87,992,0,51,172,Alto,2.0,1,0.005060600225310141,0,Aprobar,Bajo
CLI-105580,Lima,4989.7,2517.2,616,0,44,63,Alto,2.0,0,0.19043503281941399,0,Aprobar,Bajo
CLI-105581,Lima,4211.45,8658.61,320,1,45,121,Medio,1.0,1,0.9409570890026795,1,Denegar/Revisar,Muy alto
CLI-105582,Loreto,1025.0,6165.89,409,1,54,217,Medio,1.0,1,0.8953599788486886,1,Denegar/Revisar,Muy alto
CLI-105583,Arequipa,1743.2,4611.48,697,0,27,76,Medio,1.0,0,0.2592417584246433,1,Denegar/Revisar,Medio
CLI-105584,Lima,2018.15,269.89,276,1,32,51,Alto,2.0,0,0.87623358531395,1,Denegar/Revisar,Muy alto
CLI-105585,Lima,3655.12,161.24,870,0,41,51,Medio,1.0,0,0.017018716770077977,0,Aprobar,Bajo
CLI-105586,Lima,3976.8,558.94,319,1,33,86,Alto,2.0,0,0.761407739278587,1,Denegar/Revisar,Muy alto
CLI-105587,Lima,3655.12,3483.27,137,1,48,273,Bajo,0.0,1,0.9723462655453003,1,Denegar/Revisar,Muy alto
CLI-105588,Cusco,4492.36,3074.82,753,0,37,127,Medio,1.0,1,0.07325829674171139,0,Aprobar,Bajo
CLI-105589,Piura,3660.39,11437.18,530,1,28,60,Alto,2.0,0,0.8251728655223177,1,Denegar/Revisar,Muy alto
CLI-105590,Lima,5194.0,4746.62,846,0,40,22,Alto,2.0,0,0.03987277886820146,0,Aprobar,Bajo
CLI-105591,Piura,2414.25,12653.938750000001,302,1,40,69,Medio,1.0,0,0.9844652581940574,1,Denegar/Revisar,Muy alto
CLI-105592,Lima,3827.37,704.55,940,0,49,80,Medio,1.0,1,0.009582694279869465,0,Aprobar,Bajo
CLI-105593,Cusco,2363.65,7576.05,905,0,43,124,Medio,1.0,1,0.07453473105214987,0,Aprobar,Bajo
CLI-105594,Lima,6204.49,2461.96,547,0,45,221,Bajo,0.0,1,0.25096842441746664,1,Denegar/Revisar,Medio
CLI-105595,Lima,4399.04,4239.14,594,0,43,158,Medio,1.0,1,0.3146253899151323,1,Denegar/Revisar,Medio
CLI-105596,Lima,1647.65,3330.96,783,0,36,132,Bajo,0.0,1,0.11240161265951865,0,Aprobar,Bajo
CLI-105597,Arequipa,4787.97,454.72,224,1,32,108,Alto,2.0,0,0.8631095373688622,1,Denegar/Revisar,Muy alto
CLI-105598,Arequipa,5361.82,235.0,937,0,43,226,Alto,2.0,1,0.00651726880165364,0,Aprobar,Bajo
CLI-105599,Arequipa,4619.44,1892.95,164,1,36,38,Medio,1.0,0,0.937530415836227,1,Denegar/Revisar,Muy alto
CLI-105600,Lima,3446.09,1794.85,892,0,58,133,Medio,1.0,1,0.020449064094954793,0,Aprobar,Bajo
CLI-105601,Lima,3637.46,4480.96,883,0,54,184,Bajo,0.0,1,0.038295128563741385,0,Aprobar,Bajo
CLI-105602,Lima,1967.03,4000.87,343,1,45,101,Medio,1.0,1,0.8899299731139441,1,Denegar/Revisar,Muy alto
CLI-105603,Arequipa,6927.77,12653.938750000001,626,0,44,146,Medio,1.0,1,0.5155674308402864,1,Denegar/Revisar,Alto
CLI-105604,Lima,2398.51,7810.52,325,1,38,103,Alto,2.0,0,0.9526547356265117,1,Denegar/Revisar,Muy alto
CLI-105605,Piura,2195.18,2745.34,564,1,25,32,Alto,2.0,0,0.43468677090904656,1,Denegar/Revisar,Medio
CLI-105606,Loreto,3013.57,2772.79,742,0,36,49,Alto,2.0,0,0.10748867959576895,0,Aprobar,Bajo
CLI-105607,Loreto,3624.26,4485.02,806,0,40,30,Alto,2.0,0,0.07605911016253264,0,Aprobar,Bajo
CLI-105608,Lima,5617.93,484.56,392,1,42,67,Alto,2.0,0,0.5197621710541712,1,Denegar/Revisar,Alto
CLI-105609,Lima,4555.26,12653.938750000001,820,1,45,66,Medio,1.0,1,0.23021859636053182,1,Denegar/Revisar,Bajo
CLI-105610,Lima,5310.33,2925.96,480,1,50,103,Alto,2.0,0,0.4602186036769126,1,Denegar/Revisar,Medio
CLI-105611,Arequipa,4375.96,9627.56,724,1,32,53,Medio,1.0,0,0.2984300738306381,1,Denegar/Revisar,Medio
CLI-105612,Loreto,3939.65,12653.938750000001,855,1,32,60,Bajo,0.0,1,0.2052045412789957,1,Denegar/Revisar,Bajo
CLI-105613,Lima,1466.23,3485.68,265,1,54,76,Bajo,0.0,1,0.9462225248658712,1,Denegar/Revisar,Muy alto
CLI-105614,Lima,6495.04,436.35,802,0,49,122,Alto,2.0,1,0.018328923527074905,0,Aprobar,Bajo
CLI-105615,Loreto,5722.44,3407.13,868,0,36,96,Medio,1.0,0,0.0212122663822638,0,Aprobar,Bajo
CLI-105616,Loreto,5998.92,3641.66,938,0,39,80,Alto,2.0,0,0.011379026412232252,0,Aprobar,Bajo
CLI-105617,Lima,4521.75,6227.25,317,1,38,92,Medio,1.0,0,0.9012601302684432,1,Denegar/Revisar,Muy alto
CLI-105618,Piura,3374.83,197.72,970,0,39,149,Medio,1.0,1,0.0072345909879343384,0,Aprobar,Bajo
CLI-105619,Lima,3645.51,2511.8,374,1,44,201,Alto,2.0,1,0.7565309792678123,1,Denegar/Revisar,Muy alto
CLI-105620,Lima,3655.12,10243.88,151,1,67,257,Medio,1.0,1,0.9919809078729834,1,Denegar/Revisar,Muy alto
CLI-105621,Cusco,3560.7650000000003,12653.938750000001,473,1,41,140,Bajo,0.0,1,0.9103024455884222,1,Denegar/Revisar,Muy alto
CLI-105622,Loreto,4272.89,849.72,769,0,47,79,Alto,2.0,0,0.044434930691850776,0,Aprobar,Bajo
CLI-105623,Arequipa,6386.48,8179.36,462,1,22,25,Alto,2.0,0,0.7045631056249037,1,Denegar/Revisar,Alto
CLI-105624,Lima,4631.47,632.47,666,0,34,47,Medio,1.0,0,0.09367084288712911,0,Aprobar,Bajo
CLI-105625,Loreto,4708.99,7359.8,113,1,53,193,Medio,1.0,1,0.9868841835635367,1,Denegar/Revisar,Muy alto
CLI-105626,Lima,4560.22,1298.92,880,0,44,279,Alto,2.0,1,0.016604100751813622,0,Aprobar,Bajo
CLI-105627,Lima,3655.12,12653.938750000001,439,0,18,1,Alto,2.0,0,0.9317818943241952,1,Denegar/Revisar,Muy alto
CLI-105628,Piura,5355.77,4756.29,701,0,47,251,Medio,1.0,1,0.13066140030195927,0,Aprobar,Bajo
CLI-105629,Lima,4876.28,2037.38,638,0,61,426,Bajo,0.0,1,0.15076956853865714,0,Aprobar,Bajo
CLI-105630,Arequipa,3395.7,1319.43,188,1,18,0,Alto,2.0,0,0.9361208447794229,1,Denegar/Revisar,Muy alto
CLI-105631,Piura,1510.8,1072.76,140,0,55,253,Bajo,0.0,1,0.9712603403490747,1,Denegar/Revisar,Muy alto
CLI-105632,Lima,4822.44,4567.65,403,1,18,0,Alto,2.0,0,0.7355131180204495,1,Denegar/Revisar,Alto
CLI-105633,Lima,3655.12,9045.43,367,1,49,198,Bajo,0.0,1,0.9293664338125297,1,Denegar/Revisar,Muy alto
CLI-105634,Lima,4140.03,5625.04,237,1,39,85,Alto,2.0,0,0.9508114537897321,1,Denegar/Revisar,Muy alto
CLI-105635,Lima,1064.52,7202.19,105,1,18,0,Alto,2.0,0,0.9947624459014011,1,Denegar/Revisar,Muy alto
CLI-105636,Piura,1911.43,6081.75,341,1,43,186,Alto,2.0,1,0.9308373617963683,1,Denegar/Revisar,Muy alto
CLI-105637,Loreto,3460.14,12653.938750000001,261,1,52,306,Medio,1.0,1,0.9864929571971986,1,Denegar/Revisar,Muy alto
CLI-105638,Lima,3655.12,5672.05,791,0,43,98,Medio,1.0,1,0.10420192701406679,0,Aprobar,Bajo
CLI-105639,Lima,4641.03,11328.56,908,1,46,97,Alto,2.0,0,0.09581075627532716,0,Aprobar,Bajo
CLI-105640,Piura,2943.26,6273.15,617,0,34,106,Alto,2.0,0,0.4530129401897529,1,Denegar/Revisar,Medio
CLI-105641,Loreto,3600.67,1554.84,997,0,19,9,Alto,2.0,0,0.007375259006745759,0,Aprobar,Bajo
CLI-105642,Lima,4472.24,12653.938750000001,882,0,47,37,Medio,1.0,1,0.14561356130166117,0,Aprobar,Bajo
CLI-105643,Lima,3790.06,1890.73,500,0,58,127,Bajo,0.0,1,0.44696551173531285,1,Denegar/Revisar,Medio
CLI-105644,Piura,4029.73,1385.73,883,0,52,233,Medio,1.0,1,0.017870734051048963,0,Aprobar,Bajo
CLI-105645,Lima,1925.93,1093.62,255,1,18,0,Alto,2.0,0,0.9129019302160838,1,Denegar/Revisar,Muy alto
CLI-105646,Lima,4558.02,4297.8,184,1,23,22,Alto,2.0,0,0.9561255126258196,1,Denegar/Revisar,Muy alto
CLI-105647,Arequipa,3157.93,462.64,811,0,29,18,Alto,2.0,0,0.03607888647951381,0,Aprobar,Bajo
CLI-105648,Piura,5264.12,12278.37,109,1,22,26,Medio,1.0,0,0.9948734072483814,1,Denegar/Revisar,Muy alto
CLI-105649,Piura,1736.53,1394.33,237,1,39,85,Medio,1.0,0,0.9300476128996515,1,Denegar/Revisar,Muy alto
CLI-105650,Arequipa,4690.4,1400.5,853,0,44,125,Alto,2.0,0,0.02110667092391977,0,Aprobar,Bajo
CLI-105651,Arequipa,4228.32,188.64,812,0,23,19,Alto,2.0,0,0.026573110522818782,0,Aprobar,Bajo
CLI-105652,Lima,2841.07,1129.54,255,1,47,93,Medio,1.0,1,0.8915184105829108,1,Denegar/Revisar,Muy alto
CLI-105653,Lima,4536.88,2171.88,507,1,46,201,Bajo,0.0,1,0.40310985682715283,1,Denegar/Revisar,Medio
CLI-105654,Lima,5456.68,1845.64,886,0,34,103,Medio,1.0,0,0.013806850139940837,0,Aprobar,Bajo
CLI-105655,Lima,3655.12,1275.42,324,1,37,32,Alto,2.0,0,0.792401460505524,1,Denegar/Revisar,Muy alto
CLI-105656,Arequipa,2262.17,166.39,679,0,18,1,Alto,2.0,0,0.12991212443787786,0,Aprobar,Bajo
CLI-105657,Loreto,1309.04,1430.02,283,1,34,13,Alto,2.0,0,0.9089694683921069,1,Denegar/Revisar,Muy alto
CLI-105658,Cusco,1240.8,6026.28,294,1,38,133,Alto,2.0,0,0.9602439286772534,1,Denegar/Revisar,Muy alto
CLI-105659,Piura,3439.87,2310.66,653,0,41,81,Bajo,0.0,1,0.18568877360466896,0,Aprobar,Bajo
CLI-105660,Lima,6663.01,1374.33,495,0,44,46,Alto,2.0,0,0.28054977358910466,1,Denegar/Revisar,Medio
CLI-105661,Lima,3950.24,1454.18,762,0,42,81,Medio,1.0,1,0.05527505157788599,0,Aprobar,Bajo
CLI-105662,Loreto,7041.37,3233.67,695,0,37,69,Alto,2.0,0,0.07494901500752445,0,Aprobar,Bajo
CLI-105663,Piura,2915.89,1439.82,233,1,42,105,Medio,1.0,1,0.9137959440350569,1,Denegar/Revisar,Muy alto
CLI-105664,Piura,3555.98,3985.64,408,0,50,193,Bajo,0.0,1,0.7589318641866166,1,Denegar/Revisar,Muy alto
CLI-105665,Arequipa,5323.66,12653.938750000001,965,0,39,61,Bajo,0.0,1,0.06255439289594293,0,Aprobar,Bajo
CLI-105666,Arequipa,3881.47,168.19,909,0,43,100,Medio,1.0,1,0.011282169558265378,0,Aprobar,Bajo
CLI-105667,Loreto,4122.93,739.24,641,0,37,101,Alto,2.0,0,0.13516296398147226,0,Aprobar,Bajo
CLI-105668,Lima,3655.12,789.45,108,1,32,23,Alto,2.0,0,0.9631410325340566,1,Denegar/Revisar,Muy alto
CLI-105669,Arequipa,3638.81,2370.1,269,1,45,225,Alto,2.0,1,0.8899641726416494,1,Denegar/Revisar,Muy alto
CLI-105670,Loreto,1025.0,169.2,389,0,32,87,Medio,1.0,0,0.7441980123582814,1,Denegar/Revisar,Alto
CLI-105671,Lima,4121.86,2596.69,267,1,43,153,Alto,2.0,0,0.8854314287180822,1,Denegar/Revisar,Muy alto
CLI-105672,Piura,1340.98,10576.06,443,1,38,19,Medio,1.0,0,0.936183108328333,1,Denegar/Revisar,Muy alto
CLI-105673,Lima,5809.51,46.53,596,0,37,16,Alto,2.0,0,0.12222051397779328,0,Aprobar,Bajo
CLI-105674,Cusco,3522.03,1816.14,244,0,35,160,Alto,2.0,0,0.9033493661684027,1,Denegar/Revisar,Muy alto
CLI-105675,Lima,4963.11,5723.39,512,0,34,37,Medio,1.0,0,0.5431952474574416,1,Denegar/Revisar,Alto
CLI-105676,Piura,3660.39,671.28,839,0,21,16,Alto,2.0,0,0.02607147174686979,0,Aprobar,Bajo
CLI-105677,Lima,2648.79,322.93,917,0,43,91,Medio,1.0,1,0.014350445729146219,0,Aprobar,Bajo
CLI-105678,Arequipa,3352.41,3985.43,687,0,41,182,Alto,2.0,0,0.1941543375888793,0,Aprobar,Bajo
CLI-105679,Lima,5764.28,40.0,834,0,49,258,Alto,2.0,1,0.014845522366421967,0,Aprobar,Bajo
CLI-105680,Lima,7248.58,6473.32,788,0,35,93,Medio,1.0,0,0.05798377093972076,0,Aprobar,Bajo
CLI-105681,Lima,4374.55,276.77,556,1,60,354,Bajo,0.0,1,0.22886360703474376,1,Denegar/Revisar,Bajo
CLI-105682,Cusco,2126.5,2972.33,800,0,34,126,Alto,2.0,0,0.08220433374259392,0,Aprobar,Bajo
CLI-105683,Lima,1844.15,5390.26,401,1,29,15,Medio,1.0,0,0.8662113540322129,1,Denegar/Revisar,Muy alto
CLI-105684,Lima,1025.0,1108.35,145,1,27,48,Alto,2.0,0,0.9732382244476708,1,Denegar/Revisar,Muy alto
CLI-105685,Arequipa,4292.25,437.21,993,0,20,6,Alto,2.0,0,0.005162281052240476,0,Aprobar,Bajo
CLI-105686,Piura,2316.14,772.51,116,1,55,74,Bajo,0.0,1,0.9705502061612893,1,Denegar/Revisar,Muy alto
CLI-105687,Cusco,3649.08,7715.37,677,0,54,228,Bajo,0.0,1,0.35193124859738306,1,Denegar/Revisar,Medio
CLI-105688,Lima,1807.87,4893.71,459,0,45,131,Bajo,0.0,1,0.7800253664862945,1,Denegar/Revisar,Muy alto
CLI-105689,Piura,1459.59,10596.91,360,1,28,68,Medio,1.0,0,0.9689702163204793,1,Denegar/Revisar,Muy alto
CLI-105690,Lima,3085.17,5036.83,222,1,59,39,Bajo,0.0,1,0.9616876958866801,1,Denegar/Revisar,Muy alto
CLI-105691,Lima,3886.62,4932.48,330,1,35,87,Alto,2.0,0,0.8809835199637186,1,Denegar/Revisar,Muy alto
CLI-105692,Arequipa,2194.74,12653.938750000001,736,0,35,157,Medio,1.0,1,0.5321197497530484,1,Denegar/Revisar,Alto
CLI-105693,Piura,3632.57,1987.4,211,1,55,159,Medio,1.0,1,0.9252980878636383,1,Denegar/Revisar,Muy alto
CLI-105694,Arequipa,5686.15,8005.58,883,0,47,144,Medio,1.0,1,0.047747583179735494,0,Aprobar,Bajo
CLI-105695,Lima,1025.0,2365.56,692,0,62,53,Bajo,0.0,1,0.21888446951252608,1,Denegar/Revisar,Bajo
CLI-105696,Lima,5553.52,9121.74,345,0,42,124,Medio,1.0,1,0.9105607298767248,1,Denegar/Revisar,Muy alto
CLI-105697,Lima,5469.31,384.28,958,0,35,20,Alto,2.0,0,0.005393374382254306,0,Aprobar,Bajo
CLI-105698,Cusco,4914.19,771.0,490,0,33,114,Bajo,0.0,1,0.35059008906291783,1,Denegar/Revisar,Medio
CLI-105699,Lima,3655.12,7587.26,491,1,19,4,Medio,1.0,0,0.7440911372815123,1,Denegar/Revisar,Alto
CLI-105700,Lima,4534.72,6843.68,427,1,36,48,Alto,2.0,0,0.793321377026728,1,Denegar/Revisar,Muy alto
CLI-105701,Lima,4481.11,1457.87,314,0,52,334,Medio,1.0,1,0.7758518228951938,1,Denegar/Revisar,Muy alto
CLI-105702,Piura,3448.68,3633.27,963,0,46,195,Bajo,0.0,1,0.016157687549061404,0,Aprobar,Bajo
CLI-105703,Lima,5361.81,1929.6,846,0,40,148,Alto,2.0,0,0.02155778768441871,0,Aprobar,Bajo
CLI-105704,Cusco,3224.76,41.48,466,0,28,53,Bajo,0.0,0,0.46173732282125435,1,Denegar/Revisar,Medio
CLI-105705,Lima,3655.12,105.8,181,1,41,57,Alto,2.0,0,0.9193775863800951,1,Denegar/Revisar,Muy alto
CLI-105706,Loreto,4015.33,223.13,905,0,50,286,Alto,2.0,1,0.011930702784895397,0,Aprobar,Bajo
CLI-105707,Lima,4594.41,3606.32,921,0,44,67,Alto,2.0,0,0.01822403010666604,0,Aprobar,Bajo
CLI-105708,Arequipa,2396.1,1309.73,175,1,40,68,Medio,1.0,0,0.9524891580615783,1,Denegar/Revisar,Muy alto
CLI-105709,Cusco,2564.32,621.7,626,0,30,56,Medio,1.0,0,0.19513401478903006,0,Aprobar,Bajo
CLI-105710,Lima,3655.12,11329.77,831,0,49,126,Bajo,0.0,1,0.21529337871013035,1,Denegar/Revisar,Bajo
CLI-105711,Cusco,4543.67,517.33,602,1,18,0,Alto,2.0,0,0.16318760584050418,0,Aprobar,Bajo
CLI-105712,Lima,4401.03,4483.21,841,0,44,187,Medio,1.0,1,0.04545220645684569,0,Aprobar,Bajo
CLI-105713,Cusco,1229.67,8983.31,578,0,66,160,Bajo,0.0,1,0.7590212620566152,1,Denegar/Revisar,Muy alto
CLI-105714,Arequipa,2565.11,715.69,471,0,22,3,Alto,2.0,0,0.523780807415985,1,Denegar/Revisar,Alto
CLI-105715,Lima,1961.86,966.91,364,0,36,148,Bajo,0.0,1,0.7844824650645074,1,Denegar/Revisar,Muy alto
CLI-105716,Lima,5822.65,3411.51,363,1,40,123,Medio,1.0,1,0.7075010361289524,1,Denegar/Revisar,Alto
CLI-105717,Lima,3094.84,2840.76,209,1,34,98,Alto,2.0,0,0.9467908635769957,1,Denegar/Revisar,Muy alto
CLI-105718,Lima,2891.66,2944.45,406,0,50,320,Alto,2.0,1,0.7502339061158572,1,Denegar/Revisar,Muy alto
CLI-105719,Lima,2259.92,3235.83,299,1,44,90,Alto,2.0,0,0.9098446155916473,1,Denegar/Revisar,Muy alto
CLI-105720,Lima,2962.72,11975.17,325,1,40,116,Alto,2.0,0,0.977031131957031,1,Denegar/Revisar,Muy alto
CLI-105721,Lima,4195.3,221.37,284,1,48,53,Medio,1.0,1,0.7905542554417978,1,Denegar/Revisar,Muy alto
CLI-105722,Arequipa,1025.0,5715.95,130,1,38,171,Medio,1.0,1,0.9907050228415281,1,Denegar/Revisar,Muy alto
CLI-105723,Lima,4271.25,1058.5,713,0,70,293,Bajo,0.0,1,0.07596507244584341,0,Aprobar,Bajo
CLI-105724,Lima,3483.11,1871.56,870,0,41,54,Bajo,0.0,1,0.026168415641414627,0,Aprobar,Bajo
CLI-105725,Piura,3542.01,374.13,198,1,41,102,Medio,1.0,1,0.9104283366523472,1,Denegar/Revisar,Muy alto
CLI-105726,Lima,4574.65,2359.67,438,1,21,20,Medio,1.0,0,0.5614792606470443,1,Denegar/Revisar,Alto
CLI-105727,Lima,3276.72,6523.04,910,0,33,82,Alto,2.0,0,0.04918625310840878,0,Aprobar,Bajo
CLI-105728,Lima,2238.2,415.85,896,0,51,98,Medio,1.0,1,0.01950046251533128,0,Aprobar,Bajo
CLI-105729,Cusco,3560.7650000000003,1289.67,365,1,24,49,Alto,2.0,0,0.7270585997842627,1,Denegar/Revisar,Alto
CLI-105730,Loreto,5932.6,1867.63,751,0,18,0,Alto,2.0,0,0.04437980123421452,0,Aprobar,Bajo
CLI-105731,Lima,5579.49,438.81,913,0,40,91,Alto,2.0,0,0.008089329328201177,0,Aprobar,Bajo
CLI-105732,Arequipa,3638.81,5747.27,897,0,54,182,Medio,1.0,1,0.04204392543960524,0,Aprobar,Bajo
CLI-105733,Piura,2445.74,6184.86,449,1,39,166,Bajo,0.0,1,0.8152185298419957,1,Denegar/Revisar,Muy alto
CLI-105734,Arequipa,3314.98,7229.0,827,0,35,85,Medio,1.0,0,0.11092139746085325,0,Aprobar,Bajo
CLI-105735,Arequipa,1839.56,3507.28,643,1,18,1,Alto,2.0,0,0.31855643474800915,1,Denegar/Revisar,Medio
CLI-105736,Piura,4789.16,2830.92,556,0,44,73,Medio,1.0,1,0.3078841991013842,1,Denegar/Revisar,Medio
CLI-105737,Lima,5779.12,1218.24,914,0,47,54,Medio,1.0,1,0.008674379571512176,0,Aprobar,Bajo
CLI-105738,Lima,2293.29,4258.68,187,1,19,8,Alto,2.0,0,0.9726328900657651,1,Denegar/Revisar,Muy alto
CLI-105739,Lima,2072.98,2352.0,162,1,51,270,Medio,1.0,1,0.9681750356569573,1,Denegar/Revisar,Muy alto
CLI-105740,Loreto,2424.59,12653.938750000001,486,1,47,189,Medio,1.0,1,0.9183802049139179,1,Denegar/Revisar,Muy alto
CLI-105741,Piura,3604.45,12653.938750000001,890,0,51,33,Bajo,0.0,1,0.16733583729823578,0,Aprobar,Bajo
CLI-105742,Loreto,2513.24,9424.16,558,1,45,74,Alto,2.0,0,0.7558753154900792,1,Denegar/Revisar,Muy alto
CLI-105743,Cusco,3637.19,1785.71,685,0,46,222,Alto,2.0,1,0.12618639620937216,0,Aprobar,Bajo
CLI-105744,Lima,5513.59,1835.29,917,0,45,78,Bajo,0.0,1,0.01059834125682747,0,Aprobar,Bajo
CLI-105745,Arequipa,4995.04,7660.41,735,0,49,200,Medio,1.0,1,0.17989475965199136,0,Aprobar,Bajo
CLI-105746,Arequipa,1977.96,5224.54,368,1,18,1,Alto,2.0,0,0.8956568270754812,1,Denegar/Revisar,Muy alto
CLI-105747,Cusco,4713.71,4874.46,993,0,23,3,Alto,2.0,0,0.011868653412697121,0,Aprobar,Bajo
CLI-105748,Cusco,5261.23,1311.86,896,0,32,41,Alto,2.0,0,0.01223206286194252,0,Aprobar,Bajo
CLI-105749,Arequipa,2554.32,7167.4,732,0,37,61,Alto,2.0,0,0.2712673948678412,1,Denegar/Revisar,Medio
CLI-105750,Lima,3602.13,3464.49,445,0,43,102,Medio,1.0,1,0.6548640268078326,1,Denegar/Revisar,Alto
CLI-105751,Arequipa,5966.47,2368.62,823,0,43,79,Alto,2.0,0,0.025405483521337077,0,Aprobar,Bajo
CLI-105752,Lima,4132.66,8022.45,1000,0,51,127,Medio,1.0,1,0.023512585069743557,0,Aprobar,Bajo
CLI-105753,Arequipa,1025.0,2004.89,759,0,51,242,Medio,1.0,1,0.11760080665235337,0,Aprobar,Bajo
CLI-105754,Cusco,1025.0,4244.41,177,1,28,75,Medio,1.0,0,0.9804928399665983,1,Denegar/Revisar,Muy alto
CLI-105755,Lima,3894.22,2508.73,464,1,42,158,Medio,1.0,1,0.5480098210772376,1,Denegar/Revisar,Alto
CLI-105756,Piura,2885.77,12653.938750000001,113,1,29,59,Medio,1.0,0,0.997019241477923,1,Denegar/Revisar,Muy alto
CLI-105757,Lima,3251.6,165.57,235,1,37,126,Bajo,0.0,1,0.8842809174142424,1,Denegar/Revisar,Muy alto
CLI-105758,Lima,4039.93,2473.01,403,0,43,254,Bajo,0.0,1,0.681786604470473,1,Denegar/Revisar,Alto
CLI-105759,Lima,1272.82,3252.15,496,1,18,1,Alto,2.0,0,0.6673452636674154,1,Denegar/Revisar,Alto
CLI-105760,Arequipa,3071.78,12653.938750000001,891,1,65,385,Medio,1.0,1,0.17815623008028894,0,Aprobar,Bajo
CLI-105761,Cusco,3490.6,7520.01,178,1,45,273,Medio,1.0,1,0.9824936273865098,1,Denegar/Revisar,Muy alto
CLI-105762,Cusco,5311.8,1490.78,854,0,33,125,Alto,2.0,0,0.018499486473134798,0,Aprobar,Bajo
CLI-105763,Lima,3722.67,8619.3,804,0,60,288,Alto,2.0,1,0.1640893015309,0,Aprobar,Bajo
CLI-105764,Loreto,1385.58,2066.45,517,0,34,38,Alto,2.0,0,0.555430331714448,1,Denegar/Revisar,Alto
CLI-105765,Arequipa,3691.95,4743.57,341,1,40,38,Medio,1.0,0,0.8659229238538346,1,Denegar/Revisar,Muy alto
CLI-105766,Lima,2876.7,362.86,150,1,33,60,Alto,2.0,0,0.9507171695516781,1,Denegar/Revisar,Muy alto
CLI-105767,Lima,2598.63,893.34,843,0,57,286,Bajo,0.0,1,0.03341543627781546,0,Aprobar,Bajo
CLI-105768,Lima,1264.55,5727.95,870,0,37,132,Medio,1.0,1,0.08899605655937307,0,Aprobar,Bajo
CLI-105769,Cusco,3560.7650000000003,49.62,483,0,41,94,Bajo,0.0,1,0.40394032239911265,1,Denegar/Revisar,Medio
CLI-105770,Piura,2521.82,12653.938750000001,474,1,52,74,Bajo,0.0,1,0.9275084258197841,1,Denegar/Revisar,Muy alto
CLI-105771,Arequipa,4438.05,845.99,829,1,46,75,Alto,2.0,0,0.02483770182970844,0,Aprobar,Bajo
CLI-105772,Lima,3655.12,9262.84,305,1,38,151,Medio,1.0,1,0.9595362175578512,1,Denegar/Revisar,Muy alto
CLI-105773,Arequipa,2629.61,2902.23,925,0,51,97,Bajo,0.0,1,0.023731768985318032,0,Aprobar,Bajo
CLI-105774,Lima,4302.8,3325.73,588,1,67,247,Bajo,0.0,1,0.2985144536773925,1,Denegar/Revisar,Medio
CLI-105775,Lima,2170.32,351.53,480,1,42,61,Bajo,0.0,1,0.5063671083079118,1,Denegar/Revisar,Alto
CLI-105776,Piura,2216.93,12653.938750000001,980,0,40,103,Medio,1.0,1,0.10289849755355276,0,Aprobar,Bajo
CLI-105777,Lima,1025.0,679.45,410,1,40,67,Alto,2.0,0,0.7344161831147804,1,Denegar/Revisar,Alto
CLI-105778,Loreto,3443.14,2985.61,474,1,53,244,Bajo,0.0,1,0.5848429767080304,1,Denegar/Revisar,Alto
CLI-105779,Lima,6353.15,3200.54,731,0,33,79,Alto,2.0,0,0.06308835652636936,0,Aprobar,Bajo
CLI-105780,Arequipa,3638.81,4946.91,691,0,36,48,Medio,1.0,0,0.2038097066895191,1,Denegar/Revisar,Bajo
CLI-105781,Lima,5456.74,8424.07,141,1,23,36,Alto,2.0,0,0.9844466105092546,1,Denegar/Revisar,Muy alto
CLI-105782,Piura,5937.23,2525.8,632,0,27,11,Alto,2.0,0,0.13999510888970582,0,Aprobar,Bajo
CLI-105783,Lima,4516.43,1062.95,621,0,34,131,Alto,2.0,0,0.15559336995985124,0,Aprobar,Bajo
CLI-105784,Lima,6709.74,1623.29,924,0,40,124,Alto,2.0,0,0.007214673570425492,0,Aprobar,Bajo
CLI-105785,Cusco,5196.06,7511.62,252,1,59,208,Bajo,0.0,1,0.9514002607888581,1,Denegar/Revisar,Muy alto
CLI-105786,Lima,5090.04,630.66,411,0,45,158,Medio,1.0,1,0.5039292550574144,1,Denegar/Revisar,Alto
CLI-105787,Loreto,1025.0,3947.45,393,1,28,26,Medio,1.0,0,0.8615580652596184,1,Denegar/Revisar,Muy alto
CLI-105788,Cusco,3538.88,52.69,697,0,31,54,Alto,2.0,0,0.08387279010875479,0,Aprobar,Bajo
CLI-105789,Lima,1883.45,1127.7,212,1,53,103,Medio,1.0,1,0.9388624524396135,1,Denegar/Revisar,Muy alto
CLI-105790,Lima,5856.7,3580.16,800,0,52,67,Alto,2.0,0,0.04109263848712602,0,Aprobar,Bajo
CLI-105791,Arequipa,2461.12,2438.25,211,1,39,32,Medio,1.0,0,0.9470322033540295,1,Denegar/Revisar,Muy alto
CLI-105792,Cusco,5676.46,2721.31,274,1,35,38,Alto,2.0,0,0.8381898115885875,1,Denegar/Revisar,Muy alto
CLI-105793,Cusco,4494.34,4321.86,921,0,52,128,Alto,2.0,1,0.021619774616662254,0,Aprobar,Bajo
CLI-105794,Piura,3260.07,1069.35,401,1,28,59,Medio,1.0,0,0.6517637855988854,1,Denegar/Revisar,Alto
CLI-105795,Arequipa,3162.03,1318.49,615,0,43,113,Bajo,0.0,1,0.21979546117982557,1,Denegar/Revisar,Bajo
CLI-105796,Lima,3889.08,4613.86,833,0,64,355,Bajo,0.0,1,0.05815870911166969,0,Aprobar,Bajo
CLI-105797,Cusco,3543.12,3091.29,320,1,41,151,Alto,2.0,0,0.8564926641759353,1,Denegar/Revisar,Muy alto
CLI-105798,Cusco,2940.88,58.78,270,1,30,80,Alto,2.0,0,0.8525605067358989,1,Denegar/Revisar,Muy alto
CLI-105799,Lima,2636.7,4438.63,417,1,43,53,Bajo,0.0,1,0.7976032033693051,1,Denegar/Revisar,Muy alto
CLI-105800,Lima,2515.56,3871.31,312,1,33,122,Alto,2.0,0,0.9059086784075709,1,Denegar/Revisar,Muy alto
CLI-105801,Lima,3655.12,327.48,352,0,24,38,Alto,2.0,0,0.7061184985984789,1,Denegar/Revisar,Alto
CLI-105802,Lima,3655.12,5505.68,223,1,47,54,Bajo,0.0,1,0.9600861512304731,1,Denegar/Revisar,Muy alto
CLI-105803,Loreto,3271.8,2953.43,739,0,51,138,Bajo,0.0,1,0.10810140317749552,0,Aprobar,Bajo
CLI-105804,Lima,4397.46,916.38,312,1,36,134,Alto,2.0,0,0.7692274907508445,1,Denegar/Revisar,Muy alto
CLI-105805,Lima,2704.29,3278.08,723,0,34,18,Medio,1.0,0,0.1420430141160422,0,Aprobar,Bajo
CLI-105806,Lima,2377.76,3620.0,184,1,28,62,Bajo,0.0,0,0.9690615049632954,1,Denegar/Revisar,Muy alto
CLI-105807,Cusco,2098.73,10108.86,615,0,37,94,Alto,2.0,0,0.6976790586167089,1,Denegar/Revisar,Alto
CLI-105808,Piura,4357.75,5421.42,164,1,33,94,Medio,1.0,0,0.9710962455921702,1,Denegar/Revisar,Muy alto
CLI-105809,Lima,4060.78,1437.71,417,0,28,60,Alto,2.0,0,0.60041243532773,1,Denegar/Revisar,Alto
CLI-105810,Lima,4403.17,502.86,445,1,60,55,Medio,1.0,1,0.45739380658081974,1,Denegar/Revisar,Medio
CLI-105811,Cusco,5294.39,7674.3,731,0,45,228,Alto,2.0,1,0.1812973056362664,0,Aprobar,Bajo
CLI-105812,Loreto,1879.58,7484.97,342,1,45,147,Medio,1.0,1,0.9456017868539007,1,Denegar/Revisar,Muy alto
CLI-105813,Lima,4007.37,770.99,997,0,49,200,Bajo,0.0,1,0.005696837661213292,0,Aprobar,Bajo
CLI-105814,Lima,3639.85,256.58,236,1,47,41,Alto,2.0,0,0.8758123356439793,1,Denegar/Revisar,Muy alto
CLI-105815,Lima,2673.65,4977.3,346,1,34,62,Bajo,0.0,1,0.8949760422397117,1,Denegar/Revisar,Muy alto
CLI-105816,Lima,3684.14,5128.92,540,0,42,48,Alto,2.0,0,0.5300294863423705,1,Denegar/Revisar,Alto
CLI-105817,Piura,1588.42,779.9,144,1,35,150,Alto,2.0,0,0.9677961084087139,1,Denegar/Revisar,Muy alto
CLI-105818,Cusco,6008.6,4413.03,757,0,45,210,Bajo,0.0,1,0.06875678351053004,0,Aprobar,Bajo
CLI-105819,Lima,5865.8,1308.04,979,0,44,73,Bajo,0.0,1,0.004912282832568287,0,Aprobar,Bajo
CLI-105820,Loreto,5929.62,1207.76,787,0,36,115,Medio,1.0,0,0.027002977391658658,0,Aprobar,Bajo
CLI-105821,Lima,4794.68,1569.31,653,0,25,10,Alto,2.0,0,0.12463996467378971,0,Aprobar,Bajo
CLI-105822,Arequipa,2675.19,2939.18,908,0,40,66,Medio,1.0,0,0.026630568235212235,0,Aprobar,Bajo
CLI-105823,Arequipa,3638.81,6527.84,188,1,37,139,Medio,1.0,1,0.9756315873942979,1,Denegar/Revisar,Muy alto
CLI-105824,Lima,3105.4,2761.75,829,0,18,0,Alto,2.0,0,0.049433510352828135,0,Aprobar,Bajo
CLI-105825,Lima,2768.09,1415.53,327,1,44,109,Alto,2.0,0,0.8244419467282288,1,Denegar/Revisar,Muy alto
CLI-105826,Piura,5904.65,8615.77,909,0,51,152,Bajo,0.0,1,0.04228331286889455,0,Aprobar,Bajo
CLI-105827,Lima,1070.86,226.66,390,1,66,372,Bajo,0.0,1,0.7499787093275476,1,Denegar/Revisar,Alto
CLI-105828,Lima,2666.54,6380.0,521,0,34,43,Medio,1.0,0,0.6814302386600538,1,Denegar/Revisar,Alto
CLI-105829,Piura,2240.27,6136.98,166,1,33,151,Medio,1.0,0,0.9842981883732603,1,Denegar/Revisar,Muy alto
CLI-105830,Cusco,1228.98,1169.69,350,1,26,39,Alto,2.0,0,0.8370168530768908,1,Denegar/Revisar,Muy alto
CLI-105831,Lima,3087.14,884.06,140,0,41,42,Medio,1.0,0,0.9559005110567041,1,Denegar/Revisar,Muy alto
CLI-105832,Loreto,2383.03,8308.2,198,1,41,6,Bajo,0.0,1,0.986637513798214,1,Denegar/Revisar,Muy alto
CLI-105833,Lima,4977.73,3273.67,405,0,31,86,Bajo,0.0,1,0.6670141775679791,1,Denegar/Revisar,Alto
CLI-105834,Arequipa,3638.81,188.41,971,0,37,83,Medio,1.0,0,0.006731372696290862,0,Aprobar,Bajo
CLI-105835,Piura,5094.41,8859.49,953,0,18,0,Alto,2.0,0,0.03579699254945078,0,Aprobar,Bajo
CLI-105836,Loreto,3782.48,1717.02,555,0,49,193,Bajo,0.0,1,0.3178189704434868,1,Denegar/Revisar,Medio
CLI-105837,Lima,1025.0,1675.15,690,0,29,37,Medio,1.0,0,0.19190104313175319,0,Aprobar,Bajo
CLI-105838,Piura,1147.28,4123.31,400,1,38,128,Medio,1.0,1,0.8546304842774098,1,Denegar/Revisar,Muy alto
CLI-105839,Piura,3671.31,4330.69,298,1,23,12,Medio,1.0,0,0.8990173603996527,1,Denegar/Revisar,Muy alto
CLI-105840,Lima,4522.94,1743.59,758,0,33,73,Medio,1.0,0,0.05351363826788483,0,Aprobar,Bajo
CLI-105841,Lima,3571.0,618.57,587,1,36,92,Alto,2.0,0,0.2232362771015721,1,Denegar/Revisar,Bajo
CLI-105842,Lima,4905.2,3214.26,205,1,39,107,Medio,1.0,1,0.9266740085080799,1,Denegar/Revisar,Muy alto
CLI-105843,Lima,4264.96,3925.23,500,1,45,149,Bajo,0.0,1,0.5266051182179292,1,Denegar/Revisar,Alto
CLI-105844,Loreto,6463.44,7870.81,804,0,56,191,Alto,2.0,1,0.08149876970485442,0,Aprobar,Bajo
CLI-105845,Lima,1025.0,2650.01,576,1,46,145,Medio,1.0,1,0.45948679865090153,1,Denegar/Revisar,Medio
CLI-105846,Lima,5543.22,4150.4,221,1,50,94,Medio,1.0,1,0.9195496904346966,1,Denegar/Revisar,Muy alto
CLI-105847,Arequipa,1941.27,223.78,176,1,54,61,Medio,1.0,1,0.9460859744303113,1,Denegar/Revisar,Muy alto
CLI-105848,Lima,3655.12,8997.05,411,1,45,39,Medio,1.0,0,0.8924043556268655,1,Denegar/Revisar,Muy alto
CLI-105849,Piura,4702.16,1585.32,211,1,39,161,Medio,1.0,1,0.8987586127602509,1,Denegar/Revisar,Muy alto
CLI-105850,Lima,3655.12,4001.09,960,0,50,73,Bajo,0.0,1,0.017104661587454693,0,Aprobar,Bajo
CLI-105851,Cusco,3936.0,9910.21,908,0,51,67,Bajo,0.0,1,0.08466390519073484,0,Aprobar,Bajo
CLI-105852,Loreto,3600.67,6654.01,781,0,46,323,Alto,2.0,1,0.14196279675108428,0,Aprobar,Bajo
CLI-105853,Loreto,2808.43,4061.17,617,0,23,29,Medio,1.0,0,0.3401021369273389,1,Denegar/Revisar,Medio
CLI-105854,Lima,4462.61,4864.29,296,1,30,105,Alto,2.0,0,0.8977684604317242,1,Denegar/Revisar,Muy alto
CLI-105855,Arequipa,3908.57,10148.43,197,1,36,89,Alto,2.0,0,0.9872056233656371,1,Denegar/Revisar,Muy alto
CLI-105856,Lima,3869.75,6687.24,558,0,48,27,Medio,1.0,1,0.5495739137609231,1,Denegar/Revisar,Alto
CLI-105857,Lima,5278.35,3764.99,940,0,39,9,Alto,2.0,0,0.013518935678104823,0,Aprobar,Bajo
CLI-105858,Lima,5099.95,4300.01,329,1,52,261,Bajo,0.0,1,0.8314649867714469,1,Denegar/Revisar,Muy alto
CLI-105859,Piura,3937.75,637.24,267,0,54,63,Bajo,0.0,1,0.8420838533647805,1,Denegar/Revisar,Muy alto
CLI-105860,Lima,5709.69,2540.78,908,0,53,124,Medio,1.0,1,0.012285522756711728,0,Aprobar,Bajo
CLI-105861,Piura,2930.06,1432.4,876,0,52,139,Medio,1.0,1,0.02470181305632361,0,Aprobar,Bajo
CLI-105862,Lima,3586.99,2262.33,107,1,28,70,Alto,2.0,0,0.9733859569259848,1,Denegar/Revisar,Muy alto
CLI-105863,Lima,3776.05,4341.76,271,1,44,126,Medio,1.0,1,0.9181649213590547,1,Denegar/Revisar,Muy alto
CLI-105864,Arequipa,5103.84,646.08,459,0,33,38,Medio,1.0,0,0.39304983316819053,1,Denegar/Revisar,Medio
CLI-105865,Lima,1351.01,70.11,294,1,20,5,Alto,2.0,0,0.8700040879349866,1,Denegar/Revisar,Muy alto
CLI-105866,Arequipa,4846.42,2022.85,368,0,36,18,Alto,2.0,0,0.6917083508313084,1,Denegar/Revisar,Alto
CLI-105867,Lima,1417.25,1555.52,118,1,53,319,Medio,1.0,1,0.9783713884963906,1,Denegar/Revisar,Muy alto
CLI-105868,Loreto,6916.96,2181.89,453,0,45,126,Medio,1.0,1,0.38352699136240487,1,Denegar/Revisar,Medio
CLI-105869,Piura,3093.29,10707.42,963,0,61,26,Bajo,0.0,1,0.07360098717959389,0,Aprobar,Bajo
CLI-105870,Lima,1045.84,4911.48,148,1,40,134,Alto,2.0,0,0.9874306094323486,1,Denegar/Revisar,Muy alto
CLI-105871,Lima,3190.24,1586.77,563,0,66,183,Bajo,0.0,1,0.3254268587566303,1,Denegar/Revisar,Medio
CLI-105872,Piura,4982.55,790.29,455,1,41,225,Alto,2.0,1,0.42558083421722476,1,Denegar/Revisar,Medio
CLI-105873,Loreto,4930.57,3854.35,949,0,40,153,Medio,1.0,1,0.013211183258378074,0,Aprobar,Bajo
CLI-105874,Lima,5533.25,4286.83,257,1,26,22,Alto,2.0,0,0.897351883036696,1,Denegar/Revisar,Muy alto
CLI-105875,Lima,2379.26,2643.67,165,0,51,191,Medio,1.0,1,0.9669953697886173,1,Denegar/Revisar,Muy alto
CLI-105876,Loreto,3600.67,956.89,958,0,33,40,Medio,1.0,0,0.00900322161007877,0,Aprobar,Bajo
CLI-105877,Arequipa,2738.32,115.88,670,1,32,96,Medio,1.0,0,0.12164490073556596,0,Aprobar,Bajo
CLI-105878,Lima,3550.54,1235.14,920,0,53,200,Alto,2.0,1,0.014262194179527796,0,Aprobar,Bajo
CLI-105879,Lima,1218.18,2443.84,407,1,51,73,Medio,1.0,1,0.7915993164347503,1,Denegar/Revisar,Muy alto
CLI-105880,Lima,2398.77,6203.44,436,1,51,274,Medio,1.0,1,0.8295687025838743,1,Denegar/Revisar,Muy alto
CLI-105881,Piura,2224.28,7689.86,770,0,34,64,Medio,1.0,0,0.23214499750031123,1,Denegar/Revisar,Bajo
CLI-105882,Lima,5342.46,2130.48,882,0,39,43,Alto,2.0,0,0.016206189542687505,0,Aprobar,Bajo
CLI-105883,Cusco,5160.29,6360.97,220,1,39,79,Medio,1.0,0,0.9526337864676134,1,Denegar/Revisar,Muy alto
CLI-105884,Lima,4562.46,12653.938750000001,865,1,48,21,Medio,1.0,0,0.16370884406181238,0,Aprobar,Bajo
CLI-105885,Lima,2495.15,5043.73,503,1,56,187,Bajo,0.0,1,0.6737642281004911,1,Denegar/Revisar,Alto
CLI-105886,Piura,5360.41,5216.63,872,0,44,65,Bajo,0.0,1,0.03341935526084694,0,Aprobar,Bajo
CLI-105887,Cusco,3933.11,9611.24,746,0,61,186,Bajo,0.0,1,0.28427214530203726,1,Denegar/Revisar,Medio
CLI-105888,Loreto,5792.27,1650.83,885,0,50,79,Medio,1.0,1,0.012390974412076561,0,Aprobar,Bajo
CLI-105889,Lima,2415.86,45.07,667,0,36,109,Medio,1.0,0,0.1313662995833318,0,Aprobar,Bajo
CLI-105890,Arequipa,3070.0,12653.938750000001,942,0,48,60,Medio,1.0,1,0.11848026681325281,0,Aprobar,Bajo
CLI-105891,Piura,3979.24,2697.05,195,1,58,164,Medio,1.0,1,0.9391252249275025,1,Denegar/Revisar,Muy alto
CLI-105892,Lima,2895.6,12653.938750000001,213,1,61,435,Medio,1.0,1,0.992401854696891,1,Denegar/Revisar,Muy alto
CLI-105893,Lima,5826.32,6695.72,968,0,53,191,Alto,2.0,1,0.016940843679940375,0,Aprobar,Bajo
CLI-105894,Lima,2268.21,2026.78,528,0,39,65,Alto,2.0,0,0.4765825752087171,1,Denegar/Revisar,Medio
CLI-105895,Lima,3655.12,3117.2,639,0,37,39,Medio,1.0,0,0.22010770916660344,1,Denegar/Revisar,Bajo
CLI-105896,Cusco,5153.73,3105.38,917,0,46,101,Medio,1.0,1,0.014440702522531412,0,Aprobar,Bajo
CLI-105897,Lima,1025.0,994.95,101,1,56,288,Bajo,0.0,1,0.9817014299982594,1,Denegar/Revisar,Muy alto
CLI-105898,Cusco,3116.87,500.62,311,1,44,185,Bajo,0.0,1,0.8057587727100799,1,Denegar/Revisar,Muy alto
CLI-105899,Piura,1025.0,3137.3,679,0,43,255,Alto,2.0,1,0.27145611271745346,1,Denegar/Revisar,Medio
CLI-105900,Piura,6182.78,511.98,739,0,41,63,Alto,2.0,0,0.03552485382440898,0,Aprobar,Bajo
CLI-105901,Piura,3660.39,1699.13,432,0,35,35,Bajo,0.0,1,0.6021870608836286,1,Denegar/Revisar,Alto
CLI-105902,Lima,2462.66,823.59,123,1,37,115,Alto,2.0,0,0.9679008047853062,1,Denegar/Revisar,Muy alto
CLI-105903,Lima,4220.65,4909.19,864,0,41,40,Medio,1.0,0,0.04194604714853723,0,Aprobar,Bajo
CLI-105904,Lima,1990.8,8223.18,467,1,57,297,Bajo,0.0,1,0.8642978935322314,1,Denegar/Revisar,Muy alto
CLI-105905,Piura,6955.81,3450.19,841,0,38,170,Alto,2.0,0,0.0215189201066881,0,Aprobar,Bajo
CLI-105906,Lima,2672.46,2111.59,605,0,39,79,Medio,1.0,0,0.2828352953113148,1,Denegar/Revisar,Medio
CLI-105907,Arequipa,2645.31,12653.938750000001,275,1,29,44,Alto,2.0,0,0.9877168841616324,1,Denegar/Revisar,Muy alto
CLI-105908,Lima,2521.75,85.75,528,0,46,134,Medio,1.0,1,0.35412170795635023,1,Denegar/Revisar,Medio
CLI-105909,Lima,3425.01,1451.58,986,0,54,186,Bajo,0.0,1,0.008325444571739003,0,Aprobar,Bajo
CLI-105910,Lima,4000.53,1306.65,832,0,57,246,Bajo,0.0,1,0.02932429629853003,0,Aprobar,Bajo
CLI-105911,Cusco,4636.58,1761.49,541,0,42,56,Medio,1.0,0,0.29738959024050415,1,Denegar/Revisar,Medio
CLI-105912,Arequipa,4034.2,1048.56,647,0,45,202,Medio,1.0,1,0.13413119414280308,0,Aprobar,Bajo
CLI-105913,Lima,2588.21,1227.53,613,0,37,154,Medio,1.0,1,0.23637833074057854,1,Denegar/Revisar,Bajo
CLI-105914,Piura,4478.56,1191.88,994,0,45,103,Alto,2.0,0,0.005740577230354606,0,Aprobar,Bajo
CLI-105915,Lima,1369.49,2818.81,460,0,42,127,Bajo,0.0,1,0.7150354322558172,1,Denegar/Revisar,Alto
CLI-105916,Cusco,5020.89,1984.11,373,0,40,137,Medio,1.0,1,0.6624128296019363,1,Denegar/Revisar,Alto
CLI-105917,Arequipa,2293.05,4078.61,276,1,40,198,Bajo,0.0,1,0.9368963813250527,1,Denegar/Revisar,Muy alto
CLI-105918,Lima,2547.31,2889.49,363,1,44,145,Medio,1.0,1,0.8224523943773338,1,Denegar/Revisar,Muy alto
CLI-105919,Piura,1025.0,810.53,285,1,35,23,Bajo,0.0,0,0.9018044465955573,1,Denegar/Revisar,Muy alto
CLI-105920,Lima,2991.95,6643.87,626,0,36,186,Bajo,0.0,1,0.448696249647383,1,Denegar/Revisar,Medio
CLI-105921,Cusco,5779.48,2556.12,378,0,59,138,Bajo,0.0,1,0.6480363895023654,1,Denegar/Revisar,Alto
CLI-105922,Lima,5027.28,665.31,805,0,69,124,Bajo,0.0,1,0.026084496923597357,0,Aprobar,Bajo
CLI-105923,Piura,4757.5,730.31,297,1,26,40,Alto,2.0,0,0.7723850321316461,1,Denegar/Revisar,Muy alto
CLI-105924,Lima,3570.92,6377.57,448,0,25,36,Alto,2.0,0,0.7813022739833954,1,Denegar/Revisar,Muy alto
CLI-105925,Arequipa,1025.0,4856.0,520,0,27,19,Alto,2.0,0,0.7041785628914617,1,Denegar/Revisar,Alto
CLI-105926,Arequipa,3412.4,2825.16,404,1,38,45,Alto,2.0,0,0.7256366307957891,1,Denegar/Revisar,Alto
CLI-105927,Arequipa,3638.81,1461.6,163,1,49,222,Bajo,0.0,1,0.9474936334046274,1,Denegar/Revisar,Muy alto
CLI-105928,Piura,4621.46,2468.61,389,1,46,210,Medio,1.0,1,0.6723813054140053,1,Denegar/Revisar,Alto
CLI-105929,Loreto,2678.89,4047.72,117,1,40,34,Alto,2.0,0,0.9835896862306746,1,Denegar/Revisar,Muy alto
CLI-105930,Lima,1668.31,8457.2,163,1,44,33,Medio,1.0,0,0.9917479796717982,1,Denegar/Revisar,Muy alto
CLI-105931,Lima,3655.12,3246.53,973,0,31,79,Alto,2.0,0,0.012964961803434233,0,Aprobar,Bajo
CLI-105932,Lima,2844.61,1295.92,429,1,36,50,Medio,1.0,0,0.624428798108568,1,Denegar/Revisar,Alto
CLI-105933,Cusco,5223.47,174.72,969,0,39,41,Alto,2.0,0,0.004929497829898467,0,Aprobar,Bajo
CLI-105934,Lima,4078.54,771.69,862,0,22,23,Alto,2.0,0,0.019606754871687074,0,Aprobar,Bajo
CLI-105935,Arequipa,1246.79,4201.32,116,1,25,25,Alto,2.0,0,0.9886533958270957,1,Denegar/Revisar,Muy alto
CLI-105936,Arequipa,4434.35,699.49,542,0,27,27,Alto,2.0,0,0.26736935775123705,1,Denegar/Revisar,Medio
CLI-105937,Lima,1871.71,2627.57,240,1,47,117,Bajo,0.0,1,0.9441088861142983,1,Denegar/Revisar,Muy alto
CLI-105938,Lima,2840.01,4801.98,407,1,41,109,Medio,1.0,1,0.8109607122752527,1,Denegar/Revisar,Muy alto
CLI-105939,Lima,2890.12,12653.938750000001,543,1,45,93,Bajo,0.0,1,0.8601203791500209,1,Denegar/Revisar,Muy alto
CLI-105940,Lima,4045.83,4423.83,595,1,19,5,Alto,2.0,0,0.34784678103855776,1,Denegar/Revisar,Medio
CLI-105941,Lima,1493.08,3480.23,525,1,22,28,Medio,1.0,0,0.5945318123283202,1,Denegar/Revisar,Alto
CLI-105942,Lima,3696.16,2311.7,574,0,46,272,Medio,1.0,1,0.30260683803292193,1,Denegar/Revisar,Medio
CLI-105943,Loreto,5982.66,9101.65,931,0,18,0,Alto,2.0,0,0.03761435393149562,0,Aprobar,Bajo
CLI-105944,Cusco,3331.66,4711.39,344,1,52,206,Medio,1.0,1,0.8714728970618213,1,Denegar/Revisar,Muy alto
CLI-105945,Lima,3655.12,1788.88,549,1,19,5,Alto,2.0,0,0.34011109027715314,1,Denegar/Revisar,Medio
CLI-105946,Lima,3753.52,6523.96,901,0,48,209,Medio,1.0,1,0.046256074314458474,0,Aprobar,Bajo
CLI-105947,Lima,3843.62,5359.2,450,0,29,63,Alto,2.0,0,0.7263470044415933,1,Denegar/Revisar,Alto
CLI-105948,Arequipa,4736.45,6274.8,698,0,51,67,Bajo,0.0,1,0.20357436544186702,1,Denegar/Revisar,Bajo
CLI-105949,Loreto,3600.67,4097.24,810,0,70,441,Bajo,0.0,1,0.0684286994155217,0,Aprobar,Bajo
CLI-105950,Lima,1999.39,1908.08,969,0,18,0,Medio,1.0,0,0.01431715057032641,0,Aprobar,Bajo
CLI-105951,Lima,3415.16,1714.39,260,1,47,108,Medio,1.0,1,0.8859213436892979,1,Denegar/Revisar,Muy alto
CLI-105952,Arequipa,3256.09,4247.02,239,1,19,7,Medio,1.0,0,0.9436675885177838,1,Denegar/Revisar,Muy alto
CLI-105953,Piura,3583.86,561.19,592,0,44,218,Bajo,0.0,1,0.21266901022014775,1,Denegar/Revisar,Bajo
CLI-105954,Lima,4407.16,6857.29,687,1,37,92,Bajo,0.0,1,0.257024777249549,1,Denegar/Revisar,Medio
CLI-105955,Piura,3660.39,1850.27,630,0,40,100,Medio,1.0,1,0.19009530866415494,0,Aprobar,Bajo
CLI-105956,Lima,1985.78,3981.03,492,1,28,48,Alto,2.0,0,0.6730952520070507,1,Denegar/Revisar,Alto
CLI-105957,Lima,4702.29,2765.11,941,0,48,82,Medio,1.0,1,0.011945225831828115,0,Aprobar,Bajo
CLI-105958,Arequipa,4473.88,2930.27,500,1,23,11,Alto,2.0,0,0.46205354449459396,1,Denegar/Revisar,Medio
CLI-105959,Loreto,2727.03,5357.74,149,1,52,184,Medio,1.0,1,0.9823656459292971,1,Denegar/Revisar,Muy alto
CLI-105960,Lima,5775.01,3941.17,843,0,35,26,Medio,1.0,0,0.029408260643166352,0,Aprobar,Bajo
CLI-105961,Cusco,2931.9,1152.38,394,1,23,14,Medio,1.0,0,0.6870043408678581,1,Denegar/Revisar,Alto
CLI-105962,Lima,4238.85,308.5,524,0,57,121,Medio,1.0,1,0.286009440789545,1,Denegar/Revisar,Medio
CLI-105963,Arequipa,1025.0,7336.18,111,1,37,56,Medio,1.0,0,0.9944552760258136,1,Denegar/Revisar,Muy alto
CLI-105964,Lima,6731.65,8647.61,434,1,61,322,Alto,2.0,1,0.7596169697636089,1,Denegar/Revisar,Muy alto
CLI-105965,Loreto,2386.63,718.88,114,1,52,198,Bajo,0.0,1,0.9702941548260193,1,Denegar/Revisar,Muy alto
CLI-105966,Cusco,2021.72,1481.22,127,1,30,23,Alto,2.0,0,0.973660006137602,1,Denegar/Revisar,Muy alto
CLI-105967,Lima,3075.37,1327.05,487,1,38,77,Medio,1.0,0,0.47934344790411104,1,Denegar/Revisar,Medio
CLI-105968,Cusco,1858.82,11087.06,391,1,40,84,Medio,1.0,0,0.9593537641067393,1,Denegar/Revisar,Muy alto
CLI-105969,Loreto,2719.23,916.53,986,0,55,33,Medio,1.0,1,0.008427553515402043,0,Aprobar,Bajo
CLI-105970,Arequipa,3638.81,728.67,932,0,44,157,Medio,1.0,1,0.010832927214470035,0,Aprobar,Bajo
CLI-105971,Lima,3369.17,802.78,349,1,41,158,Bajo,0.0,1,0.7448778809341927,1,Denegar/Revisar,Alto
CLI-105972,Loreto,4043.81,5235.4,604,0,37,126,Alto,2.0,0,0.3679352695473039,1,Denegar/Revisar,Medio
CLI-105973,Loreto,2843.09,8757.73,197,1,38,163,Alto,2.0,0,0.9866053301498868,1,Denegar/Revisar,Muy alto
CLI-105974,Lima,4203.37,1999.33,914,0,54,158,Medio,1.0,1,0.014656967679500333,0,Aprobar,Bajo
CLI-105975,Cusco,1567.39,585.1,436,1,38,33,Bajo,0.0,1,0.651913301245765,1,Denegar/Revisar,Alto
CLI-105976,Lima,2044.95,3524.87,138,1,34,73,Medio,1.0,0,0.9800524559241698,1,Denegar/Revisar,Muy alto
CLI-105977,Lima,3015.91,942.56,137,1,33,51,Alto,2.0,0,0.9597558331963116,1,Denegar/Revisar,Muy alto
CLI-105978,Piura,2489.89,265.21,399,0,32,47,Medio,1.0,0,0.6580135620734432,1,Denegar/Revisar,Alto
CLI-105979,Piura,3494.25,8694.35,278,1,24,14,Alto,2.0,0,0.9669166125667359,1,Denegar/Revisar,Muy alto
CLI-105980,Piura,3713.19,8186.85,708,1,31,47,Medio,1.0,0,0.29835209728146084,1,Denegar/Revisar,Medio
CLI-105981,Lima,4267.62,12653.938750000001,991,0,56,223,Bajo,0.0,1,0.06262145746914557,0,Aprobar,Bajo
CLI-105982,Cusco,3946.9,2569.85,568,0,37,141,Alto,2.0,0,0.3221712271599113,1,Denegar/Revisar,Medio
CLI-105983,Lima,3989.71,1392.57,381,1,47,106,Bajo,0.0,1,0.6795824665089327,1,Denegar/Revisar,Alto
CLI-105984,Lima,5260.03,5874.94,849,0,18,0,Alto,2.0,0,0.048037141640807905,0,Aprobar,Bajo
CLI-105985,Lima,6000.56,796.22,263,1,46,247,Alto,2.0,1,0.7801008786245204,1,Denegar/Revisar,Muy alto
CLI-105986,Piura,4899.67,1115.11,552,0,38,35,Medio,1.0,0,0.2385758708952031,1,Denegar/Revisar,Bajo
CLI-105987,Cusco,1025.0,1181.15,196,1,33,63,Medio,1.0,0,0.9565665795423145,1,Denegar/Revisar,Muy alto
CLI-105988,Arequipa,2610.21,12114.63,868,1,41,90,Alto,2.0,0,0.22579898107047464,1,Denegar/Revisar,Bajo
CLI-105989,Loreto,2904.03,5234.71,408,1,33,28,Alto,2.0,0,0.8266254895307719,1,Denegar/Revisar,Muy alto
CLI-105990,Lima,2077.62,574.07,361,1,18,1,Medio,1.0,0,0.7634735439037047,1,Denegar/Revisar,Muy alto
CLI-105991,Piura,3869.75,389.77,392,1,49,53,Alto,2.0,0,0.6141340123493675,1,Denegar/Revisar,Alto
CLI-105992,Lima,3655.12,7401.32,869,0,42,116,Bajo,0.0,1,0.07731406753229551,0,Aprobar,Bajo
CLI-105993,Lima,2470.73,6483.5,348,1,35,55,Alto,2.0,0,0.9233685045304761,1,Denegar/Revisar,Muy alto
CLI-105994,Lima,4972.51,4446.72,344,1,29,48,Medio,1.0,0,0.814180175563803,1,Denegar/Revisar,Muy alto
CLI-105995,Arequipa,5381.3,873.12,350,1,24,40,Alto,2.0,0,0.6479528748369161,1,Denegar/Revisar,Alto
CLI-105996,Piura,1025.0,12653.938750000001,222,1,40,155,Medio,1.0,1,0.994631661926107,1,Denegar/Revisar,Muy alto
CLI-105997,Arequipa,1204.68,3692.52,424,1,56,156,Bajo,0.0,1,0.8146384883384618,1,Denegar/Revisar,Muy alto
CLI-105998,Lima,5705.86,10761.09,780,0,42,21,Alto,2.0,0,0.19610179560951227,0,Aprobar,Bajo
CLI-105999,Lima,5004.74,742.54,600,0,24,49,Alto,2.0,0,0.15771029443389256,0,Aprobar,Bajo
CLI-106000,Piura,4825.98,2898.11,786,0,42,202,Medio,1.0,1,0.049173128712673354,0,Aprobar,Bajo
CLI-106001,Lima,4276.41,686.72,880,0,39,100,Alto,2.0,0,0.015599500256864168,0,Aprobar,Bajo
CLI-106002,Loreto,3975.32,2346.86,815,0,49,166,Medio,1.0,1,0.04097099120544427,0,Aprobar,Bajo
CLI-106003,Piura,5176.9,893.25,936,0,46,123,Medio,1.0,1,0.007585207281712709,0,Aprobar,Bajo
CLI-106004,Lima,3094.71,7236.1,165,1,18,0,Alto,2.0,0,0.9855124001930684,1,Denegar/Revisar,Muy alto
CLI-106005,Cusco,6313.58,1176.07,926,0,46,128,Medio,1.0,1,0.0067989652303989115,0,Aprobar,Bajo
CLI-106006,Piura,3348.13,2158.99,935,0,28,93,Alto,2.0,0,0.015759608970010282,0,Aprobar,Bajo
CLI-106007,Lima,2842.99,2095.56,158,1,23,24,Alto,2.0,0,0.9629715403840305,1,Denegar/Revisar,Muy alto
CLI-106008,Piura,3660.39,8048.48,830,1,37,121,Medio,1.0,1,0.11747165236466563,0,Aprobar,Bajo
CLI-106009,Lima,3940.63,5671.92,597,0,44,184,Alto,2.0,1,0.4111314752935579,1,Denegar/Revisar,Medio
CLI-106010,Loreto,4453.74,237.2,472,1,21,9,Alto,2.0,0,0.3885342323947159,1,Denegar/Revisar,Medio
CLI-106011,Loreto,4217.93,277.78,365,1,47,31,Bajo,0.0,1,0.6487532625418927,1,Denegar/Revisar,Alto
CLI-106012,Cusco,3366.74,3204.69,752,0,47,83,Medio,1.0,1,0.09624297332228383,0,Aprobar,Bajo
CLI-106013,Piura,1639.0,2232.5,335,1,39,44,Bajo,0.0,1,0.8705937318085516,1,Denegar/Revisar,Muy alto
CLI-106014,Lima,3372.33,1289.56,997,0,29,99,Alto,2.0,0,0.00735304579762305,0,Aprobar,Bajo
CLI-106015,Arequipa,1508.35,6292.83,317,1,27,32,Alto,2.0,0,0.9508684018002523,1,Denegar/Revisar,Muy alto
CLI-106016,Lima,1025.0,550.78,626,0,49,192,Medio,1.0,1,0.2544952415786327,1,Denegar/Revisar,Medio
CLI-106017,Piura,5963.64,12653.938750000001,913,0,23,22,Alto,2.0,0,0.085659791856105,0,Aprobar,Bajo
CLI-106018,Piura,1025.0,97.59,540,1,50,137,Medio,1.0,1,0.4100566004983773,1,Denegar/Revisar,Medio
CLI-106019,Lima,6790.19,503.3,749,0,38,167,Alto,2.0,0,0.028251841234591905,0,Aprobar,Bajo
CLI-106020,Lima,2718.32,1491.89,505,1,38,199,Medio,1.0,1,0.4665832554599267,1,Denegar/Revisar,Medio
CLI-106021,Loreto,3768.47,2846.46,843,0,20,4,Alto,2.0,0,0.03828233128849859,0,Aprobar,Bajo
CLI-106022,Loreto,1627.66,974.08,700,0,37,114,Alto,2.0,0,0.14418847678280344,0,Aprobar,Bajo
CLI-106023,Lima,4452.85,12653.938750000001,688,1,46,27,Medio,1.0,0,0.5137368988252469,1,Denegar/Revisar,Alto
CLI-106024,Lima,3655.12,1769.81,747,0,24,27,Alto,2.0,0,0.07417627802649358,0,Aprobar,Bajo
CLI-106025,Lima,3727.65,157.2,568,0,45,152,Alto,2.0,0,0.23103914541505452,1,Denegar/Revisar,Bajo
CLI-106026,Loreto,1737.31,8405.83,209,1,39,38,Medio,1.0,0,0.9870116786964015,1,Denegar/Revisar,Muy alto
CLI-106027,Lima,4125.22,11520.03,452,0,32,62,Medio,1.0,0,0.8961031593849842,1,Denegar/Revisar,Muy alto
CLI-106028,Arequipa,3088.12,3855.24,912,0,48,60,Bajo,0.0,1,0.029309294815818718,0,Aprobar,Bajo
CLI-106029,Lima,2998.15,6570.66,190,1,18,0,Alto,2.0,0,0.9795121278463224,1,Denegar/Revisar,Muy alto
CLI-106030,Piura,5154.97,516.39,981,0,43,216,Medio,1.0,1,0.0046299007643871145,0,Aprobar,Bajo
CLI-106031,Lima,5702.96,1252.38,513,1,58,346,Bajo,0.0,1,0.2862690584067836,1,Denegar/Revisar,Medio
CLI-106032,Arequipa,5310.85,1573.54,801,0,55,348,Bajo,0.0,1,0.03057693585531904,0,Aprobar,Bajo
CLI-106033,Lima,2978.82,12653.938750000001,172,1,43,147,Bajo,0.0,1,0.994913227962202,1,Denegar/Revisar,Muy alto
CLI-106034,Piura,3660.39,2871.58,784,0,36,93,Medio,1.0,0,0.06426244198257343,0,Aprobar,Bajo
CLI-106035,Lima,4262.12,29.76,646,0,32,50,Medio,1.0,0,0.10682629856127614,0,Aprobar,Bajo
CLI-106036,Arequipa,5292.07,1913.34,821,0,36,26,Alto,2.0,0,0.027439358136359372,0,Aprobar,Bajo
CLI-106037,Loreto,2177.53,31.12,397,1,44,247,Bajo,0.0,1,0.6758453039169103,1,Denegar/Revisar,Alto
CLI-106038,Lima,5342.81,1086.22,744,0,31,34,Alto,2.0,0,0.04599762928541623,0,Aprobar,Bajo
CLI-106039,Loreto,1858.51,2425.68,382,1,47,187,Alto,2.0,1,0.810794175938537,1,Denegar/Revisar,Muy alto
CLI-106040,Piura,4392.47,1562.66,604,1,63,260,Medio,1.0,1,0.19214989569593485,0,Aprobar,Bajo
CLI-106041,Lima,3906.14,133.13,297,0,38,145,Medio,1.0,1,0.7781262919761153,1,Denegar/Revisar,Muy alto
CLI-106042,Lima,1754.65,494.71,131,1,23,33,Alto,2.0,0,0.9685098892077538,1,Denegar/Revisar,Muy alto
CLI-106043,Lima,1680.43,3201.92,747,0,23,14,Medio,1.0,0,0.1415992448431909,0,Aprobar,Bajo
CLI-106044,Arequipa,3821.15,4757.72,859,0,48,82,Medio,1.0,1,0.046490430984022044,0,Aprobar,Bajo
CLI-106045,Arequipa,1025.0,2073.74,970,0,37,19,Medio,1.0,0,0.018339778687890624,0,Aprobar,Bajo
CLI-106046,Lima,3655.12,12653.938750000001,440,1,49,44,Medio,1.0,1,0.9286758663118242,1,Denegar/Revisar,Muy alto
CLI-106047,Piura,2141.64,713.32,757,0,33,28,Medio,1.0,0,0.07388728113811134,0,Aprobar,Bajo
CLI-106048,Loreto,8035.88,520.7,433,0,50,83,Medio,1.0,1,0.2895762789971642,1,Denegar/Revisar,Medio
CLI-106049,Cusco,4572.04,7316.69,242,1,38,138,Alto,2.0,0,0.9597575379676286,1,Denegar/Revisar,Muy alto
CLI-106050,Piura,4298.3,1657.3,845,0,31,54,Alto,2.0,0,0.026171341582028985,0,Aprobar,Bajo
CLI-106051,Cusco,3560.7650000000003,2264.28,509,1,35,128,Medio,1.0,0,0.4492366974192276,1,Denegar/Revisar,Medio
CLI-106052,Piura,3843.55,11793.99,143,1,26,40,Medio,1.0,0,0.9943843286152831,1,Denegar/Revisar,Muy alto
CLI-106053,Lima,1025.0,2207.37,131,1,60,132,Bajo,0.0,1,0.9812398792931093,1,Denegar/Revisar,Muy alto
CLI-106054,Loreto,3245.85,13.98,842,0,38,87,Medio,1.0,0,0.02343654479341584,0,Aprobar,Bajo
CLI-106055,Lima,4298.2,11120.67,127,0,46,96,Bajo,0.0,1,0.9940443774907822,1,Denegar/Revisar,Muy alto
CLI-106056,Lima,3655.12,56.88,522,0,33,94,Medio,1.0,0,0.30708735176039,1,Denegar/Revisar,Medio
CLI-106057,Lima,4272.98,4342.23,590,0,28,30,Alto,2.0,0,0.3426393937404274,1,Denegar/Revisar,Medio
CLI-106058,Loreto,4030.14,1559.69,259,0,37,53,Medio,1.0,0,0.8680411741841578,1,Denegar/Revisar,Muy alto
CLI-106059,Loreto,3600.67,2542.46,944,0,51,139,Bajo,0.0,1,0.014825583595930442,0,Aprobar,Bajo
CLI-106060,Lima,3340.49,3169.97,306,1,33,18,Alto,2.0,0,0.878833156043986,1,Denegar/Revisar,Muy alto
CLI-106061,Lima,3981.69,2100.1,117,1,30,100,Alto,2.0,0,0.9670635821895103,1,Denegar/Revisar,Muy alto
CLI-106062,Lima,4080.13,5955.41,202,1,41,122,Alto,2.0,0,0.966870941374145,1,Denegar/Revisar,Muy alto
CLI-106063,Piura,4534.27,10677.61,681,1,45,219,Medio,1.0,1,0.4337943772053263,1,Denegar/Revisar,Medio
CLI-106064,Lima,3940.57,361.5,730,0,57,223,Medio,1.0,1,0.0591393511968311,0,Aprobar,Bajo
CLI-106065,Arequipa,4881.03,6442.81,750,0,43,125,Bajo,0.0,1,0.1358758096965068,0,Aprobar,Bajo
CLI-106066,Lima,1025.0,550.94,771,0,45,156,Medio,1.0,1,0.08054446878765474,0,Aprobar,Bajo
CLI-106067,Lima,5375.37,334.73,331,1,48,58,Medio,1.0,1,0.6541841604310917,1,Denegar/Revisar,Alto
CLI-106068,Lima,3819.16,12478.97,759,0,26,37,Alto,2.0,0,0.3951882682115299,1,Denegar/Revisar,Medio
CLI-106069,Lima,3325.55,2687.87,964,0,28,20,Alto,2.0,0,0.01352585673859409,0,Aprobar,Bajo
CLI-106070,Cusco,4445.2,662.35,523,0,27,73,Alto,2.0,0,0.3015063309974298,1,Denegar/Revisar,Medio
CLI-106071,Lima,5065.14,3375.48,854,0,25,24,Medio,1.0,0,0.027798914802350784,0,Aprobar,Bajo
CLI-106072,Lima,2327.36,1221.96,646,1,47,76,Bajo,0.0,1,0.20030760744154277,1,Denegar/Revisar,Bajo
CLI-106073,Lima,4473.31,2496.79,936,0,43,89,Medio,1.0,1,0.012468113070197807,0,Aprobar,Bajo
CLI-106074,Lima,4542.0,3919.69,993,0,40,32,Medio,1.0,0,0.009735555480831978,0,Aprobar,Bajo
CLI-106075,Lima,4390.12,8138.48,966,0,18,0,Alto,2.0,0,0.03216349043995177,0,Aprobar,Bajo
CLI-106076,Lima,5612.03,12.34,338,1,62,328,Medio,1.0,1,0.6103579848470756,1,Denegar/Revisar,Alto
CLI-106077,Piura,3335.77,963.91,433,0,29,40,Medio,1.0,0,0.5712077007626652,1,Denegar/Revisar,Alto
CLI-106078,Piura,2801.14,404.9,248,1,61,90,Medio,1.0,1,0.8837307422152288,1,Denegar/Revisar,Muy alto
CLI-106079,Lima,2923.45,408.56,722,0,23,25,Medio,1.0,0,0.07973900746703244,0,Aprobar,Bajo
CLI-106080,Lima,2276.74,11658.63,507,1,30,100,Medio,1.0,0,0.890601954500707,1,Denegar/Revisar,Muy alto
CLI-106081,Cusco,3320.06,11000.68,116,1,18,0,Alto,2.0,0,0.9956022959499466,1,Denegar/Revisar,Muy alto
CLI-106082,Lima,2445.27,5534.12,325,1,42,199,Medio,1.0,1,0.9221346359427276,1,Denegar/Revisar,Muy alto
CLI-106083,Lima,3720.11,4120.78,751,0,27,23,Alto,2.0,0,0.11102115356658124,0,Aprobar,Bajo
CLI-106084,Lima,4307.25,7534.72,755,0,27,26,Alto,2.0,0,0.17753430642536688,0,Aprobar,Bajo
CLI-106085,Lima,3313.53,240.74,359,0,24,32,Alto,2.0,0,0.7051378530316104,1,Denegar/Revisar,Alto
CLI-106086,Arequipa,4358.44,509.0,828,0,48,266,Medio,1.0,1,0.0229316694370821,0,Aprobar,Bajo
CLI-106087,Lima,4242.98,1525.7,773,0,47,60,Alto,2.0,0,0.049448860950917134,0,Aprobar,Bajo
CLI-106088,Arequipa,4842.9,7146.91,703,0,59,154,Bajo,0.0,1,0.22243528155843137,1,Denegar/Revisar,Bajo
CLI-106089,Lima,3655.12,2556.4,273,1,31,56,Bajo,0.0,0,0.8897716703104807,1,Denegar/Revisar,Muy alto
CLI-106090,Lima,6227.97,2801.29,942,0,42,85,Alto,2.0,0,0.008725983521996446,0,Aprobar,Bajo
CLI-106091,Arequipa,2564.56,1041.64,304,1,24,62,Medio,1.0,0,0.8445239744813948,1,Denegar/Revisar,Muy alto
CLI-106092,Lima,5351.26,4180.9,514,0,36,92,Bajo,0.0,1,0.4445083508363464,1,Denegar/Revisar,Medio
CLI-106093,Piura,2133.31,8751.39,607,0,33,22,Medio,1.0,0,0.6406375125082091,1,Denegar/Revisar,Alto
CLI-106094,Lima,3655.12,1599.01,252,1,44,152,Medio,1.0,1,0.8854150013966086,1,Denegar/Revisar,Muy alto
CLI-106095,Arequipa,3638.81,3861.78,202,1,50,250,Medio,1.0,1,0.952367331599925,1,Denegar/Revisar,Muy alto
CLI-106096,Lima,5139.8,1613.56,813,0,50,158,Medio,1.0,1,0.02766947378832354,0,Aprobar,Bajo
CLI-106097,Loreto,5184.3,6294.72,891,0,30,64,Alto,2.0,0,0.03646260001767826,0,Aprobar,Bajo
CLI-106098,Lima,1942.55,2577.12,164,1,49,121,Medio,1.0,1,0.9699449159397233,1,Denegar/Revisar,Muy alto
CLI-106099,Loreto,2056.83,1658.85,216,1,38,146,Bajo,0.0,1,0.9429153815942047,1,Denegar/Revisar,Muy alto
CLI-106100,Lima,4224.73,2179.25,764,0,36,68,Bajo,0.0,1,0.061259505332585014,0,Aprobar,Bajo
CLI-106101,Arequipa,2631.57,382.64,255,1,31,30,Alto,2.0,0,0.8844953926190094,1,Denegar/Revisar,Muy alto
CLI-106102,Lima,5382.26,8043.16,775,0,34,89,Alto,2.0,0,0.1343732009506779,0,Aprobar,Bajo
CLI-106103,Cusco,2446.0,12653.938750000001,181,1,58,23,Bajo,0.0,1,0.9951078580799816,1,Denegar/Revisar,Muy alto
CLI-106104,Lima,3273.78,2595.86,617,0,42,184,Alto,2.0,1,0.2608049129801754,1,Denegar/Revisar,Medio
CLI-106105,Lima,1927.24,1000.71,933,0,40,89,Bajo,0.0,1,0.017454250757723732,0,Aprobar,Bajo
CLI-106106,Lima,4145.0,4370.4,166,0,36,66,Medio,1.0,0,0.9652128023093538,1,Denegar/Revisar,Muy alto
CLI-106107,Lima,3657.57,2408.71,337,1,66,362,Medio,1.0,1,0.8049923034891623,1,Denegar/Revisar,Muy alto
CLI-106108,Lima,1025.0,1163.01,683,0,52,185,Medio,1.0,1,0.1853979537114064,0,Aprobar,Bajo
CLI-106109,Cusco,4579.53,156.76,706,0,31,26,Alto,2.0,0,0.0632821733771987,0,Aprobar,Bajo
CLI-106110,Cusco,3728.23,8818.37,915,0,36,91,Medio,1.0,0,0.06494161892204701,0,Aprobar,Bajo
CLI-106111,Lima,4513.91,6372.97,425,0,37,68,Alto,2.0,0,0.7806137854965777,1,Denegar/Revisar,Muy alto
CLI-106112,Cusco,3720.34,7064.51,689,0,41,71,Alto,2.0,0,0.2937751646026111,1,Denegar/Revisar,Medio
CLI-106113,Piura,1625.44,2318.13,166,1,30,28,Medio,1.0,0,0.9699485950417115,1,Denegar/Revisar,Muy alto
CLI-106114,Lima,5643.57,5597.61,275,1,45,204,Bajo,0.0,1,0.9046940297685998,1,Denegar/Revisar,Muy alto
CLI-106115,Arequipa,6721.95,3481.69,932,0,56,358,Medio,1.0,1,0.009487065946638453,0,Aprobar,Bajo
CLI-106116,Arequipa,3787.48,1878.58,783,0,25,55,Alto,2.0,0,0.05367222483423613,0,Aprobar,Bajo
CLI-106117,Cusco,4212.96,7399.47,577,0,27,70,Alto,2.0,0,0.5324465868111132,1,Denegar/Revisar,Alto
CLI-106118,Lima,2519.16,12653.938750000001,354,1,33,24,Bajo,0.0,0,0.9752858243773643,1,Denegar/Revisar,Muy alto
CLI-106119,Arequipa,1025.0,9181.74,162,1,33,11,Alto,2.0,0,0.9941715694980379,1,Denegar/Revisar,Muy alto
CLI-106120,Lima,6302.55,5987.87,913,0,62,141,Bajo,0.0,1,0.02177479469950715,0,Aprobar,Bajo
CLI-106121,Lima,2307.39,5505.5,502,1,49,158,Alto,2.0,1,0.7059361987604409,1,Denegar/Revisar,Alto
CLI-106122,Lima,6124.31,4202.13,857,0,50,291,Bajo,0.0,1,0.02620065040488291,0,Aprobar,Bajo
CLI-106123,Cusco,4127.84,7686.13,291,0,36,36,Medio,1.0,0,0.9455614218720182,1,Denegar/Revisar,Muy alto
CLI-106124,Loreto,3786.74,2717.62,428,0,36,73,Medio,1.0,0,0.645518708286527,1,Denegar/Revisar,Alto
CLI-106125,Arequipa,3638.81,802.25,170,1,23,35,Alto,2.0,0,0.9363133086884724,1,Denegar/Revisar,Muy alto
CLI-106126,Piura,5506.16,5844.93,977,0,48,71,Medio,1.0,1,0.013529827455244035,0,Aprobar,Bajo
CLI-106127,Lima,2784.39,10078.31,840,0,44,80,Alto,2.0,0,0.1915484092492207,0,Aprobar,Bajo
CLI-106128,Lima,4825.63,1670.27,162,1,54,126,Alto,2.0,1,0.9352900961662516,1,Denegar/Revisar,Muy alto
CLI-106129,Lima,3506.81,12653.938750000001,396,1,37,62,Medio,1.0,0,0.9531891176089627,1,Denegar/Revisar,Muy alto
CLI-106130,Lima,5430.54,1279.29,344,0,38,169,Alto,2.0,0,0.6771466364278866,1,Denegar/Revisar,Alto
CLI-106131,Arequipa,3552.53,11430.86,618,0,41,70,Bajo,0.0,1,0.6791725377461382,1,Denegar/Revisar,Alto
CLI-106132,Piura,3697.76,4601.24,492,1,49,214,Bajo,0.0,1,0.6120519800825756,1,Denegar/Revisar,Alto
CLI-106133,Lima,4637.84,3369.15,871,0,23,29,Alto,2.0,0,0.02717933374484184,0,Aprobar,Bajo
CLI-106134,Lima,4764.01,6054.15,700,0,48,65,Medio,1.0,1,0.1862838279433481,0,Aprobar,Bajo
CLI-106135,Lima,5768.31,6711.53,276,1,40,51,Medio,1.0,0,0.9175064405328126,1,Denegar/Revisar,Muy alto
CLI-106136,Lima,3655.12,8916.22,303,1,27,18,Alto,2.0,0,0.9589121203672649,1,Denegar/Revisar,Muy alto
CLI-106137,Cusco,3798.15,9255.37,745,0,18,0,Alto,2.0,0,0.2773138261032797,1,Denegar/Revisar,Medio
CLI-106138,Piura,3857.15,216.52,693,0,38,105,Alto,2.0,0,0.08373995248120408,0,Aprobar,Bajo
CLI-106139,Loreto,1025.0,524.57,632,0,54,167,Medio,1.0,1,0.24294519047556778,1,Denegar/Revisar,Bajo
CLI-106140,Lima,2121.64,6996.2,227,1,57,336,Bajo,0.0,1,0.9784033607359267,1,Denegar/Revisar,Muy alto
CLI-106141,Lima,2353.23,11678.91,294,1,42,33,Bajo,0.0,1,0.9840158974566638,1,Denegar/Revisar,Muy alto
CLI-106142,Lima,7043.15,1470.78,293,1,62,156,Bajo,0.0,1,0.7079318341409145,1,Denegar/Revisar,Alto
CLI-106143,Loreto,3453.71,34.56,283,1,38,94,Medio,1.0,0,0.8130997896371889,1,Denegar/Revisar,Muy alto
CLI-106144,Arequipa,3932.22,1558.59,346,1,50,169,Medio,1.0,1,0.7484010171016199,1,Denegar/Revisar,Alto
CLI-106145,Lima,3655.12,1930.66,972,0,34,115,Medio,1.0,0,0.009570533808380079,0,Aprobar,Bajo
CLI-106146,Piura,4347.91,5725.73,971,0,34,106,Alto,2.0,0,0.018874681138524373,0,Aprobar,Bajo
CLI-106147,Lima,4750.15,195.02,423,0,32,100,Alto,2.0,0,0.4821320357417647,1,Denegar/Revisar,Medio
CLI-106148,Piura,6792.97,956.28,259,1,18,0,Alto,2.0,0,0.760187486246903,1,Denegar/Revisar,Muy alto
CLI-106149,Cusco,3083.55,8976.08,805,0,53,317,Bajo,0.0,1,0.19562872569924583,0,Aprobar,Bajo
CLI-106150,Piura,1218.63,672.82,721,0,31,120,Medio,1.0,0,0.12077414241635198,0,Aprobar,Bajo
CLI-106151,Piura,1666.95,5695.95,165,1,29,43,Medio,1.0,0,0.9850418664132623,1,Denegar/Revisar,Muy alto
CLI-106152,Lima,2049.01,1793.35,353,1,25,32,Alto,2.0,0,0.8248387874551224,1,Denegar/Revisar,Muy alto
CLI-106153,Lima,2121.03,4346.66,382,1,36,159,Alto,2.0,0,0.8581423783719573,1,Denegar/Revisar,Muy alto
CLI-106154,Lima,4179.26,306.86,159,1,59,244,Medio,1.0,1,0.9257148334789211,1,Denegar/Revisar,Muy alto
CLI-106155,Lima,3655.12,1350.62,217,1,62,234,Bajo,0.0,1,0.9136545669210858,1,Denegar/Revisar,Muy alto
CLI-106156,Arequipa,1851.37,2212.08,522,0,20,8,Alto,2.0,0,0.5245811858431797,1,Denegar/Revisar,Alto
CLI-106157,Arequipa,3638.81,7785.59,655,0,35,191,Alto,2.0,0,0.40444711256646004,1,Denegar/Revisar,Medio
CLI-106158,Lima,6981.55,3315.83,821,0,29,59,Alto,2.0,0,0.02499421341005914,0,Aprobar,Bajo
CLI-106159,Loreto,1025.0,185.12,135,1,49,227,Medio,1.0,1,0.9693504259876911,1,Denegar/Revisar,Muy alto
CLI-106160,Lima,5526.47,6475.26,630,0,43,75,Medio,1.0,1,0.2878867979339814,1,Denegar/Revisar,Medio
CLI-106161,Lima,2624.82,224.26,190,1,32,102,Bajo,0.0,1,0.9317306201587884,1,Denegar/Revisar,Muy alto
CLI-106162,Lima,1886.98,10894.68,400,1,39,186,Medio,1.0,1,0.9539007801373023,1,Denegar/Revisar,Muy alto
CLI-106163,Lima,1963.21,951.59,823,0,33,130,Bajo,0.0,1,0.04664651226695526,0,Aprobar,Bajo
CLI-106164,Lima,3655.12,2677.15,833,0,57,274,Medio,1.0,1,0.04000742750326538,0,Aprobar,Bajo
CLI-106165,Lima,2349.22,300.11,316,1,44,123,Medio,1.0,1,0.813524882169167,1,Denegar/Revisar,Muy alto
CLI-106166,Lima,4389.24,3299.52,834,0,47,281,Medio,1.0,1,0.038193329854441405,0,Aprobar,Bajo
CLI-106167,Cusco,6113.06,2750.48,197,1,18,0,Alto,2.0,0,0.9065312670757826,1,Denegar/Revisar,Muy alto
CLI-106168,Lima,2848.12,2112.22,555,0,38,33,Bajo,0.0,1,0.38614596381321104,1,Denegar/Revisar,Medio
CLI-106169,Lima,1650.15,144.88,630,1,61,367,Medio,1.0,1,0.2070033217104182,1,Denegar/Revisar,Bajo
CLI-106170,Lima,3820.73,8445.76,908,0,54,141,Medio,1.0,1,0.06287854601859907,0,Aprobar,Bajo
CLI-106171,Piura,5337.01,6490.83,637,0,19,5,Alto,2.0,0,0.292018266080416,1,Denegar/Revisar,Medio
CLI-106172,Lima,2382.48,4009.9,127,1,35,9,Bajo,0.0,0,0.9830481751760065,1,Denegar/Revisar,Muy alto
CLI-106173,Loreto,4827.22,3396.68,675,0,26,45,Alto,2.0,0,0.14464651676127005,0,Aprobar,Bajo
CLI-106174,Piura,3600.99,4749.07,423,1,58,161,Bajo,0.0,1,0.7607690426831492,1,Denegar/Revisar,Muy alto
CLI-106175,Piura,3235.75,621.89,322,1,42,114,Alto,2.0,0,0.7887686808542631,1,Denegar/Revisar,Muy alto
CLI-106176,Piura,5238.84,10791.07,179,1,31,31,Bajo,0.0,0,0.9871536484438129,1,Denegar/Revisar,Muy alto
CLI-106177,Lima,2371.8,1340.06,662,0,39,133,Alto,2.0,0,0.1794853984482353,0,Aprobar,Bajo
CLI-106178,Lima,2053.01,4274.16,557,0,18,0,Alto,2.0,0,0.5396082959927331,1,Denegar/Revisar,Alto
CLI-106179,Lima,2562.81,3733.3,713,0,27,42,Alto,2.0,0,0.17694744773360616,0,Aprobar,Bajo
CLI-106180,Piura,3567.98,4049.16,275,1,39,90,Medio,1.0,0,0.9142474691665443,1,Denegar/Revisar,Muy alto
CLI-106181,Lima,3822.15,8446.28,621,0,48,194,Bajo,0.0,1,0.5072409933315125,1,Denegar/Revisar,Alto
CLI-106182,Lima,5261.2,1403.4,848,0,18,0,Medio,1.0,0,0.018701935285550978,0,Aprobar,Bajo
CLI-106183,Cusco,3497.93,5528.38,556,1,35,74,Bajo,0.0,1,0.5244149222996266,1,Denegar/Revisar,Alto
CLI-106184,Lima,3250.6,3649.11,522,1,50,166,Medio,1.0,1,0.5096789737077861,1,Denegar/Revisar,Alto
CLI-106185,Loreto,3391.73,316.43,199,1,23,30,Alto,2.0,0,0.9145627628844353,1,Denegar/Revisar,Muy alto
CLI-106186,Arequipa,7022.69,2138.8,989,0,43,163,Alto,2.0,1,0.004078644257390952,0,Aprobar,Bajo
CLI-106187,Lima,2434.56,7279.44,839,0,39,119,Medio,1.0,1,0.12142680407834194,0,Aprobar,Bajo
CLI-106188,Lima,2123.77,1515.37,502,1,57,329,Bajo,0.0,1,0.518910536032594,1,Denegar/Revisar,Alto
CLI-106189,Lima,3911.65,2633.16,675,0,37,80,Alto,2.0,0,0.15109796785813018,0,Aprobar,Bajo
CLI-106190,Arequipa,6506.71,2682.71,479,0,38,57,Alto,2.0,0,0.382473362307423,1,Denegar/Revisar,Medio
CLI-106191,Piura,2152.53,3849.44,630,0,48,285,Medio,1.0,1,0.3368623244342301,1,Denegar/Revisar,Medio
CLI-106192,Arequipa,3347.01,8617.28,431,1,24,38,Medio,1.0,0,0.8720507931030504,1,Denegar/Revisar,Muy alto
CLI-106193,Cusco,2017.9,762.41,417,1,36,110,Alto,2.0,0,0.6766906417005119,1,Denegar/Revisar,Alto
CLI-106194,Arequipa,4601.27,2809.7,752,0,34,87,Medio,1.0,0,0.06852544693873451,0,Aprobar,Bajo
CLI-106195,Lima,1025.0,2208.45,636,1,36,62,Alto,2.0,0,0.3143135401087629,1,Denegar/Revisar,Medio
CLI-106196,Lima,2623.74,1403.45,839,0,48,43,Bajo,0.0,1,0.03822370162166733,0,Aprobar,Bajo
CLI-106197,Loreto,4793.52,10083.37,188,1,46,240,Medio,1.0,1,0.984823767874668,1,Denegar/Revisar,Muy alto
CLI-106198,Lima,3919.98,32.82,703,0,31,123,Medio,1.0,0,0.07055142507338986,0,Aprobar,Bajo
CLI-106199,Lima,2601.98,520.91,610,0,40,49,Medio,1.0,0,0.2146839466109169,1,Denegar/Revisar,Bajo
CLI-106200,Arequipa,2713.28,5287.19,141,1,55,300,Medio,1.0,1,0.9834300074193221,1,Denegar/Revisar,Muy alto
CLI-106201,Lima,4373.06,1223.07,984,0,30,80,Alto,2.0,0,0.006499157618207292,0,Aprobar,Bajo
CLI-106202,Cusco,5153.21,5137.54,906,0,41,54,Medio,1.0,0,0.024347303034918662,0,Aprobar,Bajo
CLI-106203,Arequipa,1025.0,7141.21,488,1,36,74,Alto,2.0,0,0.8389001086493285,1,Denegar/Revisar,Muy alto
CLI-106204,Lima,3655.12,1175.42,180,1,38,73,Bajo,0.0,1,0.9351839066810167,1,Denegar/Revisar,Muy alto
CLI-106205,Cusco,2069.69,852.5,501,0,20,9,Alto,2.0,0,0.48940644750703205,1,Denegar/Revisar,Medio
CLI-106206,Lima,3856.13,628.02,206,1,55,146,Medio,1.0,1,0.9024332518916343,1,Denegar/Revisar,Muy alto
CLI-106207,Lima,2910.53,893.02,210,1,30,34,Medio,1.0,0,0.921464802947068,1,Denegar/Revisar,Muy alto
CLI-106208,Lima,3655.12,1243.45,376,0,50,129,Medio,1.0,1,0.6913465640686611,1,Denegar/Revisar,Alto
CLI-106209,Lima,4369.71,8122.6,313,1,32,80,Alto,2.0,0,0.9383622478885076,1,Denegar/Revisar,Muy alto
CLI-106210,Lima,3665.14,5878.78,842,0,32,47,Bajo,0.0,0,0.0724269708411089,0,Aprobar,Bajo
CLI-106211,Lima,4259.68,7.38,917,0,53,318,Alto,2.0,1,0.00964646047819888,0,Aprobar,Bajo
CLI-106212,Lima,5650.83,8289.68,605,0,51,176,Alto,2.0,1,0.4308601848835026,1,Denegar/Revisar,Medio
CLI-106213,Lima,5089.82,328.37,220,1,42,199,Bajo,0.0,1,0.855963234011885,1,Denegar/Revisar,Muy alto
CLI-106214,Arequipa,2822.48,4259.92,233,1,47,61,Bajo,0.0,1,0.9533189888979704,1,Denegar/Revisar,Muy alto
CLI-106215,Loreto,2856.44,657.02,917,0,36,45,Alto,2.0,0,0.015237130872581632,0,Aprobar,Bajo
CLI-106216,Lima,1025.0,257.2,819,0,38,79,Alto,2.0,0,0.051720016825042216,0,Aprobar,Bajo
CLI-106217,Lima,1025.0,5704.65,470,1,31,109,Alto,2.0,0,0.8198811027743766,1,Denegar/Revisar,Muy alto
CLI-106218,Lima,3920.12,2518.46,356,1,49,162,Medio,1.0,1,0.7688469775546626,1,Denegar/Revisar,Muy alto
CLI-106219,Lima,4769.99,3655.8,796,0,32,115,Alto,2.0,0,0.05497642563101806,0,Aprobar,Bajo
CLI-106220,Arequipa,3280.91,2216.0,897,0,55,27,Bajo,0.0,1,0.02297043076431946,0,Aprobar,Bajo
CLI-106221,Arequipa,6400.23,278.14,974,0,37,94,Medio,1.0,0,0.0035255719272770034,0,Aprobar,Bajo
CLI-106222,Lima,2747.59,5382.42,279,1,39,240,Alto,2.0,1,0.944774696465096,1,Denegar/Revisar,Muy alto
CLI-106223,Lima,1911.4,6867.0,147,1,47,63,Medio,1.0,1,0.989510864067756,1,Denegar/Revisar,Muy alto
CLI-106224,Lima,5652.74,169.21,698,0,40,94,Alto,2.0,0,0.053853393236441144,0,Aprobar,Bajo
CLI-106225,Piura,6049.84,1884.61,996,0,37,73,Medio,1.0,0,0.0043640043057921905,0,Aprobar,Bajo
CLI-106226,Lima,2658.61,3259.6,118,1,38,94,Alto,2.0,0,0.9805865398406258,1,Denegar/Revisar,Muy alto
CLI-106227,Cusco,3566.3,3717.34,145,1,49,32,Bajo,0.0,1,0.9722113721901987,1,Denegar/Revisar,Muy alto
CLI-106228,Arequipa,4565.57,3452.45,550,0,32,131,Alto,2.0,0,0.37002232477712105,1,Denegar/Revisar,Medio
CLI-106229,Lima,7756.9,4722.86,997,0,39,75,Medio,1.0,0,0.0052928829584090375,0,Aprobar,Bajo
CLI-106230,Piura,2613.47,12653.938750000001,155,1,39,37,Bajo,0.0,1,0.9960111819159254,1,Denegar/Revisar,Muy alto
CLI-106231,Cusco,2410.19,1981.03,840,0,48,66,Medio,1.0,1,0.0430388028825615,0,Aprobar,Bajo
CLI-106232,Piura,4950.22,3253.34,756,0,38,40,Alto,2.0,0,0.06940371691512455,0,Aprobar,Bajo
CLI-106233,Lima,2975.32,4803.63,191,1,59,88,Bajo,0.0,1,0.9704009512375669,1,Denegar/Revisar,Muy alto
CLI-106234,Lima,3655.12,3590.11,181,1,37,82,Bajo,0.0,1,0.9596801374032509,1,Denegar/Revisar,Muy alto
CLI-106235,Loreto,4125.17,1955.94,836,0,37,133,Alto,2.0,0,0.03140435515981124,0,Aprobar,Bajo
CLI-106236,Piura,1025.0,3913.51,178,1,36,131,Alto,2.0,0,0.9796973939281083,1,Denegar/Revisar,Muy alto
CLI-106237,Arequipa,4414.07,4200.56,761,0,25,24,Alto,2.0,0,0.08961531537969783,0,Aprobar,Bajo
CLI-106238,Loreto,3905.27,3517.6,972,0,28,48,Medio,1.0,0,0.012587838971438198,0,Aprobar,Bajo
CLI-106239,Loreto,2800.4,918.21,382,1,33,50,Medio,1.0,0,0.7067770466215022,1,Denegar/Revisar,Alto
CLI-106240,Cusco,2722.73,2820.73,410,1,51,115,Bajo,0.0,1,0.7456239491834012,1,Denegar/Revisar,Alto
CLI-106241,Lima,2959.2,8628.98,259,1,38,27,Bajo,0.0,1,0.9750025566644704,1,Denegar/Revisar,Muy alto
CLI-106242,Piura,3720.67,8118.09,415,1,34,41,Medio,1.0,0,0.8672870806628078,1,Denegar/Revisar,Muy alto
CLI-106243,Arequipa,3638.81,5557.8,976,0,52,162,Alto,2.0,1,0.020458093247301638,0,Aprobar,Bajo
CLI-106244,Arequipa,5766.22,4778.67,767,1,57,206,Medio,1.0,1,0.06883164746836368,0,Aprobar,Bajo
CLI-106245,Piura,4144.25,665.54,255,1,53,286,Bajo,0.0,1,0.8512508786145979,1,Denegar/Revisar,Muy alto
CLI-106246,Lima,4364.35,2460.78,987,0,30,94,Alto,2.0,0,0.008208867872727366,0,Aprobar,Bajo
CLI-106247,Arequipa,2572.94,470.41,813,0,33,97,Alto,2.0,0,0.040439042276726116,0,Aprobar,Bajo
CLI-106248,Arequipa,4504.79,6799.3,567,1,59,257,Bajo,0.0,1,0.5073278979741821,1,Denegar/Revisar,Alto
CLI-106249,Lima,3931.64,1375.84,952,0,42,129,Alto,2.0,0,0.010004320348508103,0,Aprobar,Bajo
CLI-106250,Lima,3365.88,5824.57,561,1,36,180,Alto,2.0,0,0.5359441974698742,1,Denegar/Revisar,Alto
CLI-106251,Lima,2427.97,6740.5,953,0,46,208,Alto,2.0,1,0.04220029684938967,0,Aprobar,Bajo
CLI-106252,Lima,3552.36,8920.91,216,1,50,78,Bajo,0.0,1,0.9818551560311088,1,Denegar/Revisar,Muy alto
CLI-106253,Lima,7920.08,5606.93,765,0,34,52,Bajo,0.0,1,0.05353483237732968,0,Aprobar,Bajo
CLI-106254,Lima,2666.57,3327.15,463,1,41,166,Medio,1.0,1,0.6591971651100544,1,Denegar/Revisar,Alto
CLI-106255,Piura,5317.9,3647.05,942,0,50,58,Bajo,0.0,1,0.012831989547848824,0,Aprobar,Bajo
CLI-106256,Piura,5828.79,1546.08,730,0,27,45,Alto,2.0,0,0.05134896842626796,0,Aprobar,Bajo
CLI-106257,Arequipa,3335.53,779.18,810,0,39,112,Bajo,0.0,1,0.03731672698265662,0,Aprobar,Bajo
CLI-106258,Loreto,1025.0,559.97,565,0,26,83,Alto,2.0,0,0.38648244372157087,1,Denegar/Revisar,Medio
CLI-106259,Lima,3655.12,803.69,874,0,28,98,Alto,2.0,0,0.019461936461119413,0,Aprobar,Bajo
CLI-106260,Lima,3655.12,10869.49,283,1,33,56,Alto,2.0,0,0.977027253097116,1,Denegar/Revisar,Muy alto
CLI-106261,Loreto,4485.0,718.58,759,0,45,15,Medio,1.0,0,0.04352727902472925,0,Aprobar,Bajo
CLI-106262,Lima,3112.34,5145.61,265,1,35,106,Bajo,0.0,1,0.9446014287919502,1,Denegar/Revisar,Muy alto
CLI-106263,Cusco,4587.71,816.45,174,1,32,4,Medio,1.0,0,0.9164285560853633,1,Denegar/Revisar,Muy alto
CLI-106264,Loreto,4047.72,12653.938750000001,847,0,40,12,Medio,1.0,0,0.207084419857067,1,Denegar/Revisar,Bajo
CLI-106265,Piura,7606.33,1826.51,925,0,28,37,Medio,1.0,0,0.005838702920446654,0,Aprobar,Bajo
CLI-106266,Cusco,4289.07,2125.04,371,1,44,15,Medio,1.0,0,0.7093856951446109,1,Denegar/Revisar,Alto
CLI-106267,Lima,5597.23,2073.49,790,0,52,89,Bajo,0.0,1,0.03508942693258106,0,Aprobar,Bajo
CLI-106268,Lima,3713.85,6781.27,602,0,38,140,Bajo,0.0,1,0.4702120306414599,1,Denegar/Revisar,Medio
CLI-106269,Piura,3660.39,985.09,894,0,37,62,Bajo,0.0,1,0.016787805973441098,0,Aprobar,Bajo
CLI-106270,Lima,1289.55,7112.01,662,1,42,119,Bajo,0.0,1,0.4875629852373668,1,Denegar/Revisar,Medio
CLI-106271,Cusco,3006.52,4280.79,686,0,18,0,Alto,2.0,0,0.21904827873865887,1,Denegar/Revisar,Bajo
CLI-106272,Lima,5626.48,995.28,755,0,46,216,Medio,1.0,1,0.03701276258659093,0,Aprobar,Bajo
CLI-106273,Piura,3660.39,270.58,442,1,70,308,Bajo,0.0,1,0.5047719830480524,1,Denegar/Revisar,Alto
CLI-106274,Piura,2410.68,5966.49,799,0,37,32,Medio,1.0,0,0.1329080577254238,0,Aprobar,Bajo
CLI-106275,Arequipa,2941.69,988.53,734,0,37,73,Medio,1.0,0,0.08015668080478697,0,Aprobar,Bajo
CLI-106276,Lima,3347.58,8795.31,943,0,47,167,Medio,1.0,1,0.05487144728247543,0,Aprobar,Bajo
CLI-106277,Lima,3141.62,556.06,350,0,57,65,Bajo,0.0,1,0.7432242338770465,1,Denegar/Revisar,Alto
CLI-106278,Loreto,3062.69,3832.25,907,0,49,51,Medio,1.0,1,0.029579842114100783,0,Aprobar,Bajo
CLI-106279,Lima,6502.59,4712.81,934,0,18,0,Alto,2.0,0,0.013155442235103372,0,Aprobar,Bajo
CLI-106280,Loreto,3270.31,4288.3,229,1,45,268,Medio,1.0,1,0.9487160031144761,1,Denegar/Revisar,Muy alto
CLI-106281,Piura,2132.73,1519.36,863,0,67,137,Bajo,0.0,1,0.0351599885949651,0,Aprobar,Bajo
CLI-106282,Arequipa,5718.21,8334.55,457,1,47,68,Medio,1.0,1,0.7437182451853979,1,Denegar/Revisar,Alto
CLI-106283,Arequipa,3638.81,5875.32,791,0,26,14,Alto,2.0,0,0.11242673960482061,0,Aprobar,Bajo
CLI-106284,Lima,4272.99,2855.08,507,1,42,55,Bajo,0.0,1,0.45338366385046863,1,Denegar/Revisar,Medio
CLI-106285,Piura,4880.11,3698.23,960,0,25,23,Alto,2.0,0,0.012136099018463018,0,Aprobar,Bajo
CLI-106286,Loreto,4314.13,3342.27,594,0,53,47,Alto,2.0,0,0.2870401075640695,1,Denegar/Revisar,Medio
CLI-106287,Lima,3426.74,11727.17,721,0,28,97,Alto,2.0,0,0.46891681010696856,1,Denegar/Revisar,Medio
CLI-106288,Cusco,4158.14,9069.38,581,0,40,37,Alto,2.0,0,0.6124984968427734,1,Denegar/Revisar,Alto
CLI-106289,Lima,4174.15,1074.12,949,0,30,47,Alto,2.0,0,0.009134391475875824,0,Aprobar,Bajo
CLI-106290,Lima,3397.16,1219.37,177,1,33,17,Alto,2.0,0,0.9408368624202259,1,Denegar/Revisar,Muy alto
CLI-106291,Lima,3447.41,12653.938750000001,613,1,55,72,Bajo,0.0,1,0.7369768148651052,1,Denegar/Revisar,Alto
CLI-106292,Cusco,2904.94,1079.69,420,1,40,49,Medio,1.0,0,0.6302182831731021,1,Denegar/Revisar,Alto
CLI-106293,Lima,2080.95,12271.43,887,0,32,153,Medio,1.0,0,0.21534860975335804,1,Denegar/Revisar,Bajo
CLI-106294,Loreto,3270.19,4196.47,389,1,26,29,Alto,2.0,0,0.8078202652421861,1,Denegar/Revisar,Muy alto
CLI-106295,Loreto,3628.92,205.63,396,1,18,0,Alto,2.0,0,0.6092580557191329,1,Denegar/Revisar,Alto
CLI-106296,Lima,6833.31,1636.25,780,0,27,54,Alto,2.0,0,0.026610246836234155,0,Aprobar,Bajo
CLI-106297,Lima,4921.05,2586.23,851,0,41,171,Alto,2.0,0,0.026054030161635378,0,Aprobar,Bajo
CLI-106298,Arequipa,2560.98,7161.27,574,0,49,173,Medio,1.0,1,0.6112699035137321,1,Denegar/Revisar,Alto
CLI-106299,Lima,3655.12,1593.47,122,1,33,30,Medio,1.0,0,0.9631404020613508,1,Denegar/Revisar,Muy alto
CLI-106300,Arequipa,4711.16,1487.61,905,0,57,34,Medio,1.0,1,0.012748104271613957,0,Aprobar,Bajo
CLI-106301,Lima,1924.58,10116.1,271,1,30,76,Medio,1.0,0,0.9831555604295464,1,Denegar/Revisar,Muy alto
CLI-106302,Lima,3515.28,329.33,934,0,36,112,Medio,1.0,0,0.010063703857949663,0,Aprobar,Bajo
CLI-106303,Arequipa,2211.81,3207.58,417,1,27,8,Medio,1.0,0,0.7634179879285532,1,Denegar/Revisar,Muy alto
CLI-106304,Lima,3801.12,2806.65,897,0,50,24,Bajo,0.0,1,0.023060960359243494,0,Aprobar,Bajo
CLI-106305,Lima,5512.18,236.18,954,0,63,232,Bajo,0.0,1,0.005373558958618626,0,Aprobar,Bajo
CLI-106306,Lima,1025.0,4408.86,292,1,19,2,Alto,2.0,0,0.9484210853902706,1,Denegar/Revisar,Muy alto
CLI-106307,Lima,6001.97,1924.86,780,0,36,90,Medio,1.0,0,0.03279561775550186,0,Aprobar,Bajo
CLI-106308,Piura,3660.39,576.23,217,1,53,189,Medio,1.0,1,0.8962142675484815,1,Denegar/Revisar,Muy alto
CLI-106309,Loreto,1758.88,2600.9,105,1,22,28,Alto,2.0,0,0.9839173843361856,1,Denegar/Revisar,Muy alto
CLI-106310,Lima,5715.64,3755.05,942,0,46,105,Bajo,0.0,1,0.011980957920256642,0,Aprobar,Bajo
CLI-106311,Piura,3354.62,4702.79,582,0,52,259,Medio,1.0,1,0.41927584999531514,1,Denegar/Revisar,Medio
CLI-106312,Arequipa,1391.72,3162.78,231,1,39,98,Alto,2.0,0,0.9583403694518902,1,Denegar/Revisar,Muy alto
CLI-106313,Lima,1025.0,1909.95,192,1,44,135,Bajo,0.0,1,0.9651772050048149,1,Denegar/Revisar,Muy alto
CLI-106314,Lima,5267.17,555.94,862,0,59,155,Medio,1.0,1,0.0137626588535075,0,Aprobar,Bajo
CLI-106315,Cusco,4881.61,1137.34,621,0,61,64,Medio,1.0,1,0.14198525228195885,0,Aprobar,Bajo
CLI-106316,Arequipa,3204.43,2174.92,662,0,38,100,Alto,2.0,0,0.1770107318736254,0,Aprobar,Bajo
CLI-106317,Piura,6401.99,10314.12,960,0,34,138,Alto,2.0,0,0.03372135128737911,0,Aprobar,Bajo
CLI-106318,Piura,3339.75,905.6,393,1,29,49,Bajo,0.0,0,0.6653571886512007,1,Denegar/Revisar,Alto
CLI-106319,Lima,5972.01,2133.27,740,0,51,242,Medio,1.0,1,0.049363764197159946,0,Aprobar,Bajo
CLI-106320,Piura,2045.95,5271.69,491,1,23,28,Alto,2.0,0,0.7291285185095955,1,Denegar/Revisar,Alto
CLI-106321,Piura,1576.31,4885.88,348,1,35,98,Medio,1.0,0,0.9105758472364077,1,Denegar/Revisar,Muy alto
CLI-106322,Piura,3660.39,12653.938750000001,713,0,40,193,Medio,1.0,1,0.5010809237335564,1,Denegar/Revisar,Alto
CLI-106323,Lima,3796.65,847.34,948,0,34,51,Medio,1.0,0,0.009230844158996485,0,Aprobar,Bajo
CLI-106324,Lima,5614.63,66.63,694,0,43,133,Bajo,0.0,1,0.05512606292574826,0,Aprobar,Bajo
CLI-106325,Lima,4544.01,1556.34,802,0,68,391,Bajo,0.0,1,0.03586293380181314,0,Aprobar,Bajo
CLI-106326,Cusco,2393.14,648.63,516,1,37,58,Alto,2.0,0,0.42526365513752223,1,Denegar/Revisar,Medio
CLI-106327,Lima,3655.12,3180.45,242,1,34,117,Bajo,0.0,1,0.9249099488720042,1,Denegar/Revisar,Muy alto
CLI-106328,Lima,2529.92,9161.8,336,1,50,184,Alto,2.0,1,0.9590453956900814,1,Denegar/Revisar,Muy alto
CLI-106329,Lima,2066.36,4661.92,386,1,41,67,Bajo,0.0,1,0.863148070262665,1,Denegar/Revisar,Muy alto
CLI-106330,Lima,3132.39,583.8,376,1,55,105,Medio,1.0,1,0.6874896215661194,1,Denegar/Revisar,Alto
CLI-106331,Arequipa,3185.72,493.6,486,1,41,91,Alto,2.0,0,0.44116682593867185,1,Denegar/Revisar,Medio
CLI-106332,Piura,2313.48,9696.74,481,1,36,44,Alto,2.0,0,0.876147408000403,1,Denegar/Revisar,Muy alto
CLI-106333,Piura,2433.45,2674.67,549,1,19,5,Medio,1.0,0,0.44257027401154225,1,Denegar/Revisar,Medio
CLI-106334,Lima,4501.89,10290.91,390,1,22,6,Alto,2.0,0,0.9189211726295792,1,Denegar/Revisar,Muy alto
CLI-106335,Arequipa,3671.12,5330.52,268,1,19,4,Alto,2.0,0,0.93804888427064,1,Denegar/Revisar,Muy alto
CLI-106336,Lima,4999.5,12653.938750000001,542,1,44,30,Alto,2.0,0,0.7918653245316102,1,Denegar/Revisar,Muy alto
CLI-106337,Lima,3584.37,8198.84,755,0,24,5,Alto,2.0,0,0.2270311008425631,1,Denegar/Revisar,Bajo
CLI-106338,Lima,1434.4,2139.19,283,1,52,183,Bajo,0.0,1,0.9184741890496224,1,Denegar/Revisar,Muy alto
CLI-106339,Lima,1927.15,5679.04,144,1,39,18,Alto,2.0,0,0.9873698968872019,1,Denegar/Revisar,Muy alto
CLI-106340,Lima,5748.97,2548.79,854,0,37,192,Alto,2.0,0,0.02084971021320523,0,Aprobar,Bajo
CLI-106341,Piura,1951.39,1061.45,926,0,29,57,Alto,2.0,0,0.0187492553727491,0,Aprobar,Bajo
CLI-106342,Arequipa,5401.07,1103.17,367,1,47,195,Medio,1.0,1,0.6120864328055335,1,Denegar/Revisar,Alto
CLI-106343,Loreto,1984.76,2025.49,575,1,29,69,Bajo,0.0,0,0.3848199524467357,1,Denegar/Revisar,Medio
CLI-106344,Lima,4373.51,472.73,352,0,28,49,Medio,1.0,0,0.6686535394151116,1,Denegar/Revisar,Alto
CLI-106345,Lima,1959.31,782.92,495,0,51,40,Bajo,0.0,1,0.506205485188977,1,Denegar/Revisar,Alto
CLI-106346,Lima,2383.25,2777.46,388,0,42,81,Medio,1.0,1,0.7880046611607098,1,Denegar/Revisar,Muy alto
CLI-106347,Cusco,1025.0,12309.72,311,1,35,105,Alto,2.0,0,0.9878954540362832,1,Denegar/Revisar,Muy alto
CLI-106348,Piura,6856.7,3448.03,788,0,47,158,Alto,2.0,1,0.03566251899409653,0,Aprobar,Bajo
CLI-106349,Arequipa,3602.25,2100.35,120,1,39,176,Alto,2.0,0,0.9689207226125119,1,Denegar/Revisar,Muy alto
CLI-106350,Lima,4280.55,1111.98,415,0,43,115,Medio,1.0,1,0.566522627690279,1,Denegar/Revisar,Alto
CLI-106351,Piura,3086.7,872.13,663,0,30,81,Alto,2.0,0,0.1425921004864013,0,Aprobar,Bajo
CLI-106352,Lima,2177.87,4296.54,537,1,61,148,Bajo,0.0,1,0.5798449327889587,1,Denegar/Revisar,Alto
CLI-106353,Piura,4708.8,7544.07,522,1,33,63,Bajo,0.0,1,0.6367761052003188,1,Denegar/Revisar,Alto
CLI-106354,Cusco,1359.31,2035.68,332,1,55,187,Bajo,0.0,1,0.8762833439083989,1,Denegar/Revisar,Muy alto
CLI-106355,Cusco,2693.31,3199.89,222,0,37,116,Medio,1.0,0,0.9472214875464281,1,Denegar/Revisar,Muy alto
CLI-106356,Piura,3660.39,4906.6,973,0,48,158,Alto,2.0,1,0.018287238782484467,0,Aprobar,Bajo
CLI-106357,Lima,4107.92,240.26,711,0,47,172,Medio,1.0,1,0.06579830542180332,0,Aprobar,Bajo
CLI-106358,Cusco,1025.0,1728.66,313,1,51,168,Bajo,0.0,1,0.8955442421779836,1,Denegar/Revisar,Muy alto
CLI-106359,Arequipa,2155.13,5233.67,938,0,29,29,Medio,1.0,0,0.036442678765496755,0,Aprobar,Bajo
CLI-106360,Lima,2702.27,4615.9,746,0,50,66,Medio,1.0,1,0.1504357780976688,0,Aprobar,Bajo
CLI-106361,Lima,3655.12,219.29,929,0,59,61,Bajo,0.0,1,0.010363930542788528,0,Aprobar,Bajo
CLI-106362,Lima,3361.02,1086.28,829,0,36,107,Medio,1.0,0,0.032044456648020476,0,Aprobar,Bajo
CLI-106363,Lima,5373.4,4557.2,699,0,40,130,Alto,2.0,0,0.13192842275038816,0,Aprobar,Bajo
CLI-106364,Lima,6533.05,1266.61,891,0,34,14,Alto,2.0,0,0.009478976109401668,0,Aprobar,Bajo
CLI-106365,Piura,2315.04,6736.87,139,1,35,124,Alto,2.0,0,0.9894315506079638,1,Denegar/Revisar,Muy alto
CLI-106366,Lima,1984.33,119.8,851,0,57,277,Bajo,0.0,1,0.030453877031915412,0,Aprobar,Bajo
CLI-106367,Lima,4810.52,844.6,431,0,28,52,Alto,2.0,0,0.49415630992230103,1,Denegar/Revisar,Medio
CLI-106368,Piura,1681.65,1321.32,747,0,28,50,Medio,1.0,0,0.09979461739450166,0,Aprobar,Bajo
CLI-106369,Loreto,3600.67,10376.56,281,1,57,244,Medio,1.0,1,0.9743947693743021,1,Denegar/Revisar,Muy alto
CLI-106370,Arequipa,1025.0,6364.8,364,1,45,53,Bajo,0.0,1,0.9339696112566666,1,Denegar/Revisar,Muy alto
CLI-106371,Lima,5684.75,8621.67,870,0,63,345,Bajo,0.0,1,0.06285347860193521,0,Aprobar,Bajo
CLI-106372,Cusco,4944.13,2322.7,793,0,35,25,Alto,2.0,0,0.041562663137783416,0,Aprobar,Bajo
CLI-106373,Cusco,6191.43,6916.54,632,0,41,45,Alto,2.0,0,0.27947742019363014,1,Denegar/Revisar,Medio
CLI-106374,Lima,3762.12,7682.74,962,0,32,54,Medio,1.0,0,0.033708556680154086,0,Aprobar,Bajo
CLI-106375,Lima,2326.04,12653.938750000001,531,1,40,19,Alto,2.0,0,0.8869291975405894,1,Denegar/Revisar,Muy alto
CLI-106376,Arequipa,2302.78,12653.938750000001,295,1,19,2,Alto,2.0,0,0.986333330866209,1,Denegar/Revisar,Muy alto
CLI-106377,Loreto,2146.84,7621.65,823,0,46,141,Alto,2.0,0,0.1609228233601826,0,Aprobar,Bajo
CLI-106378,Cusco,5858.98,12653.938750000001,608,0,43,49,Bajo,0.0,1,0.6265940598710956,1,Denegar/Revisar,Alto
CLI-106379,Loreto,8656.95,8054.53,546,0,40,166,Alto,2.0,0,0.38412459332092663,1,Denegar/Revisar,Medio
CLI-106380,Piura,2668.28,5988.07,627,1,34,12,Medio,1.0,0,0.42135977767064314,1,Denegar/Revisar,Medio
CLI-106381,Piura,3991.05,11518.48,301,1,29,49,Alto,2.0,0,0.9744306146678151,1,Denegar/Revisar,Muy alto
CLI-106382,Lima,4214.77,2177.66,974,0,47,146,Alto,2.0,1,0.009036299826477896,0,Aprobar,Bajo
CLI-106383,Lima,4820.61,6117.58,829,0,27,55,Alto,2.0,0,0.06625279698730747,0,Aprobar,Bajo
CLI-106384,Lima,3655.12,957.56,704,0,45,173,Bajo,0.0,1,0.09175457478032825,0,Aprobar,Bajo
CLI-106385,Piura,1249.36,12653.938750000001,232,1,61,209,Bajo,0.0,1,0.9940267162108304,1,Denegar/Revisar,Muy alto
CLI-106386,Piura,2258.11,6155.05,238,1,55,261,Alto,2.0,1,0.9707130607172889,1,Denegar/Revisar,Muy alto
CLI-106387,Arequipa,5840.73,5042.52,768,0,23,27,Alto,2.0,0,0.07328822478910858,0,Aprobar,Bajo
CLI-106388,Lima,4447.25,7583.5,592,0,33,119,Alto,2.0,0,0.4934391758733926,1,Denegar/Revisar,Medio
CLI-106389,Piura,4882.98,2133.21,946,0,44,156,Alto,2.0,1,0.009959650312970523,0,Aprobar,Bajo
CLI-106390,Lima,3602.53,3147.79,169,1,38,141,Bajo,0.0,1,0.9608763221106915,1,Denegar/Revisar,Muy alto
CLI-106391,Lima,5241.84,42.9,915,0,24,26,Alto,2.0,0,0.007898830456505357,0,Aprobar,Bajo
CLI-106392,Arequipa,4464.65,631.55,114,1,44,132,Alto,2.0,0,0.9519204443678604,1,Denegar/Revisar,Muy alto
CLI-106393,Arequipa,5322.66,4133.48,846,0,40,76,Bajo,0.0,1,0.03420060756398496,0,Aprobar,Bajo
CLI-106394,Cusco,3045.91,3305.04,311,1,60,22,Alto,2.0,0,0.8840548652610452,1,Denegar/Revisar,Muy alto
CLI-106395,Lima,4831.55,879.26,901,0,37,152,Alto,2.0,0,0.011774828380920477,0,Aprobar,Bajo
CLI-106396,Lima,3655.12,1116.02,159,1,52,133,Bajo,0.0,1,0.945506699273811,1,Denegar/Revisar,Muy alto
CLI-106397,Lima,2082.78,1686.88,351,1,24,30,Alto,2.0,0,0.8231624365133118,1,Denegar/Revisar,Muy alto
CLI-106398,Lima,3512.56,5040.97,545,1,28,74,Medio,1.0,0,0.5140251897416427,1,Denegar/Revisar,Alto
CLI-106399,Loreto,2531.28,3763.53,101,1,46,129,Bajo,0.0,1,0.9854803705379747,1,Denegar/Revisar,Muy alto
CLI-106400,Arequipa,1646.86,288.44,847,0,50,68,Bajo,0.0,1,0.035257951945631014,0,Aprobar,Bajo
CLI-106401,Loreto,4532.4,5707.45,435,0,29,38,Alto,2.0,0,0.7370320970995972,1,Denegar/Revisar,Alto
CLI-106402,Lima,4152.7,1218.82,118,1,39,51,Bajo,0.0,1,0.9586918290541004,1,Denegar/Revisar,Muy alto
CLI-106403,Loreto,4635.71,4456.04,660,0,24,10,Alto,2.0,0,0.20288673069469682,1,Denegar/Revisar,Bajo
CLI-106404,Lima,4181.06,526.65,177,1,37,150,Medio,1.0,1,0.9168118985054013,1,Denegar/Revisar,Muy alto
CLI-106405,Loreto,3378.14,12653.938750000001,571,1,48,183,Medio,1.0,1,0.8024854747246885,1,Denegar/Revisar,Muy alto
CLI-106406,Lima,3655.12,334.98,127,1,34,135,Alto,2.0,0,0.9520695396574995,1,Denegar/Revisar,Muy alto
CLI-106407,Lima,5241.36,5415.06,659,0,37,137,Alto,2.0,0,0.21467484498418782,1,Denegar/Revisar,Bajo
CLI-106408,Piura,2325.82,3117.7,707,0,26,48,Alto,2.0,0,0.1742363141212037,0,Aprobar,Bajo
CLI-106409,Cusco,1387.84,359.43,264,1,31,48,Bajo,0.0,0,0.9033466216478567,1,Denegar/Revisar,Muy alto
CLI-106410,Lima,4286.21,108.71,557,0,59,336,Bajo,0.0,1,0.2245903946377314,1,Denegar/Revisar,Bajo
CLI-106411,Lima,5083.14,1801.84,976,0,40,137,Medio,1.0,1,0.006460681127384698,0,Aprobar,Bajo
CLI-106412,Loreto,3600.67,6482.48,275,1,28,20,Bajo,0.0,0,0.948407840254531,1,Denegar/Revisar,Muy alto
CLI-106413,Lima,1302.34,168.09,684,1,35,41,Alto,2.0,0,0.15115634682571727,0,Aprobar,Bajo
CLI-106414,Lima,4287.39,4874.97,967,0,22,10,Medio,1.0,0,0.016024800810427488,0,Aprobar,Bajo
CLI-106415,Lima,1060.45,4261.21,128,1,27,40,Alto,2.0,0,0.9879995898121751,1,Denegar/Revisar,Muy alto
CLI-106416,Lima,5318.94,1234.47,768,0,55,354,Bajo,0.0,1,0.0384063122648841,0,Aprobar,Bajo
CLI-106417,Cusco,6350.62,322.64,925,0,39,123,Medio,1.0,1,0.005688473431313113,0,Aprobar,Bajo
CLI-106418,Arequipa,3638.81,9875.6,915,0,60,176,Medio,1.0,1,0.08142812250190343,0,Aprobar,Bajo
CLI-106419,Piura,2419.23,1428.7,378,1,37,49,Medio,1.0,0,0.7527924093519717,1,Denegar/Revisar,Muy alto
CLI-106420,Cusco,3560.7650000000003,472.36,382,1,39,56,Medio,1.0,0,0.6477556098195986,1,Denegar/Revisar,Alto
CLI-106421,Lima,3038.26,4576.75,578,1,46,132,Bajo,0.0,1,0.44943608297556475,1,Denegar/Revisar,Medio
CLI-106422,Lima,2474.31,976.86,618,0,18,1,Alto,2.0,0,0.23013153946532888,1,Denegar/Revisar,Bajo
CLI-106423,Lima,3069.14,2582.24,404,1,41,205,Medio,1.0,1,0.7236146145918352,1,Denegar/Revisar,Alto
CLI-106424,Lima,3655.12,206.88,793,0,38,118,Medio,1.0,1,0.03474654429161061,0,Aprobar,Bajo
CLI-106425,Lima,1025.0,12653.938750000001,208,1,54,213,Bajo,0.0,1,0.9954662833411464,1,Denegar/Revisar,Muy alto
CLI-106426,Cusco,3916.97,2374.08,423,0,50,31,Medio,1.0,1,0.6326340136313263,1,Denegar/Revisar,Alto
CLI-106427,Arequipa,3796.74,12653.938750000001,305,1,27,21,Medio,1.0,0,0.9781204654182561,1,Denegar/Revisar,Muy alto
CLI-106428,Lima,5715.13,1948.92,333,1,53,202,Alto,2.0,1,0.7148909889726079,1,Denegar/Revisar,Alto
CLI-106429,Piura,2964.21,1709.94,557,0,36,154,Medio,1.0,1,0.3469031493239523,1,Denegar/Revisar,Medio
CLI-106430,Arequipa,1025.0,9840.34,286,1,28,106,Alto,2.0,0,0.9839366380273266,1,Denegar/Revisar,Muy alto
CLI-106431,Cusco,4884.95,1598.72,581,1,42,176,Medio,1.0,1,0.20965579695906741,1,Denegar/Revisar,Bajo
CLI-106432,Loreto,4903.63,2262.57,506,0,37,21,Medio,1.0,0,0.3804650029370226,1,Denegar/Revisar,Medio
CLI-106433,Piura,6093.0,325.32,940,0,57,59,Medio,1.0,1,0.00525149540007781,0,Aprobar,Bajo
CLI-106434,Arequipa,5922.99,12445.68,608,0,44,95,Alto,2.0,0,0.6231123582115339,1,Denegar/Revisar,Alto
CLI-106435,Piura,6664.3,355.99,968,0,42,208,Alto,2.0,1,0.003705416624953465,0,Aprobar,Bajo
CLI-106436,Piura,2272.84,5899.36,619,0,48,113,Medio,1.0,1,0.45781989196568207,1,Denegar/Revisar,Medio
CLI-106437,Lima,5126.12,3094.09,152,1,52,197,Bajo,0.0,1,0.9523801670695916,1,Denegar/Revisar,Muy alto
CLI-106438,Lima,3001.95,253.49,497,0,47,289,Medio,1.0,1,0.4046406630962729,1,Denegar/Revisar,Medio
CLI-106439,Piura,4293.66,6.82,298,1,55,307,Bajo,0.0,1,0.7626542220853534,1,Denegar/Revisar,Muy alto
CLI-106440,Lima,3869.24,10967.69,490,1,46,181,Medio,1.0,1,0.8508058938465501,1,Denegar/Revisar,Muy alto
CLI-106441,Lima,2536.88,5421.87,748,0,40,110,Alto,2.0,0,0.1819964410741098,0,Aprobar,Bajo
CLI-106442,Arequipa,3638.81,4639.01,870,0,53,127,Bajo,0.0,1,0.044431025062246506,0,Aprobar,Bajo
CLI-106443,Lima,3705.85,2308.98,945,0,38,112,Medio,1.0,1,0.013150705883737263,0,Aprobar,Bajo
CLI-106444,Piura,3660.39,1090.46,597,0,39,59,Medio,1.0,0,0.2141173914573769,1,Denegar/Revisar,Bajo
CLI-106445,Piura,3660.39,4556.03,271,1,58,225,Bajo,0.0,1,0.926098166968566,1,Denegar/Revisar,Muy alto
CLI-106446,Cusco,1363.32,3749.05,185,1,56,343,Bajo,0.0,1,0.9758162248748773,1,Denegar/Revisar,Muy alto
CLI-106447,Lima,3655.12,5183.51,657,1,39,20,Alto,2.0,0,0.2770710379279046,1,Denegar/Revisar,Medio
CLI-106448,Lima,6656.8,1821.52,957,0,35,15,Medio,1.0,0,0.005387340147159025,0,Aprobar,Bajo
CLI-106449,Piura,1025.0,12653.938750000001,285,1,54,204,Medio,1.0,1,0.9903476924405373,1,Denegar/Revisar,Muy alto
CLI-106450,Loreto,4379.6,277.44,255,0,48,66,Medio,1.0,1,0.8276967292779647,1,Denegar/Revisar,Muy alto
CLI-106451,Cusco,6432.54,332.23,592,0,44,96,Medio,1.0,1,0.1133709602120947,0,Aprobar,Bajo
CLI-106452,Lima,3485.93,9949.68,620,0,35,160,Medio,1.0,1,0.5975765345417002,1,Denegar/Revisar,Alto
CLI-106453,Lima,3362.37,4173.16,726,0,43,101,Alto,2.0,0,0.1478255749069626,0,Aprobar,Bajo
CLI-106454,Cusco,4149.84,1580.08,765,0,39,152,Alto,2.0,0,0.054786900460812714,0,Aprobar,Bajo
CLI-106455,Lima,1274.39,5741.14,229,1,31,48,Alto,2.0,0,0.9764815315951486,1,Denegar/Revisar,Muy alto
CLI-106456,Piura,3660.39,2411.57,942,0,40,129,Alto,2.0,0,0.014497116817751449,0,Aprobar,Bajo
CLI-106457,Lima,3864.72,85.39,180,1,42,109,Medio,1.0,1,0.9130829003891402,1,Denegar/Revisar,Muy alto
CLI-106458,Lima,1635.23,4211.92,483,1,34,114,Alto,2.0,0,0.7184424744511549,1,Denegar/Revisar,Alto
CLI-106459,Lima,3091.22,1114.16,901,0,49,59,Bajo,0.0,1,0.01840585412833054,0,Aprobar,Bajo
CLI-106460,Lima,4284.7,490.19,758,0,53,234,Alto,2.0,1,0.04548784231356849,0,Aprobar,Bajo
CLI-106461,Arequipa,1346.36,1020.98,394,1,49,24,Medio,1.0,1,0.7551579472764054,1,Denegar/Revisar,Muy alto
CLI-106462,Cusco,1025.0,2586.26,368,0,35,78,Alto,2.0,0,0.8598244438984931,1,Denegar/Revisar,Muy alto
CLI-106463,Lima,4428.65,204.57,744,0,48,99,Alto,2.0,0,0.047149063917351644,0,Aprobar,Bajo
CLI-106464,Loreto,5331.0,8587.54,661,0,41,250,Medio,1.0,1,0.33069651270404044,1,Denegar/Revisar,Medio
CLI-106465,Lima,5140.83,3283.18,634,0,26,56,Alto,2.0,0,0.18401985912875443,0,Aprobar,Bajo
CLI-106466,Piura,3364.39,1386.88,477,1,46,48,Medio,1.0,1,0.4891781597452539,1,Denegar/Revisar,Medio
CLI-106467,Lima,3038.24,4646.27,475,1,40,144,Alto,2.0,0,0.6852417501984297,1,Denegar/Revisar,Alto
CLI-106468,Cusco,2951.51,6523.39,187,1,67,333,Bajo,0.0,1,0.9800857368670335,1,Denegar/Revisar,Muy alto
CLI-106469,Arequipa,5434.19,3806.89,723,0,56,149,Alto,2.0,1,0.09264859548130078,0,Aprobar,Bajo
CLI-106470,Arequipa,1034.85,905.07,210,0,46,195,Bajo,0.0,1,0.9497258402881725,1,Denegar/Revisar,Muy alto
CLI-106471,Loreto,2699.87,467.43,683,0,41,72,Medio,1.0,0,0.11756104446160584,0,Aprobar,Bajo
CLI-106472,Piura,2439.35,7861.59,253,1,40,146,Medio,1.0,1,0.9744200693834071,1,Denegar/Revisar,Muy alto
CLI-106473,Cusco,3260.64,1069.88,562,0,28,44,Medio,1.0,0,0.292444785557502,1,Denegar/Revisar,Medio
CLI-106474,Arequipa,3638.81,81.15,668,0,20,22,Medio,1.0,0,0.10206671082454369,0,Aprobar,Bajo
CLI-106475,Cusco,4198.65,4118.98,868,1,30,49,Alto,2.0,0,0.03593882867676875,0,Aprobar,Bajo
CLI-106476,Piura,4021.04,663.68,255,1,39,203,Bajo,0.0,1,0.8547860285311919,1,Denegar/Revisar,Muy alto
CLI-106477,Lima,1303.78,12653.938750000001,724,1,18,0,Alto,2.0,0,0.6192697351399445,1,Denegar/Revisar,Alto
CLI-106478,Piura,3660.39,8152.61,417,1,33,67,Alto,2.0,0,0.8719353970327577,1,Denegar/Revisar,Muy alto
CLI-106479,Lima,2818.21,3750.52,658,0,36,20,Alto,2.0,0,0.2541033121420319,1,Denegar/Revisar,Medio
CLI-106480,Piura,4469.38,7179.83,337,1,37,139,Medio,1.0,1,0.9035242038652384,1,Denegar/Revisar,Muy alto
CLI-106481,Lima,2388.08,2543.56,433,0,31,102,Medio,1.0,0,0.6985248932678605,1,Denegar/Revisar,Alto
CLI-106482,Piura,2848.38,6213.86,205,1,35,105,Medio,1.0,0,0.974603702190569,1,Denegar/Revisar,Muy alto
CLI-106483,Lima,3655.12,4159.87,581,1,58,143,Medio,1.0,1,0.37736410280962135,1,Denegar/Revisar,Medio
CLI-106484,Lima,4570.15,116.25,798,0,47,42,Alto,2.0,0,0.027539788432271024,0,Aprobar,Bajo
CLI-106485,Lima,6386.86,11884.76,770,0,34,155,Alto,2.0,0,0.22482823027120016,1,Denegar/Revisar,Bajo
CLI-106486,Cusco,5159.97,7890.81,809,0,39,38,Alto,2.0,0,0.10318038158322125,0,Aprobar,Bajo
CLI-106487,Lima,4958.19,12265.25,481,1,39,88,Bajo,0.0,1,0.8682061325960524,1,Denegar/Revisar,Muy alto
CLI-106488,Lima,3885.81,5257.62,788,0,31,99,Alto,2.0,0,0.09745654031437444,0,Aprobar,Bajo
CLI-106489,Arequipa,5430.26,2124.53,360,1,31,48,Alto,2.0,0,0.6833398070647986,1,Denegar/Revisar,Alto
CLI-106490,Piura,4403.41,927.65,898,0,50,73,Medio,1.0,1,0.012987171513211819,0,Aprobar,Bajo
CLI-106491,Lima,1025.0,793.79,392,1,33,77,Alto,2.0,0,0.7703251450870862,1,Denegar/Revisar,Muy alto
CLI-106492,Lima,7055.58,626.22,434,0,28,48,Medio,1.0,0,0.3413984369302328,1,Denegar/Revisar,Medio
CLI-106493,Lima,4077.27,996.97,754,0,39,58,Alto,2.0,0,0.0546257896539125,0,Aprobar,Bajo
CLI-106494,Cusco,5132.66,3199.69,919,0,41,198,Bajo,0.0,1,0.015088315144788672,0,Aprobar,Bajo
CLI-106495,Lima,2513.09,4604.83,808,0,18,0,Alto,2.0,0,0.09684707966806784,0,Aprobar,Bajo
CLI-106496,Lima,6945.68,1507.84,575,0,40,123,Alto,2.0,0,0.15063848921637663,0,Aprobar,Bajo
CLI-106497,Lima,1958.12,3182.91,324,1,48,87,Alto,2.0,0,0.8943600389354338,1,Denegar/Revisar,Muy alto
CLI-106498,Lima,3230.13,1669.66,654,0,44,127,Alto,2.0,0,0.17159674235165304,0,Aprobar,Bajo
CLI-106499,Arequipa,1312.36,4769.63,553,1,63,179,Medio,1.0,1,0.6069010827069415,1,Denegar/Revisar,Alto
CLI-106500,Lima,4570.87,12653.938750000001,762,0,53,128,Bajo,0.0,1,0.34793559250381434,1,Denegar/Revisar,Medio
CLI-106501,Lima,2867.73,4672.07,395,1,55,247,Alto,2.0,1,0.8282749879436349,1,Denegar/Revisar,Muy alto
CLI-106502,Lima,3655.12,243.38,674,0,70,455,Medio,1.0,1,0.09972549321270324,0,Aprobar,Bajo
CLI-106503,Lima,3880.64,2594.49,741,0,47,71,Medio,1.0,1,0.08435406186999357,0,Aprobar,Bajo
CLI-106504,Lima,4374.19,5885.45,866,0,41,138,Medio,1.0,1,0.048487929936407013,0,Aprobar,Bajo
CLI-106505,Loreto,3600.67,3125.66,562,0,50,210,Medio,1.0,1,0.3709157535739674,1,Denegar/Revisar,Medio
CLI-106506,Arequipa,1676.67,12068.89,954,0,32,90,Medio,1.0,0,0.13348811180064116,0,Aprobar,Bajo
CLI-106507,Cusco,3562.19,225.32,313,1,40,49,Bajo,0.0,1,0.7759900927247814,1,Denegar/Revisar,Muy alto
CLI-106508,Loreto,1966.54,1376.48,684,1,31,18,Alto,2.0,0,0.16458680953652516,0,Aprobar,Bajo
CLI-106509,Arequipa,3638.81,997.53,715,0,43,90,Bajo,0.0,1,0.08445031926195609,0,Aprobar,Bajo
CLI-106510,Lima,2180.88,5837.56,257,1,31,87,Alto,2.0,0,0.9635092752825083,1,Denegar/Revisar,Muy alto
CLI-106511,Arequipa,4633.43,2967.61,371,0,32,120,Alto,2.0,0,0.73670602940423,1,Denegar/Revisar,Alto
CLI-106512,Loreto,4373.12,595.6,926,0,44,38,Medio,1.0,0,0.009410435929876537,0,Aprobar,Bajo
CLI-106513,Arequipa,3272.09,1345.21,337,1,37,136,Alto,2.0,0,0.7893693849128639,1,Denegar/Revisar,Muy alto
CLI-106514,Piura,5218.45,2958.1,402,1,18,0,Alto,2.0,0,0.6457370695168712,1,Denegar/Revisar,Alto
CLI-106515,Lima,3243.1,12653.938750000001,983,0,23,49,Medio,1.0,0,0.08078837649842566,0,Aprobar,Bajo
CLI-106516,Loreto,2394.34,1812.07,769,0,26,30,Alto,2.0,0,0.08097745370998607,0,Aprobar,Bajo
CLI-106517,Arequipa,4773.55,682.33,720,0,30,88,Medio,1.0,0,0.05739870806754811,0,Aprobar,Bajo
CLI-106518,Cusco,1768.93,2749.19,620,0,43,85,Medio,1.0,1,0.3258874486021127,1,Denegar/Revisar,Medio
CLI-106519,Lima,2141.83,1485.34,420,1,41,231,Alto,2.0,1,0.6972796876729701,1,Denegar/Revisar,Alto
CLI-106520,Lima,1025.0,3338.54,158,1,50,181,Medio,1.0,1,0.9802412791010991,1,Denegar/Revisar,Muy alto
CLI-106521,Lima,5141.73,2514.76,457,0,48,122,Bajo,0.0,1,0.5021450614702427,1,Denegar/Revisar,Alto
CLI-106522,Arequipa,2601.99,4678.16,803,0,50,10,Medio,1.0,1,0.0971342820253065,0,Aprobar,Bajo
CLI-106523,Lima,3012.58,9827.18,747,0,45,112,Bajo,0.0,1,0.33770380116626036,1,Denegar/Revisar,Medio
CLI-106524,Lima,1264.92,895.15,350,1,40,180,Medio,1.0,1,0.8222104865685913,1,Denegar/Revisar,Muy alto
CLI-106525,Cusco,3901.87,6885.5,990,0,51,93,Alto,2.0,0,0.02229841807763442,0,Aprobar,Bajo
CLI-106526,Lima,3355.58,11924.61,535,0,49,208,Alto,2.0,1,0.8427134578269456,1,Denegar/Revisar,Muy alto
CLI-106527,Loreto,4228.97,1871.13,245,1,43,88,Alto,2.0,0,0.8882708388672045,1,Denegar/Revisar,Muy alto
CLI-106528,Lima,2433.07,482.63,958,0,52,88,Medio,1.0,1,0.010661966066615847,0,Aprobar,Bajo
CLI-106529,Loreto,2500.62,6901.89,451,1,18,0,Alto,2.0,0,0.832606305694426,1,Denegar/Revisar,Muy alto
CLI-106530,Piura,3660.39,4830.53,669,0,36,68,Alto,2.0,0,0.2409689455904178,1,Denegar/Revisar,Bajo
CLI-106531,Cusco,5637.59,956.65,788,0,36,75,Alto,2.0,0,0.02817886852219007,0,Aprobar,Bajo
CLI-106532,Cusco,3281.29,2356.76,899,0,52,290,Bajo,0.0,1,0.023215801395379113,0,Aprobar,Bajo
CLI-106533,Lima,3113.79,3450.93,344,1,56,87,Alto,2.0,1,0.8502918644467284,1,Denegar/Revisar,Muy alto
CLI-106534,Lima,6770.05,744.62,659,0,24,48,Medio,1.0,0,0.06437401849750517,0,Aprobar,Bajo
CLI-106535,Lima,1509.03,5019.84,400,1,54,26,Medio,1.0,1,0.8672411972131944,1,Denegar/Revisar,Muy alto
CLI-106536,Arequipa,1025.0,4683.22,537,0,25,9,Alto,2.0,0,0.6617969813735277,1,Denegar/Revisar,Alto
CLI-106537,Loreto,3629.86,8725.95,967,0,26,29,Alto,2.0,0,0.04256870514063679,0,Aprobar,Bajo
CLI-106538,Lima,3655.12,3350.59,199,1,36,11,Alto,2.0,0,0.9502784666576105,1,Denegar/Revisar,Muy alto
CLI-106539,Piura,2944.71,3416.2,824,0,35,38,Medio,1.0,0,0.05882783848474544,0,Aprobar,Bajo
CLI-106540,Lima,5791.36,3863.89,913,0,23,30,Alto,2.0,0,0.01575180869238768,0,Aprobar,Bajo
CLI-106541,Loreto,3973.98,1279.63,579,0,46,77,Medio,1.0,1,0.23789708833157996,1,Denegar/Revisar,Bajo
CLI-106542,Cusco,2621.36,5685.3,514,1,46,196,Bajo,0.0,1,0.674426510011913,1,Denegar/Revisar,Alto
CLI-106543,Lima,2219.52,4344.75,264,1,50,145,Bajo,0.0,1,0.9470313522517474,1,Denegar/Revisar,Muy alto
CLI-106544,Lima,3655.12,7309.02,737,0,34,83,Medio,1.0,0,0.2143143407480133,1,Denegar/Revisar,Bajo
CLI-106545,Lima,4546.6,5854.19,401,1,39,56,Bajo,0.0,1,0.7985479316221494,1,Denegar/Revisar,Muy alto
CLI-106546,Piura,2231.2,4070.77,220,1,38,124,Alto,2.0,0,0.9621602034488859,1,Denegar/Revisar,Muy alto
CLI-106547,Piura,1084.63,701.66,187,1,57,181,Bajo,0.0,1,0.9568900196408279,1,Denegar/Revisar,Muy alto
CLI-106548,Lima,4574.85,12653.938750000001,316,1,18,0,Alto,2.0,0,0.972207959953545,1,Denegar/Revisar,Muy alto
CLI-106549,Lima,3429.4,1830.48,672,0,28,13,Alto,2.0,0,0.14735674252437098,0,Aprobar,Bajo
CLI-106550,Lima,2286.15,12653.938750000001,913,0,39,109,Medio,1.0,1,0.17465780739334413,0,Aprobar,Bajo
CLI-106551,Piura,5625.23,2055.79,278,1,28,22,Medio,1.0,0,0.8084784392498819,1,Denegar/Revisar,Muy alto
CLI-106552,Piura,5017.82,631.01,801,0,37,129,Alto,2.0,0,0.026922314400377418,0,Aprobar,Bajo
CLI-106553,Lima,3093.37,8645.72,262,1,37,104,Medio,1.0,0,0.9726003549925897,1,Denegar/Revisar,Muy alto
CLI-106554,Arequipa,3566.23,6340.13,692,0,32,77,Alto,2.0,0,0.26454459788092993,1,Denegar/Revisar,Medio
CLI-106555,Arequipa,2617.49,6172.65,269,1,39,70,Medio,1.0,0,0.9565584224283717,1,Denegar/Revisar,Muy alto
CLI-106556,Lima,2848.89,374.65,400,0,46,194,Medio,1.0,1,0.6421901163831333,1,Denegar/Revisar,Alto
CLI-106557,Lima,3035.64,8457.12,473,0,36,95,Alto,2.0,0,0.8323155900709555,1,Denegar/Revisar,Muy alto
CLI-106558,Arequipa,3229.44,3629.33,807,0,34,148,Alto,2.0,0,0.06942132167104476,0,Aprobar,Bajo
CLI-106559,Cusco,2948.98,2542.2,302,1,37,158,Medio,1.0,1,0.8742134500953033,1,Denegar/Revisar,Muy alto
CLI-106560,Lima,3655.12,9775.29,146,1,39,117,Medio,1.0,1,0.9915560361897134,1,Denegar/Revisar,Muy alto
CLI-106561,Lima,3959.18,4386.95,562,0,20,10,Medio,1.0,0,0.4145678733970533,1,Denegar/Revisar,Medio
CLI-106562,Lima,4002.78,571.01,769,0,44,183,Alto,2.0,1,0.04459730153392708,0,Aprobar,Bajo
CLI-106563,Piura,2463.29,2932.02,507,1,34,55,Bajo,0.0,1,0.5619714142645558,1,Denegar/Revisar,Alto
CLI-106564,Lima,2955.77,4049.19,293,1,53,61,Medio,1.0,1,0.9121236475643604,1,Denegar/Revisar,Muy alto
CLI-106565,Lima,4366.41,9152.78,526,1,46,242,Alto,2.0,1,0.7197173995396067,1,Denegar/Revisar,Alto
CLI-106566,Arequipa,1025.0,1313.43,890,0,51,182,Bajo,0.0,1,0.033836711054151994,0,Aprobar,Bajo
CLI-106567,Piura,4199.3,6324.06,416,1,28,31,Medio,1.0,0,0.7986479703347246,1,Denegar/Revisar,Muy alto
CLI-106568,Lima,1816.43,6434.01,578,1,34,78,Alto,2.0,0,0.6160445955942351,1,Denegar/Revisar,Alto
CLI-106569,Lima,2851.67,548.09,520,1,25,36,Alto,2.0,0,0.38547899080680326,1,Denegar/Revisar,Medio
CLI-106570,Piura,1025.0,69.53,368,1,30,52,Medio,1.0,0,0.7762339679480957,1,Denegar/Revisar,Muy alto
CLI-106571,Lima,4508.49,3483.45,580,0,53,275,Medio,1.0,1,0.30317198115247207,1,Denegar/Revisar,Medio
CLI-106572,Lima,3009.65,6232.68,810,0,55,136,Bajo,0.0,1,0.11681275271761386,0,Aprobar,Bajo
CLI-106573,Loreto,3420.28,3233.61,835,0,26,58,Alto,2.0,0,0.048056409177840875,0,Aprobar,Bajo
CLI-106574,Lima,3359.99,6714.03,362,1,34,8,Alto,2.0,0,0.9002519180548737,1,Denegar/Revisar,Muy alto
CLI-106575,Arequipa,1025.0,3894.65,525,0,37,35,Alto,2.0,0,0.6496152515355217,1,Denegar/Revisar,Alto
CLI-106576,Cusco,3123.09,4237.09,265,1,45,247,Bajo,0.0,1,0.9335068023895459,1,Denegar/Revisar,Muy alto
CLI-106577,Lima,3655.12,114.23,791,0,20,16,Alto,2.0,0,0.036032637463314275,0,Aprobar,Bajo
CLI-106578,Lima,3815.3,371.09,527,0,21,7,Alto,2.0,0,0.3115237742635811,1,Denegar/Revisar,Medio
CLI-106579,Piura,3515.22,5164.37,803,0,44,86,Medio,1.0,1,0.08796761037574721,0,Aprobar,Bajo
CLI-106580,Loreto,3600.67,5756.14,496,1,18,0,Alto,2.0,0,0.6648201765053259,1,Denegar/Revisar,Alto
CLI-106581,Cusco,3016.76,3125.1,315,0,34,91,Bajo,0.0,1,0.8768185763913953,1,Denegar/Revisar,Muy alto
CLI-106582,Arequipa,5427.8,3568.0,895,0,41,72,Alto,2.0,0,0.018998879459388517,0,Aprobar,Bajo
CLI-106583,Lima,6308.52,3811.46,963,0,45,57,Medio,1.0,1,0.008379727900709316,0,Aprobar,Bajo
CLI-106584,Arequipa,2295.75,443.69,206,1,37,88,Medio,1.0,0,0.9274191213433185,1,Denegar/Revisar,Muy alto
CLI-106585,Lima,3655.12,4409.38,197,1,35,50,Medio,1.0,0,0.9590737730091581,1,Denegar/Revisar,Muy alto
CLI-106586,Lima,3456.63,2603.95,979,0,48,100,Bajo,0.0,1,0.011224306925756085,0,Aprobar,Bajo
CLI-106587,Lima,3655.12,3690.47,581,0,42,135,Bajo,0.0,1,0.3632238217800363,1,Denegar/Revisar,Medio
CLI-106588,Lima,3655.12,3312.59,598,0,32,32,Alto,2.0,0,0.309880805521239,1,Denegar/Revisar,Medio
CLI-106589,Arequipa,2907.81,5758.78,329,1,39,124,Alto,2.0,0,0.9177970827598001,1,Denegar/Revisar,Muy alto
CLI-106590,Lima,3990.53,1534.24,356,1,43,208,Bajo,0.0,1,0.7342129839226496,1,Denegar/Revisar,Alto
CLI-106591,Lima,2788.79,1870.59,142,1,58,141,Alto,2.0,1,0.9668659154638789,1,Denegar/Revisar,Muy alto
CLI-106592,Lima,3109.9,1987.73,341,1,47,52,Bajo,0.0,1,0.8110627878776016,1,Denegar/Revisar,Muy alto
CLI-106593,Loreto,3600.67,5749.61,653,0,52,221,Medio,1.0,1,0.3041084130638074,1,Denegar/Revisar,Medio
CLI-106594,Arequipa,3145.94,2256.29,194,1,32,65,Alto,2.0,0,0.9470634613264083,1,Denegar/Revisar,Muy alto
CLI-106595,Lima,3363.13,779.56,865,0,33,107,Medio,1.0,0,0.02164627696934167,0,Aprobar,Bajo
CLI-106596,Lima,4378.52,12653.938750000001,287,1,37,202,Alto,2.0,0,0.9796162369511853,1,Denegar/Revisar,Muy alto
CLI-106597,Lima,2203.2,2719.99,484,0,37,49,Medio,1.0,0,0.6087398275431087,1,Denegar/Revisar,Alto
CLI-106598,Cusco,4739.26,462.76,918,0,28,88,Medio,1.0,0,0.009063026635435996,0,Aprobar,Bajo
CLI-106599,Piura,3107.07,4437.98,499,0,53,102,Alto,2.0,1,0.6207814899910877,1,Denegar/Revisar,Alto
CLI-106600,Piura,4109.48,5375.43,605,1,49,150,Medio,1.0,1,0.3601727520842566,1,Denegar/Revisar,Medio
CLI-106601,Piura,2944.55,2774.37,266,1,35,54,Alto,2.0,0,0.9141184652473578,1,Denegar/Revisar,Muy alto
CLI-106602,Lima,3037.0,4159.0,882,0,46,130,Medio,1.0,1,0.039881346654474036,0,Aprobar,Bajo
CLI-106603,Loreto,4588.68,758.23,224,1,42,211,Alto,2.0,1,0.8756320135037392,1,Denegar/Revisar,Muy alto
CLI-106604,Piura,2713.25,1834.97,772,0,47,171,Medio,1.0,1,0.07142986958639276,0,Aprobar,Bajo
CLI-106605,Lima,3835.86,706.13,186,1,24,22,Alto,2.0,0,0.9221452267244901,1,Denegar/Revisar,Muy alto
CLI-106606,Lima,1792.43,1959.1,920,0,37,58,Bajo,0.0,1,0.02472432249253735,0,Aprobar,Bajo
CLI-106607,Piura,3242.62,3309.46,588,0,38,105,Bajo,0.0,1,0.35164608170329964,1,Denegar/Revisar,Medio
CLI-106608,Cusco,5443.78,2337.45,325,1,47,55,Alto,2.0,0,0.757555131033849,1,Denegar/Revisar,Muy alto
CLI-106609,Lima,3655.12,3597.88,756,0,32,16,Alto,2.0,0,0.097738793959875,0,Aprobar,Bajo
CLI-106610,Loreto,3532.71,2786.69,444,1,18,0,Alto,2.0,0,0.6367578511522973,1,Denegar/Revisar,Alto
CLI-106611,Arequipa,6621.92,1529.81,859,0,28,68,Alto,2.0,0,0.013203206653745006,0,Aprobar,Bajo
CLI-106612,Lima,4231.77,619.21,973,0,39,189,Medio,1.0,1,0.006308074063943428,0,Aprobar,Bajo
CLI-106613,Lima,4122.51,1165.01,617,0,40,18,Alto,2.0,0,0.17640374627111527,0,Aprobar,Bajo
CLI-106614,Lima,3666.96,896.14,130,1,58,136,Medio,1.0,1,0.9542626121094028,1,Denegar/Revisar,Muy alto
CLI-106615,Arequipa,2046.46,4916.1,808,0,45,81,Alto,2.0,0,0.11317171266788359,0,Aprobar,Bajo
CLI-106616,Lima,3457.73,6858.46,843,0,40,167,Alto,2.0,0,0.09076320282551914,0,Aprobar,Bajo
CLI-106617,Lima,3484.81,5097.42,395,1,39,121,Medio,1.0,1,0.8148151992526834,1,Denegar/Revisar,Muy alto
CLI-106618,Piura,1132.21,4128.31,513,1,50,163,Medio,1.0,1,0.6717045031617113,1,Denegar/Revisar,Alto
CLI-106619,Arequipa,6426.71,1471.82,936,0,34,121,Alto,2.0,0,0.0066710715102866235,0,Aprobar,Bajo
CLI-106620,Lima,4102.62,4965.11,234,1,38,182,Alto,2.0,0,0.9457877192920559,1,Denegar/Revisar,Muy alto
CLI-106621,Lima,4659.23,3716.32,624,0,27,23,Alto,2.0,0,0.2328454704401743,1,Denegar/Revisar,Bajo
CLI-106622,Lima,4685.99,192.11,103,1,55,169,Alto,2.0,1,0.9500100452912182,1,Denegar/Revisar,Muy alto
CLI-106623,Piura,4138.87,9527.04,277,1,44,81,Bajo,0.0,1,0.968038347756219,1,Denegar/Revisar,Muy alto
CLI-106624,Loreto,3845.16,333.33,845,0,31,87,Alto,2.0,0,0.02207416239461641,0,Aprobar,Bajo
CLI-106625,Lima,1025.0,2794.31,358,1,37,87,Alto,2.0,0,0.8756186585409453,1,Denegar/Revisar,Muy alto
CLI-106626,Loreto,2980.18,2878.53,751,0,44,28,Bajo,0.0,1,0.10238482935344705,0,Aprobar,Bajo
CLI-106627,Arequipa,1849.64,7256.2,164,1,36,79,Alto,2.0,0,0.9892538456927038,1,Denegar/Revisar,Muy alto
CLI-106628,Piura,5216.18,9770.49,894,0,34,33,Alto,2.0,0,0.07071010438538489,0,Aprobar,Bajo
CLI-106629,Arequipa,3545.34,11232.09,462,1,32,121,Bajo,0.0,1,0.8978058157178567,1,Denegar/Revisar,Muy alto
CLI-106630,Lima,3655.12,3372.83,917,0,43,68,Alto,2.0,0,0.02230354906858697,0,Aprobar,Bajo
CLI-106631,Lima,5429.7,4545.78,816,0,36,123,Alto,2.0,0,0.04755920660970231,0,Aprobar,Bajo
CLI-106632,Arequipa,4726.05,370.74,116,1,34,74,Alto,2.0,0,0.9453769393052863,1,Denegar/Revisar,Muy alto
CLI-106633,Piura,5311.31,2677.07,299,1,25,53,Alto,2.0,0,0.8154298987302706,1,Denegar/Revisar,Muy alto
CLI-106634,Piura,2091.11,9125.51,643,0,39,124,Bajo,0.0,1,0.5909041893312457,1,Denegar/Revisar,Alto
CLI-106635,Lima,3604.36,2433.0,311,0,37,95,Alto,2.0,0,0.847826657825719,1,Denegar/Revisar,Muy alto
CLI-106636,Cusco,2058.44,288.54,534,0,35,112,Medio,1.0,0,0.375915375961288,1,Denegar/Revisar,Medio
CLI-106637,Piura,6152.78,895.78,372,1,42,82,Alto,2.0,0,0.5571105004853408,1,Denegar/Revisar,Alto
CLI-106638,Lima,3323.87,2245.02,389,1,47,66,Alto,2.0,0,0.7332812606119524,1,Denegar/Revisar,Alto
CLI-106639,Lima,3748.72,1084.76,902,0,47,77,Alto,2.0,0,0.015601456134927543,0,Aprobar,Bajo
CLI-106640,Arequipa,3638.81,1992.25,582,1,45,36,Medio,1.0,0,0.27605456117969335,1,Denegar/Revisar,Medio
CLI-106641,Arequipa,3638.81,1619.63,333,1,36,71,Medio,1.0,0,0.784659280470336,1,Denegar/Revisar,Muy alto
CLI-106642,Lima,4287.42,1536.36,507,1,33,90,Medio,1.0,0,0.37581866423313487,1,Denegar/Revisar,Medio
CLI-106643,Loreto,1613.91,382.37,793,0,27,72,Medio,1.0,0,0.05659351052123753,0,Aprobar,Bajo
CLI-106644,Lima,5085.3,12653.938750000001,245,1,33,129,Alto,2.0,0,0.98373620314714,1,Denegar/Revisar,Muy alto
CLI-106645,Lima,4528.37,4719.8,661,0,40,138,Medio,1.0,1,0.20823407351167417,1,Denegar/Revisar,Bajo
CLI-106646,Loreto,5641.24,3906.09,529,0,31,51,Alto,2.0,0,0.38014771669082487,1,Denegar/Revisar,Medio
CLI-106647,Loreto,6128.06,3730.39,531,1,41,183,Medio,1.0,1,0.33264773950823195,1,Denegar/Revisar,Medio
CLI-106648,Arequipa,3778.88,2020.05,714,0,28,17,Medio,1.0,0,0.09717423480389462,0,Aprobar,Bajo
CLI-106649,Loreto,5073.36,6933.55,644,1,21,10,Alto,2.0,0,0.31075454148037385,1,Denegar/Revisar,Medio
CLI-106650,Lima,2828.32,10639.33,596,0,48,73,Bajo,0.0,1,0.7225685758014461,1,Denegar/Revisar,Alto
CLI-106651,Loreto,2174.42,22.53,188,1,33,54,Medio,1.0,0,0.9343657693097498,1,Denegar/Revisar,Muy alto
CLI-106652,Lima,3655.12,330.04,510,0,30,80,Alto,2.0,0,0.3531935404752546,1,Denegar/Revisar,Medio
CLI-106653,Lima,3383.34,4495.42,996,0,27,19,Medio,1.0,0,0.013927203085796818,0,Aprobar,Bajo
CLI-106654,Lima,4698.7,1077.1,952,0,44,66,Bajo,0.0,1,0.007878067907193151,0,Aprobar,Bajo
CLI-106655,Lima,2990.36,9708.29,926,0,54,41,Bajo,0.0,1,0.08528047819729466,0,Aprobar,Bajo
CLI-106656,Lima,2196.59,12653.938750000001,340,1,34,73,Bajo,0.0,1,0.9797974226541927,1,Denegar/Revisar,Muy alto
CLI-106657,Lima,3496.32,1837.31,877,0,37,61,Alto,2.0,0,0.02430069031533065,0,Aprobar,Bajo
CLI-106658,Lima,5314.72,2146.51,322,1,51,204,Bajo,0.0,1,0.7608032233536881,1,Denegar/Revisar,Muy alto
CLI-106659,Lima,4964.65,4696.14,847,0,20,5,Alto,2.0,0,0.041162475274973354,0,Aprobar,Bajo
CLI-106660,Piura,5290.79,607.78,764,0,61,400,Medio,1.0,1,0.03398876705220952,0,Aprobar,Bajo
CLI-106661,Lima,1025.0,8596.43,567,1,65,289,Bajo,0.0,1,0.7714116439581118,1,Denegar/Revisar,Muy alto
CLI-106662,Lima,3887.97,19.13,668,0,18,1,Alto,2.0,0,0.09913260920564915,0,Aprobar,Bajo
CLI-106663,Arequipa,2768.26,12653.938750000001,421,1,38,166,Medio,1.0,1,0.9502895004602671,1,Denegar/Revisar,Muy alto
CLI-106664,Loreto,4186.48,733.99,474,1,31,31,Alto,2.0,0,0.42426016182050746,1,Denegar/Revisar,Medio
CLI-106665,Arequipa,6531.79,5420.91,211,1,37,139,Alto,2.0,0,0.9313401077727019,1,Denegar/Revisar,Muy alto
CLI-106666,Lima,1025.0,162.97,626,0,33,24,Alto,2.0,0,0.246345995953504,1,Denegar/Revisar,Bajo
CLI-106667,Arequipa,3638.81,2258.52,511,1,48,106,Alto,2.0,0,0.4493344219684024,1,Denegar/Revisar,Medio
CLI-106668,Lima,6543.18,3980.4,368,1,39,61,Medio,1.0,0,0.687685641730308,1,Denegar/Revisar,Alto
CLI-106669,Lima,3185.32,291.26,725,0,29,65,Medio,1.0,0,0.07178565795495417,0,Aprobar,Bajo
CLI-106670,Lima,3426.76,2342.87,351,1,37,120,Alto,2.0,0,0.7965058993660669,1,Denegar/Revisar,Muy alto
CLI-106671,Loreto,4460.85,1444.66,473,0,45,59,Alto,2.0,0,0.4478131567324865,1,Denegar/Revisar,Medio
CLI-106672,Lima,1025.0,2758.56,753,0,25,15,Alto,2.0,0,0.14661303361934788,0,Aprobar,Bajo
CLI-106673,Lima,3655.12,2809.37,725,0,21,22,Alto,2.0,0,0.10926018818054296,0,Aprobar,Bajo
CLI-106674,Lima,2406.9,6152.78,549,1,60,270,Bajo,0.0,1,0.6337718815419242,1,Denegar/Revisar,Alto
CLI-106675,Loreto,7373.65,527.29,901,0,33,141,Alto,2.0,0,0.00609512775717753,0,Aprobar,Bajo
CLI-106676,Piura,4124.94,345.37,968,0,38,67,Medio,1.0,0,0.0063955648784717965,0,Aprobar,Bajo
CLI-106677,Lima,2706.49,2055.92,636,0,34,61,Bajo,0.0,1,0.23104533003620584,1,Denegar/Revisar,Bajo
CLI-106678,Piura,4703.95,8739.92,467,1,45,96,Alto,2.0,0,0.7910090162435105,1,Denegar/Revisar,Muy alto
CLI-106679,Piura,5074.02,7731.53,921,0,59,89,Bajo,0.0,1,0.03817221798843874,0,Aprobar,Bajo
CLI-106680,Arequipa,4551.9,3283.86,354,1,46,116,Bajo,0.0,1,0.7814435221248375,1,Denegar/Revisar,Muy alto
CLI-106681,Lima,6489.64,8784.76,562,1,23,16,Alto,2.0,0,0.5087364877590809,1,Denegar/Revisar,Alto
CLI-106682,Loreto,2356.19,6546.08,367,1,23,12,Bajo,0.0,0,0.9129801382727278,1,Denegar/Revisar,Muy alto
CLI-106683,Lima,5528.55,1302.59,225,1,35,88,Alto,2.0,0,0.8628530859661966,1,Denegar/Revisar,Muy alto
CLI-106684,Arequipa,6300.17,745.83,492,1,37,28,Medio,1.0,0,0.26882104724026157,1,Denegar/Revisar,Medio
CLI-106685,Lima,3069.25,1433.31,861,0,20,8,Alto,2.0,0,0.028504451685930948,0,Aprobar,Bajo
CLI-106686,Lima,3288.53,1030.51,898,0,48,168,Medio,1.0,1,0.017118996600742637,0,Aprobar,Bajo
CLI-106687,Lima,3436.83,3899.06,433,1,27,95,Alto,2.0,0,0.7153830586389691,1,Denegar/Revisar,Alto
CLI-106688,Piura,3528.48,3516.93,664,0,55,122,Bajo,0.0,1,0.2063162659948898,1,Denegar/Revisar,Bajo
CLI-106689,Lima,5997.58,3649.57,467,0,60,50,Bajo,0.0,1,0.4889602130056389,1,Denegar/Revisar,Medio
CLI-106690,Arequipa,2512.11,839.45,654,0,36,120,Medio,1.0,0,0.16499078859697713,0,Aprobar,Bajo
CLI-106691,Lima,4420.99,6278.23,777,0,44,78,Alto,2.0,0,0.11595897400625493,0,Aprobar,Bajo
CLI-106692,Arequipa,3638.81,2274.0,653,0,25,49,Alto,2.0,0,0.17767565904794055,0,Aprobar,Bajo
CLI-106693,Loreto,4644.7,2558.06,991,0,46,232,Alto,2.0,1,0.007567247194219653,0,Aprobar,Bajo
CLI-106694,Piura,3660.39,12653.938750000001,555,1,34,30,Alto,2.0,0,0.8212713122111986,1,Denegar/Revisar,Muy alto
CLI-106695,Arequipa,6808.56,1326.66,787,0,28,37,Medio,1.0,0,0.02268123243674114,0,Aprobar,Bajo
CLI-106696,Arequipa,3399.79,2004.41,166,1,36,161,Alto,2.0,0,0.9541234712639003,1,Denegar/Revisar,Muy alto
CLI-106697,Lima,3774.65,4513.77,165,1,34,53,Alto,2.0,0,0.9703207161938351,1,Denegar/Revisar,Muy alto
CLI-106698,Loreto,4595.24,8494.85,694,0,36,101,Alto,2.0,0,0.30470969861737174,1,Denegar/Revisar,Medio
CLI-106699,Lima,3965.99,542.28,961,0,50,158,Bajo,0.0,1,0.0076671181241915335,0,Aprobar,Bajo
CLI-106700,Piura,6806.82,5312.79,716,0,32,0,Medio,1.0,0,0.09491762241209006,0,Aprobar,Bajo
CLI-106701,Arequipa,3638.81,10017.85,499,1,58,241,Medio,1.0,1,0.8189700514535725,1,Denegar/Revisar,Muy alto
CLI-106702,Lima,3623.56,2199.13,386,1,24,31,Alto,2.0,0,0.7231709073424134,1,Denegar/Revisar,Alto
CLI-106703,Lima,4144.73,1351.56,985,0,57,251,Bajo,0.0,1,0.006972214090718818,0,Aprobar,Bajo
CLI-106704,Lima,2842.06,4529.55,285,1,27,35,Alto,2.0,0,0.9296421412667292,1,Denegar/Revisar,Muy alto
CLI-106705,Loreto,3774.16,1129.84,383,0,39,96,Medio,1.0,0,0.6657758032429182,1,Denegar/Revisar,Alto
CLI-106706,Cusco,3677.43,1939.92,615,0,34,151,Alto,2.0,0,0.22179848569312022,1,Denegar/Revisar,Bajo
CLI-106707,Piura,5707.26,9088.74,749,0,36,9,Alto,2.0,0,0.18640627789364192,0,Aprobar,Bajo
CLI-106708,Arequipa,4798.54,3569.64,790,0,48,263,Medio,1.0,1,0.054612940413108706,0,Aprobar,Bajo
CLI-106709,Cusco,1741.38,399.18,336,1,55,101,Bajo,0.0,1,0.8154637022040344,1,Denegar/Revisar,Muy alto
CLI-106710,Lima,1025.0,1600.1,117,1,51,106,Bajo,0.0,1,0.981296595923168,1,Denegar/Revisar,Muy alto
CLI-106711,Lima,5814.2,3947.55,914,0,35,85,Medio,1.0,0,0.015210848007442032,0,Aprobar,Bajo
CLI-106712,Arequipa,1791.49,2627.24,513,0,40,168,Medio,1.0,1,0.561171899376919,1,Denegar/Revisar,Alto
CLI-106713,Loreto,2193.08,4319.23,108,1,30,47,Medio,1.0,0,0.9867355055498781,1,Denegar/Revisar,Muy alto
CLI-106714,Loreto,2878.56,5732.56,519,0,28,10,Alto,2.0,0,0.6528679250271524,1,Denegar/Revisar,Alto
CLI-106715,Lima,3655.12,2620.44,128,1,26,71,Alto,2.0,0,0.9695917723260249,1,Denegar/Revisar,Muy alto
CLI-106716,Lima,3655.12,12653.938750000001,755,0,34,100,Medio,1.0,0,0.4040904578936618,1,Denegar/Revisar,Medio
CLI-106717,Lima,3208.28,9845.1,447,0,42,137,Medio,1.0,1,0.8870152448841842,1,Denegar/Revisar,Muy alto
CLI-106718,Lima,3063.28,247.11,760,0,18,0,Alto,2.0,0,0.05570171846357546,0,Aprobar,Bajo
CLI-106719,Lima,6977.78,1239.34,675,0,40,28,Medio,1.0,0,0.05894903124015707,0,Aprobar,Bajo
CLI-106720,Arequipa,1025.0,1429.81,978,0,55,293,Bajo,0.0,1,0.015478167087862177,0,Aprobar,Bajo
CLI-106721,Lima,2302.95,814.79,549,0,51,62,Medio,1.0,1,0.35589287184050183,1,Denegar/Revisar,Medio
CLI-106722,Loreto,2592.88,1495.96,479,0,32,96,Alto,2.0,0,0.5445034002480551,1,Denegar/Revisar,Alto
CLI-106723,Lima,2058.43,2212.29,798,0,23,23,Alto,2.0,0,0.07318799776716564,0,Aprobar,Bajo
CLI-106724,Piura,6816.86,211.71,465,0,45,118,Medio,1.0,1,0.272887621702461,1,Denegar/Revisar,Medio
CLI-106725,Lima,6523.04,544.65,326,0,18,0,Alto,2.0,0,0.6226694039017163,1,Denegar/Revisar,Alto
CLI-106726,Lima,1907.31,404.79,217,1,51,184,Medio,1.0,1,0.925974276490286,1,Denegar/Revisar,Muy alto
CLI-106727,Lima,5425.1,189.7,511,0,37,61,Alto,2.0,0,0.25831219077069806,1,Denegar/Revisar,Medio
CLI-106728,Cusco,4304.81,2627.24,455,0,59,182,Bajo,0.0,1,0.5610185690869381,1,Denegar/Revisar,Alto
CLI-106729,Loreto,5690.17,1624.68,353,0,21,14,Alto,2.0,0,0.6612697975092654,1,Denegar/Revisar,Alto
CLI-106730,Lima,3623.19,10961.09,642,1,49,251,Alto,2.0,1,0.6009022900578349,1,Denegar/Revisar,Alto
CLI-106731,Lima,4691.41,433.73,772,0,38,123,Bajo,0.0,1,0.03621534672781936,0,Aprobar,Bajo
CLI-106732,Cusco,6255.82,10416.67,826,0,36,26,Alto,2.0,0,0.11479113840407858,0,Aprobar,Bajo
CLI-106733,Lima,5460.39,362.09,543,0,25,57,Alto,2.0,0,0.20970078035522619,1,Denegar/Revisar,Bajo
CLI-106734,Lima,4287.45,3862.11,780,0,46,190,Medio,1.0,1,0.07062323556857726,0,Aprobar,Bajo
CLI-106735,Piura,1446.14,1138.64,180,1,46,257,Medio,1.0,1,0.9583341811549141,1,Denegar/Revisar,Muy alto
CLI-106736,Cusco,3560.7650000000003,7013.36,145,1,59,95,Bajo,0.0,1,0.9859682596674719,1,Denegar/Revisar,Muy alto
CLI-106737,Lima,1025.0,253.78,148,1,49,38,Medio,1.0,1,0.965991878334993,1,Denegar/Revisar,Muy alto
CLI-106738,Lima,4776.9,12188.79,548,1,33,47,Alto,2.0,0,0.7828905384641761,1,Denegar/Revisar,Muy alto
CLI-106739,Cusco,4636.25,193.64,909,0,28,57,Alto,2.0,0,0.009907869617657711,0,Aprobar,Bajo
CLI-106740,Lima,3945.9,1103.61,506,1,24,8,Alto,2.0,0,0.3842343224980707,1,Denegar/Revisar,Medio
CLI-106741,Lima,4420.25,2495.86,979,0,56,102,Alto,2.0,1,0.008794343583393335,0,Aprobar,Bajo
CLI-106742,Piura,1548.98,5643.3,382,0,30,66,Alto,2.0,0,0.900833247036103,1,Denegar/Revisar,Muy alto
CLI-106743,Loreto,4112.93,12072.95,572,1,55,12,Medio,1.0,1,0.7592501175868801,1,Denegar/Revisar,Muy alto
CLI-106744,Lima,4437.88,2234.76,515,0,45,109,Bajo,0.0,1,0.3938113070372607,1,Denegar/Revisar,Medio
CLI-106745,Cusco,2595.74,5663.88,699,0,42,143,Bajo,0.0,1,0.26780931516270273,1,Denegar/Revisar,Medio
CLI-106746,Arequipa,3638.81,5195.52,220,1,36,94,Alto,2.0,0,0.9587795078933037,1,Denegar/Revisar,Muy alto
CLI-106747,Lima,1731.48,3386.77,102,1,45,72,Medio,1.0,1,0.9862894606072016,1,Denegar/Revisar,Muy alto
CLI-106748,Cusco,3006.69,4696.61,415,1,39,122,Alto,2.0,0,0.7955599172408729,1,Denegar/Revisar,Muy alto
CLI-106749,Lima,1914.9,155.24,559,0,34,10,Medio,1.0,0,0.3238165089201632,1,Denegar/Revisar,Medio
CLI-106750,Lima,2749.7,2330.56,326,1,46,267,Medio,1.0,1,0.8475021978376099,1,Denegar/Revisar,Muy alto
CLI-106751,Piura,5297.08,6164.51,178,1,38,52,Alto,2.0,0,0.9664492764763348,1,Denegar/Revisar,Muy alto
CLI-106752,Lima,3259.13,2571.5,756,0,30,13,Medio,1.0,0,0.08424971364558421,0,Aprobar,Bajo
CLI-106753,Lima,3184.62,8270.2,853,0,45,145,Bajo,0.0,1,0.11540845808725805,0,Aprobar,Bajo
CLI-106754,Lima,2858.82,7174.35,643,1,38,167,Medio,1.0,1,0.43512378745947783,1,Denegar/Revisar,Medio
CLI-106755,Lima,3962.68,7964.14,874,0,44,177,Bajo,0.0,1,0.07735603488596093,0,Aprobar,Bajo
CLI-106756,Loreto,6832.48,557.03,822,0,35,62,Alto,2.0,0,0.014468490639775178,0,Aprobar,Bajo
CLI-106757,Piura,4948.55,1119.6,170,0,26,78,Medio,1.0,0,0.9177828208088656,1,Denegar/Revisar,Muy alto
CLI-106758,Cusco,4274.87,120.18,995,0,58,163,Bajo,0.0,1,0.004759309266855644,0,Aprobar,Bajo
CLI-106759,Lima,2127.77,12653.938750000001,296,1,55,351,Alto,2.0,1,0.9867479610368214,1,Denegar/Revisar,Muy alto
CLI-106760,Lima,1025.0,1077.47,157,1,48,89,Medio,1.0,1,0.9688132803804382,1,Denegar/Revisar,Muy alto
CLI-106761,Lima,2179.02,1829.73,523,0,34,154,Medio,1.0,1,0.47346619196299417,1,Denegar/Revisar,Medio
CLI-106762,Lima,1025.0,1285.93,568,0,35,97,Medio,1.0,0,0.4072282145459414,1,Denegar/Revisar,Medio
CLI-106763,Lima,5056.18,162.43,723,0,55,394,Medio,1.0,1,0.04732921654836798,0,Aprobar,Bajo
CLI-106764,Arequipa,4797.33,1211.23,147,1,36,73,Medio,1.0,0,0.936003866310657,1,Denegar/Revisar,Muy alto
CLI-106765,Cusco,3005.15,413.43,534,0,32,72,Medio,1.0,0,0.3317626591894352,1,Denegar/Revisar,Medio
CLI-106766,Cusco,3643.84,2005.37,284,1,60,133,Bajo,0.0,1,0.8666281896363756,1,Denegar/Revisar,Muy alto
CLI-106767,Lima,2822.52,12653.938750000001,978,0,38,86,Bajo,0.0,1,0.09546133480479072,0,Aprobar,Bajo
CLI-106768,Loreto,1466.17,4792.79,938,0,58,22,Medio,1.0,1,0.038860879344615226,0,Aprobar,Bajo
CLI-106769,Lima,3111.51,4908.98,264,1,23,9,Medio,1.0,0,0.9403258229987113,1,Denegar/Revisar,Muy alto
CLI-106770,Lima,4727.01,2414.51,826,0,45,87,Alto,2.0,0,0.032993302374327106,0,Aprobar,Bajo
CLI-106771,Loreto,5915.96,6670.47,430,1,63,154,Bajo,0.0,1,0.7230888544107984,1,Denegar/Revisar,Alto
CLI-106772,Piura,3660.39,9556.24,429,0,39,118,Bajo,0.0,1,0.8911009345253431,1,Denegar/Revisar,Muy alto
CLI-106773,Lima,2522.15,12653.938750000001,220,1,36,82,Alto,2.0,0,0.9928374211093416,1,Denegar/Revisar,Muy alto
CLI-106774,Lima,4492.17,416.96,312,1,26,6,Medio,1.0,0,0.7384686554245229,1,Denegar/Revisar,Alto
CLI-106775,Lima,4816.64,8469.21,922,0,51,89,Bajo,0.0,1,0.04650395040686112,0,Aprobar,Bajo
CLI-106776,Arequipa,3715.41,1020.0,606,0,31,18,Medio,1.0,0,0.19586241170503352,0,Aprobar,Bajo
CLI-106777,Lima,3747.78,2025.12,652,0,38,83,Medio,1.0,0,0.16258448514158907,0,Aprobar,Bajo
CLI-106778,Cusco,3560.7650000000003,1695.4,964,0,25,11,Medio,1.0,0,0.010029028947855295,0,Aprobar,Bajo
CLI-106779,Lima,4147.11,4497.32,900,0,56,49,Bajo,0.0,1,0.029378740190107194,0,Aprobar,Bajo
CLI-106780,Lima,5518.92,3644.46,267,0,52,69,Bajo,0.0,1,0.8745715353628223,1,Denegar/Revisar,Muy alto
CLI-106781,Lima,4111.87,462.11,645,0,39,129,Alto,2.0,0,0.12460321591774604,0,Aprobar,Bajo
CLI-106782,Piura,6970.79,6108.16,929,0,28,74,Alto,2.0,0,0.016549081426650382,0,Aprobar,Bajo
CLI-106783,Lima,2924.54,2316.74,886,1,56,167,Bajo,0.0,1,0.028109054345407704,0,Aprobar,Bajo
CLI-106784,Arequipa,1025.0,8.9,526,1,34,147,Bajo,0.0,1,0.44703783613261033,1,Denegar/Revisar,Medio
CLI-106785,Loreto,3421.66,2141.18,808,0,27,16,Medio,1.0,0,0.04731959093391557,0,Aprobar,Bajo
CLI-106786,Cusco,2849.93,2905.42,802,0,19,9,Alto,2.0,0,0.06827301990747336,0,Aprobar,Bajo
CLI-106787,Loreto,3600.67,285.45,320,1,32,31,Alto,2.0,0,0.7650472127449934,1,Denegar/Revisar,Muy alto
CLI-106788,Loreto,4668.98,655.42,109,1,23,12,Alto,2.0,0,0.9521274491051795,1,Denegar/Revisar,Muy alto
CLI-106789,Piura,1025.0,12653.938750000001,219,1,31,54,Medio,1.0,0,0.9947798572885094,1,Denegar/Revisar,Muy alto
CLI-106790,Loreto,4842.18,8197.84,734,0,48,144,Medio,1.0,1,0.20444964652590414,1,Denegar/Revisar,Bajo
CLI-106791,Lima,6213.29,572.38,346,1,36,27,Alto,2.0,0,0.5965252747799978,1,Denegar/Revisar,Alto
CLI-106792,Lima,1693.13,3472.95,459,0,42,97,Alto,2.0,0,0.7295606928270622,1,Denegar/Revisar,Alto
CLI-106793,Lima,2793.59,1907.26,320,1,31,76,Alto,2.0,0,0.8468793696919027,1,Denegar/Revisar,Muy alto
CLI-106794,Lima,6273.06,3138.77,872,0,41,218,Medio,1.0,1,0.01706187974739272,0,Aprobar,Bajo
CLI-106795,Lima,3086.9,2543.55,605,0,60,341,Medio,1.0,1,0.2818335604715171,1,Denegar/Revisar,Medio
CLI-106796,Cusco,3312.58,197.39,157,1,35,61,Alto,2.0,0,0.9403572558823672,1,Denegar/Revisar,Muy alto
CLI-106797,Lima,5310.94,1515.8,926,0,44,122,Medio,1.0,1,0.00919587449842584,0,Aprobar,Bajo
CLI-106798,Lima,3878.39,536.51,559,0,22,32,Alto,2.0,0,0.2548522946374877,1,Denegar/Revisar,Medio
CLI-106799,Piura,2281.53,2685.29,227,1,55,212,Bajo,0.0,1,0.9461338392726107,1,Denegar/Revisar,Muy alto
CLI-106800,Lima,2924.68,9514.27,798,0,33,47,Alto,2.0,0,0.23189285741760193,1,Denegar/Revisar,Bajo
CLI-106801,Lima,2489.83,12653.938750000001,816,1,50,136,Bajo,0.0,1,0.34258309000907905,1,Denegar/Revisar,Medio
CLI-106802,Lima,3764.77,11547.73,185,1,38,170,Alto,2.0,0,0.9917341504007623,1,Denegar/Revisar,Muy alto
CLI-106803,Lima,1919.17,12653.938750000001,203,1,45,79,Alto,2.0,0,0.9946807443417431,1,Denegar/Revisar,Muy alto
CLI-106804,Lima,4777.96,61.45,242,1,47,237,Alto,2.0,1,0.830865638702805,1,Denegar/Revisar,Muy alto
CLI-106805,Arequipa,5491.75,5229.15,304,1,35,104,Medio,1.0,0,0.8695959973634168,1,Denegar/Revisar,Muy alto
CLI-106806,Arequipa,2244.78,1275.03,740,0,50,64,Alto,2.0,0,0.09658091657609218,0,Aprobar,Bajo
CLI-106807,Lima,5321.29,8028.27,857,0,31,52,Alto,2.0,0,0.06779518185954597,0,Aprobar,Bajo
CLI-106808,Lima,5862.48,6722.31,137,1,48,242,Medio,1.0,1,0.975714864937445,1,Denegar/Revisar,Muy alto
CLI-106809,Lima,2141.0,2204.33,462,1,34,111,Alto,2.0,0,0.64391870683014,1,Denegar/Revisar,Alto
CLI-106810,Arequipa,5740.96,2564.2,720,0,44,129,Bajo,0.0,1,0.06996708736618988,0,Aprobar,Bajo
CLI-106811,Lima,4158.9,1232.04,408,1,34,63,Alto,2.0,0,0.6047769103495088,1,Denegar/Revisar,Alto
CLI-106812,Lima,4242.73,1363.23,151,1,40,136,Medio,1.0,1,0.9430026438070961,1,Denegar/Revisar,Muy alto
CLI-106813,Arequipa,3638.81,12653.938750000001,100,1,27,8,Alto,2.0,0,0.9969764317985512,1,Denegar/Revisar,Muy alto
CLI-106814,Lima,5577.78,8787.6,110,1,42,196,Medio,1.0,1,0.9884426743915503,1,Denegar/Revisar,Muy alto
CLI-106815,Lima,3345.49,852.12,925,0,39,184,Medio,1.0,1,0.012686196947391926,0,Aprobar,Bajo
CLI-106816,Lima,5152.97,1289.23,846,0,34,67,Medio,1.0,0,0.01906813064697719,0,Aprobar,Bajo
CLI-106817,Cusco,3883.15,460.06,739,0,38,126,Medio,1.0,1,0.05640240181667224,0,Aprobar,Bajo
CLI-106818,Loreto,3930.98,12653.938750000001,313,1,41,52,Medio,1.0,0,0.9757285771717656,1,Denegar/Revisar,Muy alto
CLI-106819,Arequipa,2732.87,9509.66,854,0,32,102,Alto,2.0,0,0.15716854145795162,0,Aprobar,Bajo
CLI-106820,Lima,1968.95,3212.72,655,0,37,37,Bajo,0.0,1,0.27583528231817683,1,Denegar/Revisar,Medio
CLI-106821,Piura,4164.55,4722.24,617,1,28,56,Alto,2.0,0,0.3101485646840405,1,Denegar/Revisar,Medio
CLI-106822,Cusco,3483.12,5512.46,767,0,65,107,Bajo,0.0,1,0.13221066207685434,0,Aprobar,Bajo
CLI-106823,Cusco,2926.06,911.68,514,0,50,231,Medio,1.0,1,0.40395065164530236,1,Denegar/Revisar,Medio
CLI-106824,Lima,3531.23,10912.99,107,1,42,194,Bajo,0.0,1,0.9956757112985837,1,Denegar/Revisar,Muy alto
CLI-106825,Loreto,1025.0,2992.46,104,1,51,99,Bajo,0.0,1,0.9875826653671781,1,Denegar/Revisar,Muy alto
CLI-106826,Lima,5232.32,388.03,461,0,18,1,Alto,2.0,0,0.37775258373127263,1,Denegar/Revisar,Medio
CLI-106827,Lima,4265.27,2023.9,793,0,18,0,Alto,2.0,0,0.04549111014826694,0,Aprobar,Bajo
CLI-106828,Arequipa,4066.24,3681.66,211,1,35,36,Alto,2.0,0,0.9433350936388507,1,Denegar/Revisar,Muy alto
CLI-106829,Lima,4035.02,1740.54,372,1,24,39,Alto,2.0,0,0.710796152490119,1,Denegar/Revisar,Alto
CLI-106830,Cusco,4415.75,4805.3,521,0,37,115,Alto,2.0,0,0.515093186345596,1,Denegar/Revisar,Alto
CLI-106831,Lima,1430.31,8549.98,364,1,40,81,Medio,1.0,0,0.9515829672907355,1,Denegar/Revisar,Muy alto
CLI-106832,Piura,5361.03,5911.75,557,0,50,92,Alto,2.0,0,0.4346266335106735,1,Denegar/Revisar,Medio
CLI-106833,Cusco,3531.37,4116.25,311,1,26,18,Alto,2.0,0,0.8899343416431327,1,Denegar/Revisar,Muy alto
CLI-106834,Cusco,2141.51,2871.05,177,1,43,166,Medio,1.0,1,0.9666945889012463,1,Denegar/Revisar,Muy alto
CLI-106835,Lima,4074.07,1174.6,881,0,39,161,Alto,2.0,0,0.017912348063297327,0,Aprobar,Bajo
CLI-106836,Lima,4573.2,2427.48,765,0,43,127,Medio,1.0,1,0.057015808539349795,0,Aprobar,Bajo
CLI-106837,Piura,3410.34,1386.63,320,1,33,50,Alto,2.0,0,0.8111148874110231,1,Denegar/Revisar,Muy alto
CLI-106838,Lima,4331.86,10873.82,468,0,54,133,Medio,1.0,1,0.8605833726555747,1,Denegar/Revisar,Muy alto
CLI-106839,Cusco,5872.09,9514.03,446,1,39,61,Medio,1.0,0,0.7993050883416578,1,Denegar/Revisar,Muy alto
CLI-106840,Cusco,1193.05,677.59,124,1,58,166,Medio,1.0,1,0.973971877716087,1,Denegar/Revisar,Muy alto
CLI-106841,Lima,4663.41,6917.85,519,1,31,86,Alto,2.0,0,0.6148688648173523,1,Denegar/Revisar,Alto
CLI-106842,Lima,3245.05,4854.94,453,1,47,107,Medio,1.0,1,0.7194918864269247,1,Denegar/Revisar,Alto
CLI-106843,Lima,5851.82,12653.938750000001,819,0,39,88,Alto,2.0,0,0.18845660062404795,0,Aprobar,Bajo
CLI-106844,Cusco,5970.47,2489.31,516,0,36,58,Alto,2.0,0,0.32244273759075753,1,Denegar/Revisar,Medio
CLI-106845,Lima,4022.18,5123.05,614,0,46,18,Medio,1.0,0,0.3335696373394904,1,Denegar/Revisar,Medio
CLI-106846,Lima,4059.21,2918.28,314,1,36,59,Alto,2.0,0,0.843757127234482,1,Denegar/Revisar,Muy alto
CLI-106847,Lima,4746.1,287.71,211,1,18,1,Alto,2.0,0,0.8741055658641003,1,Denegar/Revisar,Muy alto
CLI-106848,Piura,5603.36,191.57,803,0,18,0,Alto,2.0,0,0.021145756842965015,0,Aprobar,Bajo
CLI-106849,Lima,5701.16,520.94,658,0,54,178,Medio,1.0,1,0.07825215987028018,0,Aprobar,Bajo
CLI-106850,Lima,3106.87,1404.99,527,0,52,105,Medio,1.0,1,0.38965616603709796,1,Denegar/Revisar,Medio
CLI-106851,Cusco,3388.68,1199.63,832,0,60,193,Medio,1.0,1,0.03171658848233685,0,Aprobar,Bajo
CLI-106852,Cusco,2391.74,5212.62,798,0,38,28,Alto,2.0,0,0.12105948447806056,0,Aprobar,Bajo
CLI-106853,Arequipa,3528.99,5034.04,661,0,25,34,Alto,2.0,0,0.269165825535853,1,Denegar/Revisar,Medio
CLI-106854,Lima,3989.75,12653.938750000001,808,1,35,134,Alto,2.0,0,0.2839805033573075,1,Denegar/Revisar,Medio
CLI-106855,Lima,2914.6,1486.52,315,1,39,51,Alto,2.0,0,0.8375761620809112,1,Denegar/Revisar,Muy alto
CLI-106856,Piura,4262.34,11151.76,512,1,28,41,Bajo,0.0,0,0.8206410384404585,1,Denegar/Revisar,Muy alto
CLI-106857,Lima,4941.39,3795.78,832,0,58,197,Bajo,0.0,1,0.03945927963269315,0,Aprobar,Bajo
CLI-106858,Cusco,3359.86,2735.23,479,1,64,93,Bajo,0.0,1,0.5651844115372184,1,Denegar/Revisar,Alto
CLI-106859,Piura,4422.16,4408.57,701,0,45,54,Alto,2.0,0,0.15271843554394302,0,Aprobar,Bajo
CLI-106860,Lima,4402.12,4852.8,331,1,39,48,Alto,2.0,0,0.8648243169150757,1,Denegar/Revisar,Muy alto
CLI-106861,Cusco,3169.82,754.63,934,0,25,32,Alto,2.0,0,0.01236743403257104,0,Aprobar,Bajo
CLI-106862,Cusco,4613.83,5572.72,357,1,56,55,Medio,1.0,1,0.84243739993691,1,Denegar/Revisar,Muy alto
CLI-106863,Lima,3110.95,5166.45,764,0,40,189,Medio,1.0,1,0.132549094501116,0,Aprobar,Bajo
CLI-106864,Piura,5368.62,12653.938750000001,355,1,37,113,Alto,2.0,0,0.9527895115607219,1,Denegar/Revisar,Muy alto
CLI-106865,Lima,3753.37,9719.3,502,1,44,201,Bajo,0.0,1,0.8069158237580245,1,Denegar/Revisar,Muy alto
CLI-106866,Lima,3642.15,4616.42,523,1,33,112,Alto,2.0,0,0.5451884688254724,1,Denegar/Revisar,Alto
CLI-106867,Lima,1553.45,4984.23,869,0,40,59,Medio,1.0,0,0.0730555101899279,0,Aprobar,Bajo
CLI-106868,Piura,3814.83,11674.02,164,1,23,32,Medio,1.0,0,0.9930420810807813,1,Denegar/Revisar,Muy alto
CLI-106869,Cusco,3220.59,12653.938750000001,289,1,51,155,Bajo,0.0,1,0.9840520586645071,1,Denegar/Revisar,Muy alto
CLI-106870,Piura,4165.22,7017.05,702,0,38,99,Bajo,0.0,1,0.24743786866460946,1,Denegar/Revisar,Bajo
CLI-106871,Lima,2904.38,5833.63,272,1,51,160,Alto,2.0,1,0.9509256067370699,1,Denegar/Revisar,Muy alto
CLI-106872,Piura,5153.79,472.28,858,0,37,119,Alto,2.0,0,0.014960173971089206,0,Aprobar,Bajo
CLI-106873,Lima,5472.21,7095.42,867,0,38,189,Alto,2.0,0,0.04988350030733139,0,Aprobar,Bajo
CLI-106874,Loreto,4680.04,1167.81,727,0,26,68,Alto,2.0,0,0.0628801728592993,0,Aprobar,Bajo
CLI-106875,Lima,3655.12,3318.47,660,0,47,42,Alto,2.0,0,0.2008405805737554,1,Denegar/Revisar,Bajo
CLI-106876,Lima,2073.05,12653.938750000001,326,1,29,52,Alto,2.0,0,0.9827328992882279,1,Denegar/Revisar,Muy alto
CLI-106877,Lima,2970.73,1696.19,680,0,33,106,Alto,2.0,0,0.14773705162722325,0,Aprobar,Bajo
CLI-106878,Arequipa,4084.06,1485.7,487,1,39,109,Alto,2.0,0,0.43911749902769714,1,Denegar/Revisar,Medio
CLI-106879,Lima,4492.67,7735.89,500,1,41,59,Medio,1.0,0,0.6942269766212628,1,Denegar/Revisar,Alto
CLI-106880,Arequipa,4749.04,5863.71,737,0,21,21,Alto,2.0,0,0.13947058301304258,0,Aprobar,Bajo
CLI-106881,Lima,1192.71,2964.72,312,1,35,118,Alto,2.0,0,0.9153026918589207,1,Denegar/Revisar,Muy alto
CLI-106882,Lima,1025.0,4368.3,152,1,47,232,Bajo,0.0,1,0.9854633978833591,1,Denegar/Revisar,Muy alto
CLI-106883,Lima,3668.82,12653.938750000001,723,0,35,71,Medio,1.0,0,0.47715562845911397,1,Denegar/Revisar,Medio
CLI-106884,Cusco,1356.09,2026.9,770,0,36,157,Bajo,0.0,1,0.1041226448845883,0,Aprobar,Bajo
CLI-106885,Cusco,4593.35,3203.83,851,0,41,95,Alto,2.0,0,0.03183873572357248,0,Aprobar,Bajo
CLI-106886,Lima,3909.75,3050.19,761,1,38,55,Alto,2.0,0,0.07985939728927016,0,Aprobar,Bajo
CLI-106887,Lima,3655.12,10993.76,238,1,28,106,Alto,2.0,0,0.9852054200499399,1,Denegar/Revisar,Muy alto
CLI-106888,Lima,2706.39,1732.76,517,0,38,94,Medio,1.0,0,0.451948628235169,1,Denegar/Revisar,Medio
CLI-106889,Piura,4112.59,12653.938750000001,724,0,50,17,Alto,2.0,0,0.4587657382856306,1,Denegar/Revisar,Medio
CLI-106890,Lima,3655.12,1453.63,242,1,27,23,Bajo,0.0,0,0.8953252397719852,1,Denegar/Revisar,Muy alto
CLI-106891,Cusco,3556.9,461.23,981,0,35,61,Alto,2.0,0,0.006875267341205228,0,Aprobar,Bajo
CLI-106892,Cusco,3320.92,849.67,608,0,24,31,Medio,1.0,0,0.20172421888965444,1,Denegar/Revisar,Bajo
CLI-106893,Lima,3548.3,2222.05,749,0,49,112,Medio,1.0,1,0.07862402859252872,0,Aprobar,Bajo
CLI-106894,Lima,3263.41,4196.5,585,0,38,138,Alto,2.0,0,0.40103292912673444,1,Denegar/Revisar,Medio
CLI-106895,Loreto,5610.58,2909.51,536,0,30,98,Medio,1.0,0,0.31079203601187266,1,Denegar/Revisar,Medio
CLI-106896,Loreto,3600.67,1888.2,915,0,40,198,Alto,2.0,1,0.01691342908836804,0,Aprobar,Bajo
CLI-106897,Lima,2819.3,3302.45,642,0,25,46,Alto,2.0,0,0.26470982379173197,1,Denegar/Revisar,Medio
CLI-106898,Lima,1728.21,7300.59,392,1,27,31,Alto,2.0,0,0.9184233412703878,1,Denegar/Revisar,Muy alto
CLI-106899,Lima,3317.97,7303.69,719,0,23,25,Alto,2.0,0,0.2660675065747132,1,Denegar/Revisar,Medio
CLI-106900,Lima,5106.74,5181.84,383,0,28,44,Medio,1.0,0,0.7748058815718672,1,Denegar/Revisar,Muy alto
CLI-106901,Lima,1025.0,12183.76,770,0,53,319,Bajo,0.0,1,0.5173864751861209,1,Denegar/Revisar,Alto
CLI-106902,Lima,4499.38,3568.39,937,0,31,65,Alto,2.0,0,0.015942821116758956,0,Aprobar,Bajo
CLI-106903,Piura,2263.92,30.75,113,1,44,56,Bajo,0.0,1,0.9670349636721526,1,Denegar/Revisar,Muy alto
CLI-106904,Lima,5763.55,1375.2,733,0,31,48,Alto,2.0,0,0.04900960214281922,0,Aprobar,Bajo
CLI-106905,Lima,3655.12,1591.31,826,1,47,161,Bajo,0.0,1,0.035467557449572126,0,Aprobar,Bajo
CLI-106906,Lima,1039.79,3170.33,371,1,27,29,Alto,2.0,0,0.8705246085768799,1,Denegar/Revisar,Muy alto
CLI-106907,Loreto,4542.98,9410.86,124,1,40,61,Medio,1.0,0,0.990889898607718,1,Denegar/Revisar,Muy alto
CLI-106908,Loreto,3600.67,7283.48,421,1,40,65,Medio,1.0,0,0.8419067306160446,1,Denegar/Revisar,Muy alto
CLI-106909,Lima,5228.42,12653.938750000001,905,0,65,161,Bajo,0.0,1,0.10696059878716355,0,Aprobar,Bajo
CLI-106910,Lima,5113.08,2930.8,780,0,47,106,Bajo,0.0,1,0.05083815238239545,0,Aprobar,Bajo
CLI-106911,Cusco,5431.75,4305.24,202,1,33,98,Alto,2.0,0,0.9377035561023683,1,Denegar/Revisar,Muy alto
CLI-106912,Lima,4771.02,12653.938750000001,965,0,47,72,Medio,1.0,1,0.06802888855991455,0,Aprobar,Bajo
CLI-106913,Lima,3655.12,127.21,982,0,63,276,Bajo,0.0,1,0.006208315805295214,0,Aprobar,Bajo
CLI-106914,Lima,1265.46,2493.57,139,1,20,9,Alto,2.0,0,0.9798990211939744,1,Denegar/Revisar,Muy alto
CLI-106915,Lima,5358.34,12653.938750000001,334,1,30,76,Alto,2.0,0,0.9609905880290104,1,Denegar/Revisar,Muy alto
CLI-106916,Lima,6907.67,12653.938750000001,931,0,38,181,Medio,1.0,1,0.057637723639870075,0,Aprobar,Bajo
CLI-106917,Cusco,3560.7650000000003,1606.25,188,1,34,102,Alto,2.0,0,0.9374397065374417,1,Denegar/Revisar,Muy alto
CLI-106918,Piura,2931.28,0.07,199,1,35,48,Alto,2.0,0,0.917639391873548,1,Denegar/Revisar,Muy alto
CLI-106919,Lima,5030.96,3534.66,243,1,25,39,Alto,2.0,0,0.9052679485472247,1,Denegar/Revisar,Muy alto
CLI-106920,Cusco,4015.6,8067.79,181,1,55,152,Medio,1.0,1,0.9818941304673299,1,Denegar/Revisar,Muy alto
CLI-106921,Lima,3595.83,1568.01,688,0,23,28,Alto,2.0,0,0.1192420514788309,0,Aprobar,Bajo
CLI-106922,Lima,2700.51,10888.8,670,0,36,34,Alto,2.0,0,0.585500593312238,1,Denegar/Revisar,Alto
CLI-106923,Piura,1894.06,1618.08,328,1,50,80,Bajo,0.0,1,0.856059946118159,1,Denegar/Revisar,Muy alto
CLI-106924,Piura,5334.03,3768.5,702,0,39,179,Medio,1.0,1,0.1083152581535032,0,Aprobar,Bajo
CLI-106925,Lima,3879.5,5121.2,965,0,28,38,Medio,1.0,0,0.018852939576006054,0,Aprobar,Bajo
CLI-106926,Lima,2878.07,1695.02,494,1,24,12,Alto,2.0,0,0.5034087757019023,1,Denegar/Revisar,Alto
CLI-106927,Piura,4641.86,1736.73,612,0,37,151,Alto,2.0,0,0.18335612437526777,0,Aprobar,Bajo
CLI-106928,Arequipa,4380.9,2539.47,880,0,31,47,Alto,2.0,0,0.022362223023929123,0,Aprobar,Bajo
CLI-106929,Piura,4878.16,7212.66,897,0,42,83,Medio,1.0,1,0.04293436701959198,0,Aprobar,Bajo
CLI-106930,Lima,2605.95,425.23,296,1,23,17,Alto,2.0,0,0.8410458499572626,1,Denegar/Revisar,Muy alto
CLI-106931,Lima,2697.58,3993.03,373,1,48,213,Medio,1.0,1,0.8371843509852058,1,Denegar/Revisar,Muy alto
CLI-106932,Lima,2776.34,4524.72,689,1,40,61,Medio,1.0,0,0.2256706381749965,1,Denegar/Revisar,Bajo
CLI-106933,Lima,5067.45,3264.63,752,0,42,66,Alto,2.0,0,0.07022882662267659,0,Aprobar,Bajo
CLI-106934,Cusco,4425.58,10985.4,899,0,55,47,Medio,1.0,1,0.09786319436989374,0,Aprobar,Bajo
CLI-106935,Lima,4303.73,3685.12,682,0,34,98,Alto,2.0,0,0.15969463365431255,0,Aprobar,Bajo
CLI-106936,Lima,2292.4,4026.8,661,0,30,50,Medio,1.0,0,0.27625490008475495,1,Denegar/Revisar,Medio
CLI-106937,Arequipa,3638.81,3662.76,471,1,33,66,Alto,2.0,0,0.6150120314527344,1,Denegar/Revisar,Alto
CLI-106938,Lima,4928.12,5120.81,980,0,37,62,Alto,2.0,0,0.013417460175444441,0,Aprobar,Bajo
CLI-106939,Lima,3953.46,582.0,179,1,38,75,Medio,1.0,0,0.92023455192791,1,Denegar/Revisar,Muy alto
CLI-106940,Loreto,3685.71,8987.71,334,1,30,33,Alto,2.0,0,0.9462049967442965,1,Denegar/Revisar,Muy alto
CLI-106941,Loreto,3701.02,173.69,386,1,18,0,Alto,2.0,0,0.6258672939681069,1,Denegar/Revisar,Alto
CLI-106942,Arequipa,1605.78,4094.88,918,0,32,61,Bajo,0.0,1,0.04062826557850795,0,Aprobar,Bajo
CLI-106943,Lima,5738.63,3823.05,766,0,44,50,Medio,1.0,0,0.05782299679127074,0,Aprobar,Bajo
CLI-106944,Piura,1861.31,933.39,671,0,40,204,Alto,2.0,1,0.17197513103919365,0,Aprobar,Bajo
CLI-106945,Arequipa,5343.61,166.25,644,0,53,206,Medio,1.0,1,0.08891610177644027,0,Aprobar,Bajo
CLI-106946,Lima,3462.79,597.88,536,0,60,292,Medio,1.0,1,0.3129800389620311,1,Denegar/Revisar,Medio
CLI-106947,Lima,1025.0,1268.02,226,1,46,157,Bajo,0.0,1,0.9462174599036239,1,Denegar/Revisar,Muy alto
CLI-106948,Loreto,4034.8,8551.87,832,0,54,68,Medio,1.0,1,0.11754092360188739,0,Aprobar,Bajo
CLI-106949,Lima,1871.65,7744.4,811,0,47,72,Alto,2.0,0,0.19015110674189656,0,Aprobar,Bajo
CLI-106950,Arequipa,5193.97,263.94,516,0,58,22,Medio,1.0,1,0.2552440485673865,1,Denegar/Revisar,Medio
CLI-106951,Lima,3200.39,1365.84,737,0,59,142,Bajo,0.0,1,0.08239616953490224,0,Aprobar,Bajo
CLI-106952,Lima,3655.12,8804.31,140,1,49,210,Bajo,0.0,1,0.9905807401677648,1,Denegar/Revisar,Muy alto
CLI-106953,Lima,5263.27,1080.2,886,0,47,270,Medio,1.0,1,0.012303910604882031,0,Aprobar,Bajo
CLI-106954,Loreto,3572.47,12653.938750000001,568,1,37,39,Medio,1.0,0,0.799785055566289,1,Denegar/Revisar,Muy alto
CLI-106955,Lima,4072.25,1187.38,396,1,39,53,Medio,1.0,0,0.6248467433757475,1,Denegar/Revisar,Alto
CLI-106956,Piura,3721.15,5374.68,696,0,35,64,Alto,2.0,0,0.21419185873416022,1,Denegar/Revisar,Bajo
CLI-106957,Arequipa,5634.98,2158.68,700,0,47,219,Alto,2.0,1,0.0786649795578745,0,Aprobar,Bajo
CLI-106958,Arequipa,2179.73,585.86,141,1,30,62,Medio,1.0,0,0.9613728390656688,1,Denegar/Revisar,Muy alto
CLI-106959,Cusco,1598.17,1178.31,731,0,36,43,Medio,1.0,0,0.11302121980642332,0,Aprobar,Bajo
CLI-106960,Piura,3660.39,4497.17,378,1,18,0,Alto,2.0,0,0.8193661162866681,1,Denegar/Revisar,Muy alto
CLI-106961,Lima,4268.78,1644.26,558,0,58,58,Bajo,0.0,1,0.2849245440845236,1,Denegar/Revisar,Medio
CLI-106962,Cusco,1777.3,3706.66,132,1,36,36,Bajo,0.0,1,0.9835325601351036,1,Denegar/Revisar,Muy alto
CLI-106963,Piura,5175.08,920.33,375,1,45,22,Alto,2.0,0,0.6066740210990097,1,Denegar/Revisar,Alto
CLI-106964,Lima,2271.98,2381.04,764,0,54,167,Medio,1.0,1,0.09345441663329511,0,Aprobar,Bajo
CLI-106965,Lima,4405.33,2871.77,189,1,43,141,Medio,1.0,1,0.9387992760503643,1,Denegar/Revisar,Muy alto
CLI-106966,Loreto,3280.43,2129.45,715,0,55,174,Bajo,0.0,1,0.11292988400575858,0,Aprobar,Bajo
CLI-106967,Lima,5707.3,882.18,623,0,26,64,Alto,2.0,0,0.11663820941821737,0,Aprobar,Bajo
CLI-106968,Arequipa,3776.45,2476.27,259,1,65,320,Bajo,0.0,1,0.8979514393684505,1,Denegar/Revisar,Muy alto
CLI-106969,Lima,3902.76,4722.33,557,1,51,296,Bajo,0.0,1,0.4561610783938357,1,Denegar/Revisar,Medio
CLI-106970,Lima,3655.12,12653.938750000001,807,0,41,35,Medio,1.0,0,0.2939543229977727,1,Denegar/Revisar,Medio
CLI-106971,Piura,5335.98,6233.49,498,0,55,5,Alto,2.0,0,0.5900644970880944,1,Denegar/Revisar,Alto
CLI-106972,Lima,4259.79,704.42,918,0,26,32,Alto,2.0,0,0.011055910606223216,0,Aprobar,Bajo
CLI-106973,Lima,1430.5,1273.68,873,0,35,62,Medio,1.0,0,0.03444689493743287,0,Aprobar,Bajo
CLI-106974,Piura,4680.07,328.42,190,0,55,23,Bajo,0.0,1,0.8964766324662814,1,Denegar/Revisar,Muy alto
CLI-106975,Lima,3709.13,583.11,808,0,18,0,Medio,1.0,0,0.03235483504015333,0,Aprobar,Bajo
CLI-106976,Arequipa,7699.85,1154.37,680,0,47,295,Bajo,0.0,1,0.049067755466986204,0,Aprobar,Bajo
CLI-106977,Loreto,2725.96,890.21,565,1,44,206,Medio,1.0,1,0.30458516656091683,1,Denegar/Revisar,Medio
CLI-106978,Arequipa,2566.81,961.41,319,1,60,130,Bajo,0.0,1,0.8281519279078746,1,Denegar/Revisar,Muy alto
CLI-106979,Lima,4652.67,1049.46,518,1,22,36,Alto,2.0,0,0.3187286629067818,1,Denegar/Revisar,Medio
CLI-106980,Lima,4598.37,1430.58,478,1,57,155,Medio,1.0,1,0.4182937770379868,1,Denegar/Revisar,Medio
CLI-106981,Piura,4783.94,536.81,825,0,33,98,Alto,2.0,0,0.022351143836513588,0,Aprobar,Bajo
CLI-106982,Cusco,2752.11,1302.01,546,0,34,126,Medio,1.0,0,0.36206262131424205,1,Denegar/Revisar,Medio
CLI-106983,Loreto,3600.67,4664.29,245,1,26,11,Medio,1.0,0,0.9410542327158998,1,Denegar/Revisar,Muy alto
CLI-106984,Loreto,2148.37,1078.85,332,1,26,69,Medio,1.0,0,0.8225979521257953,1,Denegar/Revisar,Muy alto
CLI-106985,Lima,1165.01,754.19,470,1,42,97,Medio,1.0,1,0.5984728235304744,1,Denegar/Revisar,Alto
CLI-106986,Lima,6261.17,280.38,333,1,28,34,Alto,2.0,0,0.6083025847293815,1,Denegar/Revisar,Alto
CLI-106987,Lima,2613.06,2772.36,825,0,47,226,Medio,1.0,1,0.05515337676712281,0,Aprobar,Bajo
CLI-106988,Lima,2990.92,7380.2,466,0,31,84,Medio,1.0,0,0.8041218940924142,1,Denegar/Revisar,Muy alto
CLI-106989,Lima,4698.67,243.32,580,0,26,36,Alto,2.0,0,0.17914460201368113,0,Aprobar,Bajo
CLI-106990,Cusco,3851.83,3126.39,672,0,33,109,Medio,1.0,0,0.16543781876958902,0,Aprobar,Bajo
CLI-106991,Lima,2537.0,4206.37,462,1,42,67,Bajo,0.0,1,0.7157194146768017,1,Denegar/Revisar,Alto
CLI-106992,Lima,3655.12,3590.48,689,0,36,105,Alto,2.0,0,0.16859049924957326,0,Aprobar,Bajo
CLI-106993,Lima,2807.12,8402.6,610,1,39,48,Medio,1.0,0,0.579318863924909,1,Denegar/Revisar,Alto
CLI-106994,Cusco,3560.7650000000003,8051.49,194,1,47,161,Bajo,0.0,1,0.9822223803420237,1,Denegar/Revisar,Muy alto
CLI-106995,Piura,4967.82,236.06,941,0,51,150,Bajo,0.0,1,0.006877243759561133,0,Aprobar,Bajo
CLI-106996,Arequipa,1574.97,1791.05,315,0,35,109,Medio,1.0,0,0.878359185713032,1,Denegar/Revisar,Muy alto
CLI-106997,Cusco,5768.66,4444.72,824,0,28,32,Medio,1.0,0,0.03876959558666934,0,Aprobar,Bajo
CLI-106998,Lima,3655.12,12183.44,915,0,40,38,Medio,1.0,0,0.1257025979863902,0,Aprobar,Bajo
CLI-106999,Piura,3660.39,6532.56,811,0,44,109,Alto,2.0,0,0.10716666728742043,0,Aprobar,Bajo
CLI-107000,Lima,3952.55,777.2,963,0,23,16,Alto,2.0,0,0.007929932464571972,0,Aprobar,Bajo
CLI-107001,Lima,5535.18,1309.62,642,0,30,57,Medio,1.0,0,0.10801596599260506,0,Aprobar,Bajo
CLI-107002,Loreto,3600.67,12653.938750000001,901,1,31,27,Alto,2.0,0,0.1535610216331004,0,Aprobar,Bajo
CLI-107003,Arequipa,4767.96,2550.66,954,0,37,59,Alto,2.0,0,0.010359868106675446,0,Aprobar,Bajo
CLI-107004,Lima,2067.3,3170.12,234,1,30,71,Alto,2.0,0,0.9503727827796516,1,Denegar/Revisar,Muy alto
CLI-107005,Lima,3716.37,3755.98,182,1,47,155,Bajo,0.0,1,0.9601203204559919,1,Denegar/Revisar,Muy alto
CLI-107006,Piura,3501.24,436.1,490,0,21,4,Alto,2.0,0,0.41112697103639523,1,Denegar/Revisar,Medio
CLI-107007,Lima,5410.5,7750.71,146,1,22,19,Alto,2.0,0,0.9814656727125587,1,Denegar/Revisar,Muy alto
CLI-107008,Lima,3425.68,7955.02,491,1,35,71,Alto,2.0,0,0.7749943674199118,1,Denegar/Revisar,Muy alto
CLI-107009,Lima,6659.73,2526.25,817,0,38,15,Alto,2.0,0,0.023698780056212572,0,Aprobar,Bajo
CLI-107010,Lima,3655.12,3943.05,484,0,23,30,Alto,2.0,0,0.5991409375523843,1,Denegar/Revisar,Alto
CLI-107011,Loreto,1904.73,4314.11,480,0,32,11,Alto,2.0,0,0.7158436506090033,1,Denegar/Revisar,Alto
CLI-107012,Lima,3655.12,841.51,176,1,35,62,Alto,2.0,0,0.933155063660632,1,Denegar/Revisar,Muy alto
CLI-107013,Lima,1045.56,477.77,358,0,34,49,Alto,2.0,0,0.8111635098621442,1,Denegar/Revisar,Muy alto
CLI-107014,Piura,1025.0,83.56,703,0,40,76,Medio,1.0,0,0.13058721496208614,0,Aprobar,Bajo
CLI-107015,Loreto,1025.0,9761.96,498,1,31,135,Alto,2.0,0,0.8918445773858447,1,Denegar/Revisar,Muy alto
CLI-107016,Lima,7007.52,1696.84,199,0,57,149,Medio,1.0,1,0.8562747837255983,1,Denegar/Revisar,Muy alto
CLI-107017,Lima,6885.99,358.96,600,0,46,136,Medio,1.0,1,0.09696747947029406,0,Aprobar,Bajo
CLI-107018,Lima,3655.12,2507.94,482,1,30,36,Alto,2.0,0,0.5293597705462069,1,Denegar/Revisar,Alto
CLI-107019,Arequipa,3638.81,314.55,806,0,40,138,Alto,2.0,0,0.032886420030887785,0,Aprobar,Bajo
CLI-107020,Piura,3458.38,356.42,291,0,40,76,Alto,2.0,0,0.8176644535773792,1,Denegar/Revisar,Muy alto
CLI-107021,Loreto,1202.02,2684.65,679,0,51,364,Bajo,0.0,1,0.2452855198967151,1,Denegar/Revisar,Bajo
CLI-107022,Cusco,6688.24,2843.91,1000,0,34,73,Medio,1.0,0,0.004438189664121095,0,Aprobar,Bajo
CLI-107023,Arequipa,6197.79,3471.37,853,0,48,125,Bajo,0.0,1,0.02299367628482191,0,Aprobar,Bajo
CLI-107024,Piura,3660.39,4272.08,701,0,39,221,Medio,1.0,1,0.16742581662019546,0,Aprobar,Bajo
CLI-107025,Lima,3876.52,4413.7,444,0,55,61,Medio,1.0,1,0.6871135763535431,1,Denegar/Revisar,Alto
CLI-107026,Lima,2607.88,2269.56,109,1,53,174,Medio,1.0,1,0.9774853851721627,1,Denegar/Revisar,Muy alto
CLI-107027,Cusco,3560.7650000000003,4126.06,363,1,41,28,Bajo,0.0,1,0.8316709303978452,1,Denegar/Revisar,Muy alto
CLI-107028,Lima,2215.35,1453.88,367,0,36,132,Medio,1.0,1,0.7806360960325975,1,Denegar/Revisar,Muy alto
CLI-107029,Lima,4193.52,2328.63,931,0,45,121,Medio,1.0,1,0.013443566483116566,0,Aprobar,Bajo
CLI-107030,Arequipa,3167.73,1999.06,729,0,37,107,Medio,1.0,0,0.09688218925020031,0,Aprobar,Bajo
CLI-107031,Lima,5818.36,1596.6,861,0,58,211,Alto,2.0,1,0.015794059170962858,0,Aprobar,Bajo
CLI-107032,Piura,3798.54,1090.23,670,0,40,132,Alto,2.0,0,0.12145651614626837,0,Aprobar,Bajo
CLI-107033,Piura,2049.18,326.83,294,1,34,62,Alto,2.0,0,0.857319840360362,1,Denegar/Revisar,Muy alto
CLI-107034,Lima,3784.18,2820.15,661,1,34,19,Alto,2.0,0,0.17863614654988044,0,Aprobar,Bajo
CLI-107035,Loreto,3300.05,3082.6,506,0,26,13,Alto,2.0,0,0.5240275820820407,1,Denegar/Revisar,Alto
CLI-107036,Lima,3655.12,1638.83,395,1,45,166,Alto,2.0,1,0.6792150721606257,1,Denegar/Revisar,Alto
CLI-107037,Lima,5493.63,12653.938750000001,989,1,31,43,Alto,2.0,0,0.04872071304236974,0,Aprobar,Bajo
CLI-107038,Piura,2477.04,3256.39,196,1,51,265,Alto,2.0,1,0.9620183402233573,1,Denegar/Revisar,Muy alto
CLI-107039,Arequipa,2765.38,8793.28,561,0,24,30,Alto,2.0,0,0.7130646029785762,1,Denegar/Revisar,Alto
CLI-107040,Arequipa,1935.83,3376.67,738,0,40,93,Medio,1.0,1,0.14931277397140252,0,Aprobar,Bajo
CLI-107041,Lima,4201.11,842.47,857,0,52,246,Medio,1.0,1,0.01950949265411009,0,Aprobar,Bajo
CLI-107042,Piura,4740.03,12653.938750000001,186,1,18,1,Alto,2.0,0,0.9913026793811441,1,Denegar/Revisar,Muy alto
CLI-107043,Lima,2666.29,8662.96,176,1,61,205,Bajo,0.0,1,0.9892007711072571,1,Denegar/Revisar,Muy alto
CLI-107044,Cusco,3723.3,2549.14,988,0,34,80,Medio,1.0,0,0.009241649307299317,0,Aprobar,Bajo
CLI-107045,Lima,2994.15,1113.87,815,0,40,29,Alto,2.0,0,0.04119815505928352,0,Aprobar,Bajo
CLI-107046,Arequipa,1078.25,1007.56,582,1,44,174,Bajo,0.0,1,0.36832041458181386,1,Denegar/Revisar,Medio
CLI-107047,Lima,4754.68,6560.01,245,1,47,200,Alto,2.0,1,0.9498571355427572,1,Denegar/Revisar,Muy alto
CLI-107048,Lima,4747.05,286.49,760,0,42,122,Medio,1.0,1,0.03728009177349199,0,Aprobar,Bajo
CLI-107049,Lima,4074.45,4065.11,210,1,50,235,Medio,1.0,1,0.9459478690318198,1,Denegar/Revisar,Muy alto
CLI-107050,Loreto,4356.6,4088.1,740,0,45,207,Bajo,0.0,1,0.1060482980180463,0,Aprobar,Bajo
CLI-107051,Piura,3019.96,805.8,864,0,58,274,Bajo,0.0,1,0.024650404309003778,0,Aprobar,Bajo
CLI-107052,Cusco,3578.74,4881.93,777,0,45,119,Alto,2.0,0,0.10614781805767791,0,Aprobar,Bajo
CLI-107053,Lima,3655.12,4888.63,396,1,61,246,Medio,1.0,1,0.8003708370614327,1,Denegar/Revisar,Muy alto
CLI-107054,Lima,3655.12,1723.32,525,0,49,131,Alto,2.0,1,0.38900334131895564,1,Denegar/Revisar,Medio
CLI-107055,Lima,3379.91,2641.76,748,0,19,3,Alto,2.0,0,0.09232119336275821,0,Aprobar,Bajo
CLI-107056,Loreto,5937.16,7153.39,890,0,69,266,Bajo,0.0,1,0.03702978205873042,0,Aprobar,Bajo
CLI-107057,Lima,6398.57,2962.24,433,1,34,136,Alto,2.0,0,0.5091446532908647,1,Denegar/Revisar,Alto
CLI-107058,Loreto,2435.59,3850.98,622,0,55,227,Bajo,0.0,1,0.3477066819444155,1,Denegar/Revisar,Medio
CLI-107059,Cusco,3610.19,2129.35,682,0,39,56,Alto,2.0,0,0.1384615035340279,0,Aprobar,Bajo
CLI-107060,Cusco,4365.17,648.19,770,0,51,78,Medio,1.0,1,0.039920973352478066,0,Aprobar,Bajo
CLI-107061,Piura,2683.32,12653.938750000001,827,0,31,53,Bajo,0.0,0,0.3100487076264931,1,Denegar/Revisar,Medio
CLI-107062,Arequipa,3853.22,3033.19,637,0,46,103,Alto,2.0,0,0.21899999769173328,1,Denegar/Revisar,Bajo
CLI-107063,Arequipa,4821.46,1640.58,897,0,37,141,Medio,1.0,1,0.013819144274366969,0,Aprobar,Bajo
CLI-107064,Lima,2904.98,5004.08,261,1,56,13,Medio,1.0,1,0.9454981391536185,1,Denegar/Revisar,Muy alto
CLI-107065,Piura,4498.54,3879.0,529,0,44,63,Medio,1.0,1,0.43340537226538733,1,Denegar/Revisar,Medio
CLI-107066,Lima,3926.49,1060.6,713,0,49,64,Medio,1.0,1,0.07896329690814431,0,Aprobar,Bajo
CLI-107067,Lima,1025.0,8379.86,168,1,18,0,Medio,1.0,0,0.9924231237346284,1,Denegar/Revisar,Muy alto
CLI-107068,Lima,1523.24,294.17,232,1,37,130,Alto,2.0,0,0.9234351625363846,1,Denegar/Revisar,Muy alto
CLI-107069,Lima,5224.61,3722.56,288,1,44,104,Medio,1.0,1,0.8570869779819703,1,Denegar/Revisar,Muy alto
CLI-107070,Lima,3655.12,2599.5,822,0,41,51,Bajo,0.0,1,0.04510593813164966,0,Aprobar,Bajo
CLI-107071,Lima,1025.0,1532.07,854,0,49,237,Medio,1.0,1,0.04713828158702074,0,Aprobar,Bajo
CLI-107072,Piura,1788.76,7003.55,777,0,34,64,Alto,2.0,0,0.2197195060775486,1,Denegar/Revisar,Bajo
CLI-107073,Lima,4926.73,4271.68,672,0,40,122,Bajo,0.0,1,0.16975248273328244,0,Aprobar,Bajo
CLI-107074,Piura,3581.77,5700.13,973,0,52,82,Medio,1.0,1,0.0211290076387894,0,Aprobar,Bajo
CLI-107075,Lima,1025.0,2142.24,378,1,18,0,Alto,2.0,0,0.8356557346619691,1,Denegar/Revisar,Muy alto
CLI-107076,Piura,5147.09,11416.81,529,1,46,277,Alto,2.0,1,0.7706344639050134,1,Denegar/Revisar,Muy alto
CLI-107077,Piura,5033.81,1690.79,724,0,36,137,Alto,2.0,0,0.06629281176084281,0,Aprobar,Bajo
CLI-107078,Piura,2538.03,3028.99,641,0,29,84,Alto,2.0,0,0.2680115991072964,1,Denegar/Revisar,Medio
CLI-107079,Arequipa,6235.54,10851.25,934,0,44,12,Alto,2.0,0,0.049295950732948415,0,Aprobar,Bajo
CLI-107080,Lima,1832.88,347.42,260,1,52,101,Bajo,0.0,1,0.8972185233611915,1,Denegar/Revisar,Muy alto
CLI-107081,Arequipa,3255.64,460.79,845,0,50,114,Bajo,0.0,1,0.02589889357596557,0,Aprobar,Bajo
CLI-107082,Lima,3767.46,12653.938750000001,998,0,38,117,Medio,1.0,1,0.06332418061805743,0,Aprobar,Bajo
CLI-107083,Lima,1025.0,12653.938750000001,552,1,48,166,Alto,2.0,1,0.8970297321490601,1,Denegar/Revisar,Muy alto
CLI-107084,Piura,5095.06,5908.41,988,0,49,16,Alto,2.0,0,0.014131110793106673,0,Aprobar,Bajo
CLI-107085,Lima,5180.16,2648.05,950,0,39,125,Alto,2.0,0,0.00998181087946911,0,Aprobar,Bajo
CLI-107086,Arequipa,2350.21,2821.37,269,1,31,58,Medio,1.0,0,0.9202833754183244,1,Denegar/Revisar,Muy alto
CLI-107087,Piura,5417.38,1189.38,929,0,33,64,Alto,2.0,0,0.00846717290518974,0,Aprobar,Bajo
CLI-107088,Lima,1707.31,2267.69,797,0,47,90,Medio,1.0,1,0.07765474350537453,0,Aprobar,Bajo
CLI-107089,Lima,3841.12,2257.96,156,1,39,238,Alto,2.0,1,0.9560512404227228,1,Denegar/Revisar,Muy alto
CLI-107090,Lima,3666.1,147.03,339,0,27,72,Medio,1.0,0,0.7149236448848877,1,Denegar/Revisar,Alto
CLI-107091,Cusco,3199.97,2414.38,868,0,20,10,Alto,2.0,0,0.03175031476629872,0,Aprobar,Bajo
CLI-107092,Arequipa,4035.17,2614.12,457,1,48,159,Alto,2.0,1,0.5710979666745544,1,Denegar/Revisar,Alto
CLI-107093,Lima,3655.12,4383.86,300,1,33,81,Bajo,0.0,1,0.9021248589527128,1,Denegar/Revisar,Muy alto
CLI-107094,Lima,3655.12,2906.43,543,0,43,82,Medio,1.0,1,0.39915516087210245,1,Denegar/Revisar,Medio
CLI-107095,Piura,5162.58,7912.83,936,0,53,135,Medio,1.0,1,0.03266675575457381,0,Aprobar,Bajo
CLI-107096,Loreto,4897.46,1832.69,926,0,25,53,Alto,2.0,0,0.011224019738320897,0,Aprobar,Bajo
CLI-107097,Lima,2608.44,2108.62,401,1,38,109,Alto,2.0,0,0.7380713525259317,1,Denegar/Revisar,Alto
CLI-107098,Lima,4072.77,3389.69,205,0,37,93,Alto,2.0,0,0.942965678674591,1,Denegar/Revisar,Muy alto
CLI-107099,Loreto,6107.57,906.21,901,0,44,272,Alto,2.0,1,0.008833375213436056,0,Aprobar,Bajo
CLI-107100,Lima,5310.34,2000.19,200,1,53,189,Alto,2.0,1,0.9065034630470657,1,Denegar/Revisar,Muy alto
CLI-107101,Lima,2074.07,4635.58,196,1,24,23,Medio,1.0,0,0.9728332301469659,1,Denegar/Revisar,Muy alto
CLI-107102,Cusco,5255.81,2122.81,764,0,46,19,Bajo,0.0,1,0.04831034058950924,0,Aprobar,Bajo
CLI-107103,Piura,4849.16,9484.16,128,1,51,153,Alto,2.0,1,0.9903835030601558,1,Denegar/Revisar,Muy alto
CLI-107104,Lima,3345.43,3821.17,605,1,37,75,Medio,1.0,0,0.3261698646756383,1,Denegar/Revisar,Medio
CLI-107105,Lima,6136.14,667.85,764,0,38,22,Medio,1.0,0,0.02845354624481955,0,Aprobar,Bajo
CLI-107106,Lima,3812.3,2673.38,537,0,44,61,Bajo,0.0,1,0.40133454905552496,1,Denegar/Revisar,Medio
CLI-107107,Lima,1928.02,5788.91,478,1,42,122,Alto,2.0,0,0.777083573016879,1,Denegar/Revisar,Muy alto
CLI-107108,Loreto,1779.05,4123.95,172,1,45,108,Bajo,0.0,1,0.9781668376270154,1,Denegar/Revisar,Muy alto
CLI-107109,Lima,1040.88,8660.47,353,1,44,219,Bajo,0.0,1,0.9620809779429295,1,Denegar/Revisar,Muy alto
CLI-107110,Arequipa,3671.64,5544.9,615,0,28,4,Alto,2.0,0,0.37929224328842837,1,Denegar/Revisar,Medio
CLI-107111,Cusco,3955.72,254.37,848,0,50,92,Bajo,0.0,1,0.020603039196647417,0,Aprobar,Bajo
CLI-107112,Lima,4080.59,477.44,649,0,52,228,Alto,2.0,1,0.12168489129182057,0,Aprobar,Bajo
CLI-107113,Lima,4780.55,4196.42,119,0,41,28,Medio,1.0,0,0.9728745776082127,1,Denegar/Revisar,Muy alto
CLI-107114,Piura,3923.35,1089.38,724,0,23,37,Alto,2.0,0,0.0748536580275077,0,Aprobar,Bajo
CLI-107115,Cusco,3367.31,3545.33,634,0,38,118,Medio,1.0,1,0.2571307082587288,1,Denegar/Revisar,Medio
CLI-107116,Loreto,3240.74,6285.06,520,0,41,101,Bajo,0.0,1,0.6581200243842678,1,Denegar/Revisar,Alto
CLI-107117,Lima,1025.0,3440.89,545,0,25,32,Medio,1.0,0,0.5733226610522628,1,Denegar/Revisar,Alto
CLI-107118,Arequipa,3638.81,2147.92,978,0,35,60,Medio,1.0,0,0.00950800084327559,0,Aprobar,Bajo
CLI-107119,Piura,2743.81,4156.89,235,1,23,28,Medio,1.0,0,0.9505398976770937,1,Denegar/Revisar,Muy alto
CLI-107120,Cusco,3828.5,620.16,604,1,46,253,Alto,2.0,1,0.187582536805744,0,Aprobar,Bajo
CLI-107121,Lima,3916.85,5137.96,859,0,41,191,Bajo,0.0,1,0.0509640904147662,0,Aprobar,Bajo
CLI-107122,Piura,3491.08,4776.42,400,1,21,13,Medio,1.0,0,0.7966452179132115,1,Denegar/Revisar,Muy alto
CLI-107123,Loreto,1948.36,2889.51,708,0,42,205,Bajo,0.0,1,0.17859717471062528,0,Aprobar,Bajo
CLI-107124,Lima,2762.38,1307.43,132,1,38,137,Alto,2.0,0,0.9662519862553239,1,Denegar/Revisar,Muy alto
CLI-107125,Lima,3085.95,6389.32,746,0,44,64,Bajo,0.0,1,0.1966738836438774,0,Aprobar,Bajo
CLI-107126,Lima,4284.39,2857.89,866,0,35,131,Medio,1.0,1,0.026719550596662506,0,Aprobar,Bajo
CLI-107127,Lima,1731.56,244.0,377,0,29,71,Alto,2.0,0,0.7447493685341601,1,Denegar/Revisar,Alto
CLI-107128,Lima,3681.85,10034.14,232,1,31,56,Alto,2.0,0,0.9828087538131196,1,Denegar/Revisar,Muy alto
CLI-107129,Cusco,4230.11,5839.19,849,1,33,3,Alto,2.0,0,0.05979833530129143,0,Aprobar,Bajo
CLI-107130,Lima,1808.78,3516.03,626,0,38,91,Medio,1.0,0,0.34741266299608065,1,Denegar/Revisar,Medio
CLI-107131,Lima,5695.5,2296.66,888,0,41,147,Medio,1.0,1,0.014096713815509141,0,Aprobar,Bajo
CLI-107132,Arequipa,2178.49,12653.938750000001,225,1,36,45,Medio,1.0,0,0.9927971758527414,1,Denegar/Revisar,Muy alto
CLI-107133,Lima,2850.07,5966.99,444,1,34,95,Alto,2.0,0,0.8008083329164096,1,Denegar/Revisar,Muy alto
CLI-107134,Lima,3929.33,3062.81,116,1,35,142,Alto,2.0,0,0.9735199379341607,1,Denegar/Revisar,Muy alto
CLI-107135,Arequipa,5956.07,4235.5,923,0,68,228,Bajo,0.0,1,0.014942762763817717,0,Aprobar,Bajo
CLI-107136,Loreto,3123.18,1318.19,661,0,30,96,Medio,1.0,0,0.15085507228244932,0,Aprobar,Bajo
CLI-107137,Piura,4159.23,871.21,746,0,33,48,Alto,2.0,0,0.05616780838137741,0,Aprobar,Bajo
CLI-107138,Arequipa,4980.95,1277.07,729,0,70,138,Medio,1.0,1,0.05702368010325905,0,Aprobar,Bajo
CLI-107139,Lima,5348.89,1387.67,477,0,44,137,Medio,1.0,1,0.37669152917448695,1,Denegar/Revisar,Medio
CLI-107140,Cusco,4467.02,5384.27,917,0,24,24,Alto,2.0,0,0.02808421309331954,0,Aprobar,Bajo
CLI-107141,Lima,3525.6,603.58,159,1,48,131,Medio,1.0,1,0.939174635245744,1,Denegar/Revisar,Muy alto
CLI-107142,Arequipa,2601.08,6012.88,736,0,29,39,Alto,2.0,0,0.21748325555136494,1,Denegar/Revisar,Bajo
CLI-107143,Lima,3655.12,2964.27,566,0,49,228,Alto,2.0,1,0.36030311773040974,1,Denegar/Revisar,Medio
CLI-107144,Cusco,4786.35,1941.76,727,0,37,142,Medio,1.0,1,0.0690557954026409,0,Aprobar,Bajo
CLI-107145,Arequipa,2269.61,1428.96,490,0,34,68,Bajo,0.0,1,0.5339872984807577,1,Denegar/Revisar,Alto
CLI-107146,Arequipa,2681.46,2879.61,784,1,56,130,Bajo,0.0,1,0.08233561256257775,0,Aprobar,Bajo
CLI-107147,Lima,4034.13,1528.08,286,1,45,54,Bajo,0.0,1,0.8404187472327276,1,Denegar/Revisar,Muy alto
CLI-107148,Lima,3472.83,2244.63,597,0,50,277,Bajo,0.0,1,0.27397762460624087,1,Denegar/Revisar,Medio
CLI-107149,Piura,4239.36,5373.17,699,0,44,48,Bajo,0.0,1,0.1902250408139351,0,Aprobar,Bajo
CLI-107150,Arequipa,2203.14,3933.98,814,0,34,142,Medio,1.0,1,0.08338041707314742,0,Aprobar,Bajo
CLI-107151,Lima,2053.39,5513.03,460,1,45,149,Bajo,0.0,1,0.7908826005463856,1,Denegar/Revisar,Muy alto
CLI-107152,Cusco,6789.93,4992.73,922,0,54,66,Medio,1.0,1,0.014047699329484789,0,Aprobar,Bajo
CLI-107153,Loreto,3374.99,6751.17,931,0,40,124,Medio,1.0,1,0.04024044260357117,0,Aprobar,Bajo
CLI-107154,Lima,3291.06,901.03,548,0,59,141,Bajo,0.0,1,0.3194192271639495,1,Denegar/Revisar,Medio
CLI-107155,Loreto,4442.04,12653.938750000001,793,1,49,261,Medio,1.0,1,0.2834277351255088,1,Denegar/Revisar,Medio
CLI-107156,Piura,2821.06,2583.3,963,0,41,32,Medio,1.0,0,0.014433614432795358,0,Aprobar,Bajo
CLI-107157,Lima,6087.2,5066.7,779,0,43,207,Medio,1.0,1,0.06116870605258691,0,Aprobar,Bajo
CLI-107158,Lima,3071.25,4529.71,280,1,40,127,Medio,1.0,1,0.9266598793449948,1,Denegar/Revisar,Muy alto
CLI-107159,Piura,3967.38,3340.23,911,0,25,15,Medio,1.0,0,0.021000329543158468,0,Aprobar,Bajo
CLI-107160,Arequipa,4560.17,12653.938750000001,229,1,38,20,Alto,2.0,0,0.9875605194710133,1,Denegar/Revisar,Muy alto
CLI-107161,Lima,4363.7,980.1,248,1,42,93,Alto,2.0,0,0.8612392027374083,1,Denegar/Revisar,Muy alto
CLI-107162,Piura,3660.39,2190.85,571,0,34,59,Alto,2.0,0,0.31313334352855465,1,Denegar/Revisar,Medio
CLI-107163,Arequipa,3638.81,546.63,917,0,43,191,Bajo,0.0,1,0.012449819697102687,0,Aprobar,Bajo
CLI-107164,Arequipa,7429.92,802.77,820,0,41,19,Medio,1.0,0,0.013026421766281134,0,Aprobar,Bajo
CLI-107165,Lima,4913.21,4992.59,722,0,48,14,Alto,2.0,0,0.12999044678378066,0,Aprobar,Bajo
CLI-107166,Loreto,6233.61,19.42,599,0,47,298,Medio,1.0,1,0.10505029401098748,0,Aprobar,Bajo
CLI-107167,Lima,5474.71,8822.58,748,0,42,142,Medio,1.0,1,0.1816984804188681,0,Aprobar,Bajo
CLI-107168,Lima,2445.03,4011.58,454,1,23,43,Medio,1.0,0,0.7191187872230428,1,Denegar/Revisar,Alto
CLI-107169,Lima,1869.44,2325.74,310,1,58,275,Bajo,0.0,1,0.8915777758275764,1,Denegar/Revisar,Muy alto
CLI-107170,Lima,1307.82,1610.04,757,0,36,38,Medio,1.0,0,0.10474313583110506,0,Aprobar,Bajo
CLI-107171,Loreto,1025.0,539.95,695,0,37,97,Bajo,0.0,1,0.1563205494899737,0,Aprobar,Bajo
CLI-107172,Lima,1839.6,10181.82,129,1,35,141,Alto,2.0,0,0.9958102334693287,1,Denegar/Revisar,Muy alto
CLI-107173,Arequipa,5752.51,4983.66,676,0,34,127,Alto,2.0,0,0.15893656792766775,0,Aprobar,Bajo
CLI-107174,Lima,1998.81,1640.26,123,1,55,49,Bajo,0.0,1,0.9755506923265032,1,Denegar/Revisar,Muy alto
CLI-107175,Lima,3129.36,294.31,822,0,54,220,Medio,1.0,1,0.0305935876561802,0,Aprobar,Bajo
CLI-107176,Cusco,4191.45,12653.938750000001,321,1,44,91,Medio,1.0,1,0.9723044655996169,1,Denegar/Revisar,Muy alto
CLI-107177,Arequipa,2609.7,816.47,701,0,37,9,Alto,2.0,0,0.11390399757041805,0,Aprobar,Bajo
CLI-107178,Lima,6694.85,6172.23,717,0,47,165,Alto,2.0,1,0.11728126428749516,0,Aprobar,Bajo
CLI-107179,Piura,3673.5,5086.13,783,0,40,55,Medio,1.0,0,0.09936142030610631,0,Aprobar,Bajo
CLI-107180,Lima,5578.03,2757.9,841,0,38,196,Alto,2.0,0,0.025492014550772494,0,Aprobar,Bajo
CLI-107181,Lima,3575.9,8680.66,688,0,43,104,Alto,2.0,0,0.37920722680995433,1,Denegar/Revisar,Medio
CLI-107182,Arequipa,3638.81,797.13,679,0,34,91,Alto,2.0,0,0.11027145356531125,0,Aprobar,Bajo
CLI-107183,Arequipa,6142.63,12653.938750000001,976,0,43,140,Alto,2.0,0,0.047410179939334655,0,Aprobar,Bajo
CLI-107184,Lima,3844.03,4960.06,500,0,41,37,Alto,2.0,0,0.6041376760232958,1,Denegar/Revisar,Alto
CLI-107185,Cusco,6668.69,280.84,964,0,47,193,Alto,2.0,1,0.0037823771723540997,0,Aprobar,Bajo
CLI-107186,Piura,3325.07,12653.938750000001,1000,0,32,108,Medio,1.0,0,0.06848620797150201,0,Aprobar,Bajo
CLI-107187,Lima,1957.46,3391.4,703,0,46,181,Medio,1.0,1,0.19567016741220566,0,Aprobar,Bajo
CLI-107188,Piura,1098.01,1827.9,611,0,28,17,Medio,1.0,0,0.3359715532197819,1,Denegar/Revisar,Medio
CLI-107189,Piura,3660.39,2617.24,187,1,33,92,Alto,2.0,0,0.9481811565167846,1,Denegar/Revisar,Muy alto
CLI-107190,Piura,4980.38,3747.18,564,0,34,98,Medio,1.0,0,0.32389109261511045,1,Denegar/Revisar,Medio
CLI-107191,Lima,2399.54,1837.94,149,1,27,36,Alto,2.0,0,0.9674302192812743,1,Denegar/Revisar,Muy alto
CLI-107192,Piura,3660.39,448.26,202,1,50,92,Medio,1.0,1,0.9063226308553555,1,Denegar/Revisar,Muy alto
CLI-107193,Lima,5038.16,600.71,467,0,29,97,Alto,2.0,0,0.3857019379503493,1,Denegar/Revisar,Medio
CLI-107194,Loreto,3396.65,2994.67,591,1,31,35,Medio,1.0,0,0.3141781960525425,1,Denegar/Revisar,Medio
CLI-107195,Piura,1173.92,768.23,657,0,52,117,Bajo,0.0,1,0.21152841540775294,1,Denegar/Revisar,Bajo
CLI-107196,Lima,1459.04,8823.06,790,0,32,122,Medio,1.0,0,0.2754842722716653,1,Denegar/Revisar,Medio
CLI-107197,Arequipa,2614.0,7187.55,878,0,37,128,Alto,2.0,0,0.08569245221843734,0,Aprobar,Bajo
CLI-107198,Cusco,3387.31,1717.18,367,1,28,12,Alto,2.0,0,0.7486680232157203,1,Denegar/Revisar,Alto
CLI-107199,Cusco,2079.56,7111.12,496,1,48,183,Bajo,0.0,1,0.7898403089884974,1,Denegar/Revisar,Muy alto
CLI-107200,Lima,4888.23,3047.31,419,1,49,160,Medio,1.0,1,0.6219563207970812,1,Denegar/Revisar,Alto
CLI-107201,Lima,1827.6,692.9,619,1,46,177,Bajo,0.0,1,0.24474219927150223,1,Denegar/Revisar,Bajo
CLI-107202,Piura,3660.39,3809.87,548,1,45,32,Medio,1.0,0,0.4338106655846885,1,Denegar/Revisar,Medio
CLI-107203,Lima,1519.97,4550.88,876,0,39,70,Alto,2.0,0,0.06589010494540824,0,Aprobar,Bajo
CLI-107204,Cusco,2982.21,350.48,575,0,33,34,Medio,1.0,0,0.2510894180707105,1,Denegar/Revisar,Medio
CLI-107205,Lima,3655.12,12653.938750000001,997,0,30,49,Alto,2.0,0,0.06785352438523788,0,Aprobar,Bajo
CLI-107206,Lima,5494.64,21.59,689,0,54,148,Bajo,0.0,1,0.05862426891949837,0,Aprobar,Bajo
CLI-107207,Lima,3655.12,1521.7,339,1,47,107,Medio,1.0,1,0.7707015599183199,1,Denegar/Revisar,Muy alto
CLI-107208,Lima,4325.35,1634.55,357,0,32,132,Alto,2.0,0,0.7211583439374248,1,Denegar/Revisar,Alto
CLI-107209,Arequipa,5621.67,3979.27,807,0,40,76,Medio,1.0,0,0.0424808894564193,0,Aprobar,Bajo
CLI-107210,Lima,4970.41,887.79,941,0,36,111,Medio,1.0,0,0.0075841304555648815,0,Aprobar,Bajo
CLI-107211,Lima,2639.08,122.21,742,0,26,53,Alto,2.0,0,0.06981593799279036,0,Aprobar,Bajo
CLI-107212,Lima,4084.91,1517.05,489,0,41,100,Alto,2.0,0,0.4360809730977816,1,Denegar/Revisar,Medio
CLI-107213,Piura,3660.39,6986.06,442,1,34,94,Alto,2.0,0,0.8080362317523855,1,Denegar/Revisar,Muy alto
CLI-107214,Lima,3771.59,2037.61,872,0,29,50,Medio,1.0,0,0.02399079071211129,0,Aprobar,Bajo
CLI-107215,Piura,5037.98,2145.21,853,0,23,42,Alto,2.0,0,0.022749167377078473,0,Aprobar,Bajo
CLI-107216,Piura,4265.25,2532.18,486,1,22,17,Alto,2.0,0,0.48590226531892783,1,Denegar/Revisar,Medio
CLI-107217,Arequipa,2932.54,5573.9,493,1,35,41,Medio,1.0,0,0.6880582542417985,1,Denegar/Revisar,Alto
CLI-107218,Cusco,5469.99,2615.9,782,0,39,102,Alto,2.0,0,0.043313373761120974,0,Aprobar,Bajo
CLI-107219,Cusco,3438.96,382.89,758,0,29,15,Alto,2.0,0,0.05364811312132351,0,Aprobar,Bajo
CLI-107220,Cusco,3560.7650000000003,924.7,369,1,46,247,Medio,1.0,1,0.6956497747489808,1,Denegar/Revisar,Alto
CLI-107221,Lima,2636.94,832.51,248,1,38,87,Medio,1.0,0,0.8962885677554325,1,Denegar/Revisar,Muy alto
CLI-107222,Lima,3523.44,2836.0,479,0,45,93,Medio,1.0,1,0.5515835395182556,1,Denegar/Revisar,Alto
CLI-107223,Lima,5720.36,121.55,910,0,38,80,Bajo,0.0,1,0.007534998753991735,0,Aprobar,Bajo
CLI-107224,Loreto,3600.67,1334.16,127,1,30,45,Alto,2.0,0,0.9613032330730857,1,Denegar/Revisar,Muy alto
CLI-107225,Cusco,3921.5,3737.77,248,1,40,18,Bajo,0.0,1,0.924882250788398,1,Denegar/Revisar,Muy alto
CLI-107226,Loreto,4598.75,1751.85,519,0,25,24,Alto,2.0,0,0.35248015541683003,1,Denegar/Revisar,Medio
CLI-107227,Lima,2395.65,4920.06,379,1,44,9,Medio,1.0,0,0.8637716860857562,1,Denegar/Revisar,Muy alto
CLI-107228,Cusco,3560.7650000000003,1985.2,281,1,29,35,Medio,1.0,0,0.8671678537582468,1,Denegar/Revisar,Muy alto
CLI-107229,Lima,1565.69,12653.938750000001,265,1,48,100,Bajo,0.0,1,0.9912637234751344,1,Denegar/Revisar,Muy alto
CLI-107230,Lima,1533.48,12653.938750000001,116,1,34,141,Alto,2.0,0,0.9978426624592107,1,Denegar/Revisar,Muy alto
CLI-107231,Lima,3404.43,6434.57,249,1,51,189,Medio,1.0,1,0.9589973967370249,1,Denegar/Revisar,Muy alto
CLI-107232,Lima,7313.71,12350.56,438,0,28,30,Alto,2.0,0,0.8532101575904164,1,Denegar/Revisar,Muy alto
CLI-107233,Piura,3783.95,916.54,144,1,32,72,Medio,1.0,0,0.9470423951142528,1,Denegar/Revisar,Muy alto
CLI-107234,Lima,2429.53,5559.98,601,1,43,21,Bajo,0.0,1,0.48255343385611804,1,Denegar/Revisar,Medio
CLI-107235,Lima,5545.69,1552.42,941,0,53,221,Alto,2.0,1,0.00793322785858971,0,Aprobar,Bajo
CLI-107236,Piura,3947.33,5168.22,288,0,57,87,Medio,1.0,1,0.9162910652091845,1,Denegar/Revisar,Muy alto
CLI-107237,Loreto,1409.7,1872.94,750,0,39,166,Alto,2.0,0,0.11820174101898019,0,Aprobar,Bajo
CLI-107238,Arequipa,2346.18,1366.7,160,1,59,336,Bajo,0.0,1,0.9608693174491292,1,Denegar/Revisar,Muy alto
CLI-107239,Lima,3072.18,12653.938750000001,393,1,36,28,Alto,2.0,0,0.9601197032909831,1,Denegar/Revisar,Muy alto
CLI-107240,Loreto,4543.12,942.31,933,0,51,110,Bajo,0.0,1,0.009472063318009026,0,Aprobar,Bajo
CLI-107241,Cusco,2716.73,5684.68,132,1,28,109,Alto,2.0,0,0.9864737887064269,1,Denegar/Revisar,Muy alto
CLI-107242,Lima,3517.65,4491.69,398,1,44,83,Alto,2.0,0,0.7951749088373719,1,Denegar/Revisar,Muy alto
CLI-107243,Piura,3660.39,1446.62,514,0,18,1,Alto,2.0,0,0.3993985382086122,1,Denegar/Revisar,Medio
CLI-107244,Lima,3458.31,2452.49,723,0,27,56,Alto,2.0,0,0.10820022550189301,0,Aprobar,Bajo
CLI-107245,Lima,3905.32,617.0,902,0,44,171,Medio,1.0,1,0.013147728309551184,0,Aprobar,Bajo
CLI-107246,Arequipa,5535.94,12653.938750000001,648,1,25,21,Alto,2.0,0,0.5541262509411672,1,Denegar/Revisar,Alto
CLI-107247,Loreto,2513.75,12653.938750000001,530,1,43,203,Medio,1.0,1,0.8794351816534631,1,Denegar/Revisar,Muy alto
CLI-107248,Lima,3321.27,5273.99,594,0,49,215,Medio,1.0,1,0.4231270547087538,1,Denegar/Revisar,Medio
CLI-107249,Loreto,2364.0,7573.05,199,1,33,18,Medio,1.0,0,0.9837479474083684,1,Denegar/Revisar,Muy alto
CLI-107250,Loreto,5125.06,344.92,122,1,29,27,Bajo,0.0,0,0.9368376965527375,1,Denegar/Revisar,Muy alto
CLI-107251,Cusco,3560.7650000000003,1937.83,519,0,34,88,Alto,2.0,0,0.41872183570597055,1,Denegar/Revisar,Medio
CLI-107252,Lima,2145.45,1606.76,523,0,28,26,Alto,2.0,0,0.47326289491057577,1,Denegar/Revisar,Medio
CLI-107253,Cusco,4268.17,3329.19,586,1,38,80,Alto,2.0,0,0.3043107124527898,1,Denegar/Revisar,Medio
CLI-107254,Lima,2640.57,810.2,829,0,40,174,Bajo,0.0,1,0.036943996400369314,0,Aprobar,Bajo
CLI-107255,Piura,3266.86,3314.78,188,1,35,76,Medio,1.0,0,0.9567917301119121,1,Denegar/Revisar,Muy alto
CLI-107256,Lima,5165.04,4249.49,308,1,58,98,Medio,1.0,1,0.8492573819146699,1,Denegar/Revisar,Muy alto
CLI-107257,Lima,1025.0,567.88,370,1,30,90,Alto,2.0,0,0.7971891758039482,1,Denegar/Revisar,Muy alto
CLI-107258,Arequipa,2683.68,564.97,848,0,54,70,Bajo,0.0,1,0.029291258099305325,0,Aprobar,Bajo
CLI-107259,Lima,4731.76,144.26,999,0,28,33,Alto,2.0,0,0.004146490135695437,0,Aprobar,Bajo
CLI-107260,Lima,2915.99,5723.37,505,1,40,4,Bajo,0.0,1,0.6796961143951454,1,Denegar/Revisar,Alto
CLI-107261,Lima,4460.91,1607.94,820,0,52,214,Bajo,0.0,1,0.03136470224840532,0,Aprobar,Bajo
CLI-107262,Arequipa,3129.0,1021.74,377,0,51,227,Medio,1.0,1,0.7052243382505962,1,Denegar/Revisar,Alto
CLI-107263,Lima,1025.0,6022.01,305,1,33,55,Medio,1.0,0,0.956558437384928,1,Denegar/Revisar,Muy alto
CLI-107264,Loreto,4810.97,618.46,689,0,46,244,Medio,1.0,1,0.07378260715460701,0,Aprobar,Bajo
CLI-107265,Lima,1351.76,2228.76,427,1,43,159,Medio,1.0,1,0.7447028907545472,1,Denegar/Revisar,Alto
CLI-107266,Lima,4226.28,12653.938750000001,709,1,33,61,Medio,1.0,0,0.477649123064641,1,Denegar/Revisar,Medio
CLI-107267,Lima,3732.25,3411.69,957,0,46,161,Alto,2.0,1,0.015286523189732691,0,Aprobar,Bajo
CLI-107268,Lima,3655.12,3229.75,976,0,59,131,Bajo,0.0,1,0.012565671525154488,0,Aprobar,Bajo
CLI-107269,Lima,4240.67,685.35,961,0,44,42,Medio,1.0,0,0.007138250566049841,0,Aprobar,Bajo
CLI-107270,Lima,3896.5,798.36,435,1,45,163,Medio,1.0,1,0.5257132348053982,1,Denegar/Revisar,Alto
CLI-107271,Cusco,4740.95,3494.45,705,0,47,53,Alto,2.0,0,0.11732779799167392,0,Aprobar,Bajo
CLI-107272,Piura,4388.43,95.4,691,0,23,26,Alto,2.0,0,0.07428341537305394,0,Aprobar,Bajo
CLI-107273,Lima,2733.98,8133.84,137,1,44,42,Medio,1.0,0,0.9911403105777125,1,Denegar/Revisar,Muy alto
CLI-107274,Lima,1668.14,1726.03,327,1,27,30,Alto,2.0,0,0.8661739332185286,1,Denegar/Revisar,Muy alto
CLI-107275,Loreto,3496.29,2155.64,582,0,32,148,Alto,2.0,0,0.29774516233118414,1,Denegar/Revisar,Medio
CLI-107276,Lima,1025.0,1195.96,233,1,62,288,Bajo,0.0,1,0.9419495576158139,1,Denegar/Revisar,Muy alto
CLI-107277,Lima,3655.12,8371.6,807,0,36,46,Alto,2.0,0,0.1553961813741348,0,Aprobar,Bajo
CLI-107278,Arequipa,7858.74,4114.53,489,0,33,56,Alto,2.0,0,0.35796208329542795,1,Denegar/Revisar,Medio
CLI-107279,Piura,4551.04,2390.68,893,0,52,119,Medio,1.0,1,0.017826141727024594,0,Aprobar,Bajo
CLI-107280,Piura,4433.26,3520.88,712,0,29,66,Alto,2.0,0,0.11850443053371784,0,Aprobar,Bajo
CLI-107281,Lima,1220.14,1914.53,524,0,33,52,Medio,1.0,0,0.5311578708304442,1,Denegar/Revisar,Alto
CLI-107282,Lima,2648.06,2506.31,686,0,52,62,Bajo,0.0,1,0.17324699014021916,0,Aprobar,Bajo
CLI-107283,Piura,5652.26,1770.38,905,0,40,62,Alto,2.0,0,0.011320916940028297,0,Aprobar,Bajo
CLI-107284,Lima,1547.08,2115.11,609,1,21,19,Alto,2.0,0,0.3390338954051823,1,Denegar/Revisar,Medio
CLI-107285,Piura,3046.03,1513.21,819,0,45,129,Medio,1.0,1,0.04105185984461396,0,Aprobar,Bajo
CLI-107286,Piura,4739.81,323.28,694,0,35,139,Medio,1.0,1,0.0676906942836053,0,Aprobar,Bajo
CLI-107287,Lima,3655.12,152.25,526,0,56,313,Medio,1.0,1,0.30340102558330273,1,Denegar/Revisar,Medio
CLI-107288,Cusco,3844.4,765.16,754,0,32,98,Bajo,0.0,1,0.05488876333120834,0,Aprobar,Bajo
CLI-107289,Loreto,3830.05,1159.47,573,0,51,208,Alto,2.0,1,0.25703177984995484,1,Denegar/Revisar,Medio
CLI-107290,Arequipa,4014.55,8846.3,667,0,59,319,Medio,1.0,1,0.40102320953677617,1,Denegar/Revisar,Medio
CLI-107291,Lima,1569.95,3779.26,460,1,29,70,Medio,1.0,0,0.7384257343511277,1,Denegar/Revisar,Alto
CLI-107292,Lima,4186.0,12653.938750000001,898,0,37,60,Alto,2.0,0,0.14008084093876894,0,Aprobar,Bajo
CLI-107293,Lima,3482.84,1659.92,310,1,43,201,Alto,2.0,1,0.8308932703709302,1,Denegar/Revisar,Muy alto
CLI-107294,Lima,3655.12,2054.91,278,1,30,38,Medio,1.0,0,0.8695648007194791,1,Denegar/Revisar,Muy alto
CLI-107295,Cusco,1025.0,5088.34,157,1,41,196,Medio,1.0,1,0.9863882544289142,1,Denegar/Revisar,Muy alto
CLI-107296,Lima,5147.47,3450.07,172,1,37,62,Alto,2.0,0,0.9467643121937906,1,Denegar/Revisar,Muy alto
CLI-107297,Lima,1487.94,3002.09,314,0,35,155,Medio,1.0,1,0.9057073152348767,1,Denegar/Revisar,Muy alto
CLI-107298,Lima,4606.19,3427.98,999,0,40,82,Medio,1.0,0,0.008185195100253242,0,Aprobar,Bajo
CLI-107299,Piura,4736.69,3509.58,877,0,40,152,Alto,2.0,0,0.02589904907717287,0,Aprobar,Bajo
CLI-107300,Lima,2161.77,5805.3,172,1,40,199,Medio,1.0,1,0.982536712090594,1,Denegar/Revisar,Muy alto
CLI-107301,Lima,3998.76,4411.47,566,0,33,41,Alto,2.0,0,0.41382865512794936,1,Denegar/Revisar,Medio
CLI-107302,Lima,2077.1,12615.56,370,1,32,87,Medio,1.0,0,0.9731259739246669,1,Denegar/Revisar,Muy alto
CLI-107303,Loreto,3600.67,11823.2,598,0,38,187,Alto,2.0,0,0.732878278365372,1,Denegar/Revisar,Alto
CLI-107304,Lima,3015.24,2192.19,453,0,38,108,Medio,1.0,0,0.6065740903401832,1,Denegar/Revisar,Alto
CLI-107305,Cusco,4514.51,145.51,333,1,35,153,Alto,2.0,0,0.6935989239548433,1,Denegar/Revisar,Alto
CLI-107306,Loreto,1697.06,44.55,418,0,42,98,Bajo,0.0,1,0.6574768964772777,1,Denegar/Revisar,Alto
CLI-107307,Lima,3817.92,525.88,118,1,19,6,Alto,2.0,0,0.955885666852231,1,Denegar/Revisar,Muy alto
CLI-107308,Arequipa,2872.19,311.4,724,0,31,80,Alto,2.0,0,0.0805571066427139,0,Aprobar,Bajo
CLI-107309,Lima,1758.28,1869.57,674,0,35,69,Medio,1.0,0,0.19517882992405258,0,Aprobar,Bajo
CLI-107310,Cusco,3560.7650000000003,217.3,471,0,30,85,Medio,1.0,0,0.4305581089961818,1,Denegar/Revisar,Medio
CLI-107311,Piura,1794.13,3922.4,283,0,56,287,Medio,1.0,1,0.9356212282865592,1,Denegar/Revisar,Muy alto
CLI-107312,Lima,3419.18,843.74,376,1,39,19,Alto,2.0,0,0.693225013078739,1,Denegar/Revisar,Alto
CLI-107313,Lima,8359.68,2885.9,773,0,43,176,Alto,2.0,1,0.02598021473124751,0,Aprobar,Bajo
CLI-107314,Lima,3655.12,435.15,854,0,34,42,Medio,1.0,0,0.020870309210274003,0,Aprobar,Bajo
CLI-107315,Cusco,2505.22,7034.75,244,1,38,181,Bajo,0.0,1,0.9726961473459365,1,Denegar/Revisar,Muy alto
CLI-107316,Lima,5453.13,6055.76,757,0,26,71,Alto,2.0,0,0.10620246622634232,0,Aprobar,Bajo
CLI-107317,Arequipa,1025.0,1954.22,180,1,36,29,Medio,1.0,0,0.967875245910645,1,Denegar/Revisar,Muy alto
CLI-107318,Lima,3655.12,9658.24,421,1,29,11,Medio,1.0,0,0.8967259494483175,1,Denegar/Revisar,Muy alto
CLI-107319,Cusco,3613.88,821.71,534,0,36,29,Alto,2.0,0,0.32810488420378486,1,Denegar/Revisar,Medio
CLI-107320,Lima,3655.12,6726.67,932,0,18,0,Alto,2.0,0,0.03868373292585657,0,Aprobar,Bajo
CLI-107321,Piura,3958.88,3157.36,142,0,27,21,Alto,2.0,0,0.9668735050185163,1,Denegar/Revisar,Muy alto
CLI-107322,Lima,4943.55,1599.4,412,1,56,118,Alto,2.0,1,0.5703783541213049,1,Denegar/Revisar,Alto
CLI-107323,Arequipa,2788.33,352.53,392,1,48,190,Bajo,0.0,1,0.6699134207210227,1,Denegar/Revisar,Alto
CLI-107324,Lima,4182.06,751.64,787,0,54,114,Bajo,0.0,1,0.03780523225880112,0,Aprobar,Bajo
CLI-107325,Lima,5705.86,7947.09,987,0,55,73,Medio,1.0,1,0.018245222036334156,0,Aprobar,Bajo
CLI-107326,Lima,4626.2,3734.62,168,1,47,217,Bajo,0.0,1,0.9567644482056655,1,Denegar/Revisar,Muy alto
CLI-107327,Arequipa,3638.81,1082.49,155,1,34,57,Medio,1.0,0,0.9452870075133404,1,Denegar/Revisar,Muy alto
CLI-107328,Lima,4276.02,2739.55,730,0,28,61,Alto,2.0,0,0.09078854410656002,0,Aprobar,Bajo
CLI-107329,Piura,4080.33,456.42,303,1,52,147,Alto,2.0,1,0.7798569348918887,1,Denegar/Revisar,Muy alto
CLI-107330,Lima,3759.33,416.3,519,0,40,122,Medio,1.0,1,0.3243381873288978,1,Denegar/Revisar,Medio
CLI-107331,Loreto,2898.93,9533.65,666,0,66,38,Bajo,0.0,1,0.5126696295113755,1,Denegar/Revisar,Alto
CLI-107332,Cusco,3802.64,2448.9,649,0,35,147,Alto,2.0,0,0.18306312677773945,0,Aprobar,Bajo
CLI-107333,Piura,3978.59,1794.96,342,1,61,102,Medio,1.0,1,0.7625632309735131,1,Denegar/Revisar,Muy alto
CLI-107334,Lima,1959.02,11909.36,300,1,37,82,Bajo,0.0,1,0.9852826748063622,1,Denegar/Revisar,Muy alto
CLI-107335,Lima,2398.14,2036.65,847,0,53,141,Bajo,0.0,1,0.04252116156453331,0,Aprobar,Bajo
CLI-107336,Lima,6735.31,1639.35,573,0,59,49,Medio,1.0,1,0.1580598114018428,0,Aprobar,Bajo
CLI-107337,Lima,4033.29,1275.24,626,1,28,60,Alto,2.0,0,0.17060421358065944,0,Aprobar,Bajo
CLI-107338,Arequipa,5417.53,3330.21,755,0,34,81,Alto,2.0,0,0.0642416189390615,0,Aprobar,Bajo
CLI-107339,Piura,3166.24,3269.5,176,1,27,55,Alto,2.0,0,0.9631158852808845,1,Denegar/Revisar,Muy alto
CLI-107340,Cusco,5229.48,65.31,577,0,26,65,Alto,2.0,0,0.1604647135992394,0,Aprobar,Bajo
CLI-107341,Lima,4458.77,4245.99,920,0,47,12,Bajo,0.0,1,0.021653897921249714,0,Aprobar,Bajo
CLI-107342,Arequipa,4458.67,6210.47,539,1,37,75,Medio,1.0,0,0.5349043172886496,1,Denegar/Revisar,Alto
CLI-107343,Lima,1559.7,3828.08,362,1,39,130,Bajo,0.0,1,0.8816656973069947,1,Denegar/Revisar,Muy alto
CLI-107344,Piura,1025.0,8157.44,284,1,44,31,Alto,2.0,0,0.9776511536915244,1,Denegar/Revisar,Muy alto
CLI-107345,Lima,2093.28,1294.16,154,1,18,0,Alto,2.0,0,0.9644487315251736,1,Denegar/Revisar,Muy alto
CLI-107346,Lima,1175.31,852.67,407,1,52,317,Medio,1.0,1,0.7327281464544113,1,Denegar/Revisar,Alto
CLI-107347,Lima,1025.0,4779.76,615,0,34,162,Alto,2.0,0,0.48999938041312197,1,Denegar/Revisar,Medio
CLI-107348,Arequipa,3748.62,835.77,398,0,45,43,Medio,1.0,0,0.6206365461827602,1,Denegar/Revisar,Alto
CLI-107349,Cusco,1147.96,382.1,651,0,45,138,Alto,2.0,0,0.20833796003117858,1,Denegar/Revisar,Bajo
CLI-107350,Lima,4582.24,406.43,329,0,54,267,Medio,1.0,1,0.7017040981512312,1,Denegar/Revisar,Alto
CLI-107351,Lima,5613.78,5850.86,476,1,39,107,Alto,2.0,0,0.6047613190874744,1,Denegar/Revisar,Alto
CLI-107352,Lima,1105.52,116.63,385,1,18,0,Medio,1.0,0,0.7456681832348101,1,Denegar/Revisar,Alto
CLI-107353,Piura,3407.0,1366.9,237,1,40,188,Alto,2.0,0,0.9031295573660274,1,Denegar/Revisar,Muy alto
CLI-107354,Lima,6440.9,553.31,577,0,42,116,Alto,2.0,0,0.13790309873174214,0,Aprobar,Bajo
CLI-107355,Arequipa,3220.03,5624.52,714,0,27,14,Alto,2.0,0,0.21422347122687535,1,Denegar/Revisar,Bajo
CLI-107356,Cusco,3560.7650000000003,2800.63,106,1,41,62,Alto,2.0,0,0.9765347325494241,1,Denegar/Revisar,Muy alto
CLI-107357,Cusco,7639.36,920.13,775,0,37,155,Alto,2.0,0,0.020018918038296387,0,Aprobar,Bajo
CLI-107358,Lima,1025.0,5551.76,518,1,23,36,Alto,2.0,0,0.7374916913183915,1,Denegar/Revisar,Alto
CLI-107359,Loreto,3600.67,5551.05,571,1,46,189,Bajo,0.0,1,0.4844979405266322,1,Denegar/Revisar,Medio
CLI-107360,Arequipa,4384.14,2961.15,519,0,33,70,Medio,1.0,0,0.4154566077519589,1,Denegar/Revisar,Medio
CLI-107361,Lima,7710.66,1291.03,976,0,36,19,Medio,1.0,0,0.0031628626375421105,0,Aprobar,Bajo
CLI-107362,Piura,2183.17,3530.24,375,1,33,36,Medio,1.0,0,0.8375749726894701,1,Denegar/Revisar,Muy alto
CLI-107363,Loreto,3600.67,10844.02,660,1,53,202,Medio,1.0,1,0.5454714125658019,1,Denegar/Revisar,Alto
CLI-107364,Lima,3655.12,212.07,707,1,39,199,Alto,2.0,0,0.07741659954168553,0,Aprobar,Bajo
CLI-107365,Lima,3655.12,1242.16,670,1,40,41,Medio,1.0,0,0.12435427118694233,0,Aprobar,Bajo
CLI-107366,Lima,6569.72,1341.72,842,0,35,126,Alto,2.0,0,0.015036280429033579,0,Aprobar,Bajo
CLI-107367,Piura,3380.56,3996.64,788,0,44,38,Medio,1.0,0,0.08215999955478442,0,Aprobar,Bajo
CLI-107368,Lima,3550.79,4212.62,189,1,54,270,Medio,1.0,1,0.9612796471451648,1,Denegar/Revisar,Muy alto
CLI-107369,Cusco,1025.0,924.28,381,0,45,219,Bajo,0.0,1,0.7926371275075088,1,Denegar/Revisar,Muy alto
CLI-107370,Arequipa,2664.12,973.9,647,0,46,174,Bajo,0.0,1,0.17883169574962615,0,Aprobar,Bajo
CLI-107371,Piura,1025.0,10536.19,270,1,45,185,Alto,2.0,1,0.9880153060299416,1,Denegar/Revisar,Muy alto
CLI-107372,Lima,1569.51,5647.25,737,0,23,23,Alto,2.0,0,0.24460015177213482,1,Denegar/Revisar,Bajo
CLI-107373,Piura,4467.06,10888.78,910,0,30,39,Alto,2.0,0,0.08981202736198186,0,Aprobar,Bajo
CLI-107374,Lima,4258.17,7079.91,454,1,37,11,Alto,2.0,0,0.7695619469444943,1,Denegar/Revisar,Muy alto
CLI-107375,Lima,2285.86,2057.45,303,0,30,80,Alto,2.0,0,0.8828127223925974,1,Denegar/Revisar,Muy alto
CLI-107376,Piura,1120.27,520.01,388,0,26,38,Medio,1.0,0,0.7557029875711688,1,Denegar/Revisar,Muy alto
CLI-107377,Lima,2519.84,3972.15,967,0,18,1,Alto,2.0,0,0.0206434714956058,0,Aprobar,Bajo
CLI-107378,Piura,4179.44,1735.4,561,0,24,55,Alto,2.0,0,0.28734205790219425,1,Denegar/Revisar,Medio
CLI-107379,Lima,4082.04,2216.41,708,0,36,190,Alto,2.0,0,0.10311031919272887,0,Aprobar,Bajo
CLI-107380,Lima,4780.11,2219.67,849,0,39,55,Bajo,0.0,1,0.025403669291390374,0,Aprobar,Bajo
CLI-107381,Lima,5381.61,11028.1,272,1,31,117,Medio,1.0,0,0.9691651769885348,1,Denegar/Revisar,Muy alto
CLI-107382,Cusco,4163.02,285.39,400,0,40,110,Alto,2.0,0,0.5743402114589319,1,Denegar/Revisar,Alto
CLI-107383,Piura,4511.54,858.24,699,0,35,43,Medio,1.0,0,0.07560086260936852,0,Aprobar,Bajo
CLI-107384,Arequipa,7977.07,3745.39,962,0,53,254,Bajo,0.0,1,0.005900571661395547,0,Aprobar,Bajo
CLI-107385,Lima,3343.82,8608.33,628,0,37,63,Medio,1.0,0,0.51750093231937,1,Denegar/Revisar,Alto
CLI-107386,Lima,6553.51,10001.35,239,1,48,173,Alto,2.0,1,0.9646708048278331,1,Denegar/Revisar,Muy alto
CLI-107387,Cusco,6365.83,3272.06,865,0,42,41,Alto,2.0,0,0.01902247998219334,0,Aprobar,Bajo
CLI-107388,Lima,3655.12,140.69,377,1,24,36,Medio,1.0,0,0.6374132433489731,1,Denegar/Revisar,Alto
CLI-107389,Lima,5231.26,1803.2,762,0,39,104,Alto,2.0,0,0.04636960592949639,0,Aprobar,Bajo
CLI-107390,Piura,3397.2,10045.0,610,0,25,25,Alto,2.0,0,0.6383912082819427,1,Denegar/Revisar,Alto
CLI-107391,Lima,1235.41,2772.14,445,1,37,77,Medio,1.0,0,0.7395158439818095,1,Denegar/Revisar,Alto
CLI-107392,Loreto,4377.94,5187.47,945,0,31,63,Alto,2.0,0,0.0212979381999367,0,Aprobar,Bajo
CLI-107393,Piura,1025.0,1254.43,239,1,42,81,Medio,1.0,0,0.937275156802834,1,Denegar/Revisar,Muy alto
CLI-107394,Lima,3275.45,101.3,213,0,24,9,Bajo,0.0,0,0.9021090548442985,1,Denegar/Revisar,Muy alto
CLI-107395,Lima,5058.72,3454.42,679,0,40,21,Alto,2.0,0,0.13513849257435753,0,Aprobar,Bajo
CLI-107396,Lima,3655.12,7206.78,606,0,45,76,Bajo,0.0,1,0.4866713384349669,1,Denegar/Revisar,Medio
CLI-107397,Loreto,3776.44,12653.938750000001,465,1,49,95,Medio,1.0,1,0.9091955440344724,1,Denegar/Revisar,Muy alto
CLI-107398,Arequipa,4401.59,7499.53,790,0,31,56,Alto,2.0,0,0.13115374248320172,0,Aprobar,Bajo
CLI-107399,Lima,5238.52,3229.69,736,0,40,120,Medio,1.0,1,0.07456154068107738,0,Aprobar,Bajo
CLI-107400,Lima,3626.21,3753.41,496,0,41,33,Medio,1.0,0,0.5541598587268444,1,Denegar/Revisar,Alto
CLI-107401,Arequipa,3875.91,6952.82,924,0,56,261,Bajo,0.0,1,0.04143504581416083,0,Aprobar,Bajo
CLI-107402,Piura,5542.41,80.04,922,0,23,9,Alto,2.0,0,0.006959402155075702,0,Aprobar,Bajo
CLI-107403,Lima,4635.84,12116.69,949,0,29,25,Medio,1.0,0,0.07585001311897693,0,Aprobar,Bajo
CLI-107404,Lima,1244.66,3030.5,974,0,69,403,Bajo,0.0,1,0.021287246688942635,0,Aprobar,Bajo
CLI-107405,Lima,3912.57,12150.57,969,0,36,57,Alto,2.0,0,0.07768196193238439,0,Aprobar,Bajo
CLI-107406,Arequipa,3412.24,5784.49,844,0,18,0,Alto,2.0,0,0.07378275770315308,0,Aprobar,Bajo
CLI-107407,Cusco,4237.19,661.0,758,0,33,20,Alto,2.0,0,0.047577064853348824,0,Aprobar,Bajo
CLI-107408,Lima,2979.99,722.54,210,1,18,0,Alto,2.0,0,0.9204721893453561,1,Denegar/Revisar,Muy alto
CLI-107409,Piura,1522.46,1745.63,974,0,41,252,Alto,2.0,1,0.015308242998097849,0,Aprobar,Bajo
CLI-107410,Lima,1176.42,1226.04,457,0,47,171,Medio,1.0,1,0.6497766311925078,1,Denegar/Revisar,Alto
CLI-107411,Lima,1744.71,2314.27,337,1,28,29,Alto,2.0,0,0.8676336747603517,1,Denegar/Revisar,Muy alto
CLI-107412,Lima,3655.12,3704.39,102,1,34,72,Alto,2.0,0,0.9808286180875408,1,Denegar/Revisar,Muy alto
CLI-107413,Loreto,5754.76,2294.92,822,0,50,238,Alto,2.0,1,0.02649068269975515,0,Aprobar,Bajo
CLI-107414,Lima,1100.53,232.3,503,1,19,2,Medio,1.0,0,0.4985708964252439,1,Denegar/Revisar,Medio
CLI-107415,Piura,1739.83,12653.938750000001,124,1,24,34,Medio,1.0,0,0.9974657220537376,1,Denegar/Revisar,Muy alto
CLI-107416,Lima,4311.29,2214.39,942,0,37,113,Alto,2.0,0,0.011986918133284329,0,Aprobar,Bajo
CLI-107417,Lima,2318.9,7617.25,608,0,30,23,Medio,1.0,0,0.5710589011391549,1,Denegar/Revisar,Alto
CLI-107418,Lima,4221.07,307.33,795,0,36,17,Bajo,0.0,1,0.03183919419224327,0,Aprobar,Bajo
CLI-107419,Arequipa,4588.41,6644.29,564,1,25,48,Medio,1.0,0,0.49170931597930156,1,Denegar/Revisar,Medio
CLI-107420,Lima,3655.12,761.76,160,1,41,118,Medio,1.0,1,0.9388292738612729,1,Denegar/Revisar,Muy alto
CLI-107421,Arequipa,4205.38,4550.31,607,0,38,99,Bajo,0.0,1,0.3205164328984562,1,Denegar/Revisar,Medio
CLI-107422,Lima,2772.22,4336.55,222,1,45,134,Medio,1.0,1,0.9572691896762077,1,Denegar/Revisar,Muy alto
CLI-107423,Lima,1968.35,9623.2,596,1,41,117,Bajo,0.0,1,0.7195430138646479,1,Denegar/Revisar,Alto
CLI-107424,Lima,2596.68,1546.63,154,1,41,79,Medio,1.0,0,0.9607817830990628,1,Denegar/Revisar,Muy alto
CLI-107425,Lima,3709.0,461.46,262,0,23,15,Alto,2.0,0,0.8502645223438305,1,Denegar/Revisar,Muy alto
CLI-107426,Lima,6216.61,7997.08,798,0,45,142,Medio,1.0,1,0.08944653094399413,0,Aprobar,Bajo
CLI-107427,Lima,5242.37,12653.938750000001,138,1,36,114,Alto,2.0,0,0.9937550821555925,1,Denegar/Revisar,Muy alto
CLI-107428,Arequipa,3240.47,1058.64,796,0,37,12,Alto,2.0,0,0.04574385140528329,0,Aprobar,Bajo
CLI-107429,Arequipa,1922.08,2663.75,182,1,50,53,Bajo,0.0,1,0.9666532486819298,1,Denegar/Revisar,Muy alto
CLI-107430,Lima,4172.59,631.93,806,0,31,86,Medio,1.0,0,0.029986217738324588,0,Aprobar,Bajo
CLI-107431,Lima,2975.95,1409.39,645,0,54,164,Medio,1.0,1,0.17881559242967218,0,Aprobar,Bajo
CLI-107432,Lima,4743.55,1946.36,212,1,55,75,Medio,1.0,1,0.9038512349076117,1,Denegar/Revisar,Muy alto
CLI-107433,Lima,3699.04,1298.8,524,1,47,251,Medio,1.0,1,0.3588292181762133,1,Denegar/Revisar,Medio
CLI-107434,Lima,3655.12,2393.24,329,1,28,9,Bajo,0.0,0,0.821805047188572,1,Denegar/Revisar,Muy alto
CLI-107435,Loreto,4228.96,1942.26,382,0,18,1,Alto,2.0,0,0.69062508167159,1,Denegar/Revisar,Alto
CLI-107436,Lima,3511.75,5959.36,386,1,51,13,Medio,1.0,1,0.8509171950259494,1,Denegar/Revisar,Muy alto
CLI-107437,Lima,3465.87,10024.13,254,1,40,65,Medio,1.0,0,0.9791464014737983,1,Denegar/Revisar,Muy alto
CLI-107438,Lima,3422.79,425.55,264,0,31,42,Bajo,0.0,0,0.855294425799729,1,Denegar/Revisar,Muy alto
CLI-107439,Lima,3655.12,6933.27,281,1,52,219,Medio,1.0,1,0.9478074891336045,1,Denegar/Revisar,Muy alto
CLI-107440,Piura,1822.34,10739.55,338,1,29,37,Alto,2.0,0,0.9742215195646546,1,Denegar/Revisar,Muy alto
CLI-107441,Lima,6634.53,4641.27,748,1,36,11,Medio,1.0,0,0.06555634961319615,0,Aprobar,Bajo
CLI-107442,Lima,3655.12,12653.938750000001,438,1,45,181,Bajo,0.0,1,0.932375774018037,1,Denegar/Revisar,Muy alto
CLI-107443,Piura,6203.35,1632.13,611,0,28,57,Alto,2.0,0,0.1336790802856333,0,Aprobar,Bajo
CLI-107444,Lima,3742.16,7095.13,365,1,38,113,Alto,2.0,0,0.8969409053556838,1,Denegar/Revisar,Muy alto
CLI-107445,Arequipa,3638.81,4479.78,286,1,51,97,Bajo,0.0,1,0.9150125424090241,1,Denegar/Revisar,Muy alto
CLI-107446,Piura,3610.29,1562.87,139,1,41,70,Alto,2.0,0,0.9587520605663992,1,Denegar/Revisar,Muy alto
CLI-107447,Lima,5520.87,4878.74,921,0,53,224,Bajo,0.0,1,0.019210831878574527,0,Aprobar,Bajo
CLI-107448,Arequipa,6261.3,2850.31,592,0,53,187,Bajo,0.0,1,0.1905004356260281,0,Aprobar,Bajo
CLI-107449,Lima,2082.53,837.82,778,0,38,119,Alto,2.0,0,0.06617649421456467,0,Aprobar,Bajo
CLI-107450,Piura,3270.0,764.06,490,0,18,0,Alto,2.0,0,0.4411760007988548,1,Denegar/Revisar,Medio
CLI-107451,Lima,5283.81,4998.65,359,1,27,34,Alto,2.0,0,0.8052598330551229,1,Denegar/Revisar,Muy alto
CLI-107452,Lima,5127.83,4978.21,754,0,48,178,Medio,1.0,1,0.09174170103498622,0,Aprobar,Bajo
CLI-107453,Piura,4859.03,3026.68,815,0,22,22,Medio,1.0,0,0.0386219522562694,0,Aprobar,Bajo
CLI-107454,Loreto,5267.73,2783.93,275,1,36,151,Bajo,0.0,1,0.8511319404880536,1,Denegar/Revisar,Muy alto
CLI-107455,Cusco,3976.09,793.99,873,0,43,40,Alto,2.0,0,0.018221078408498396,0,Aprobar,Bajo
CLI-107456,Piura,1025.0,2243.47,863,1,54,278,Bajo,0.0,1,0.052050244527431365,0,Aprobar,Bajo
CLI-107457,Lima,2806.24,8204.12,428,1,32,124,Alto,2.0,0,0.8833009771711906,1,Denegar/Revisar,Muy alto
CLI-107458,Lima,6115.63,7716.57,299,1,33,95,Medio,1.0,0,0.9109131845673855,1,Denegar/Revisar,Muy alto
CLI-107459,Lima,4567.71,4326.06,810,0,39,98,Alto,2.0,0,0.05802247482758956,0,Aprobar,Bajo
CLI-107460,Lima,1826.35,12653.938750000001,295,1,42,140,Medio,1.0,1,0.9872715234849446,1,Denegar/Revisar,Muy alto
CLI-107461,Lima,6351.19,8946.38,925,0,38,112,Alto,2.0,0,0.0354325274461196,0,Aprobar,Bajo
CLI-107462,Cusco,5143.29,627.69,688,0,51,170,Medio,1.0,1,0.06941127715489494,0,Aprobar,Bajo
CLI-107463,Lima,3980.52,2037.55,630,0,30,91,Alto,2.0,0,0.19067333077518625,0,Aprobar,Bajo
CLI-107464,Lima,3699.7,565.97,161,1,40,179,Alto,2.0,0,0.9375189964748516,1,Denegar/Revisar,Muy alto
CLI-107465,Lima,1826.12,2510.11,426,1,43,162,Bajo,0.0,1,0.7441719516693756,1,Denegar/Revisar,Alto
CLI-107466,Loreto,2716.85,5991.28,380,1,34,16,Alto,2.0,0,0.8836823003434572,1,Denegar/Revisar,Muy alto
CLI-107467,Arequipa,4124.6,677.41,861,0,48,100,Medio,1.0,1,0.0184914903883987,0,Aprobar,Bajo
CLI-107468,Piura,4800.76,8495.15,326,1,41,94,Medio,1.0,1,0.9269721525553862,1,Denegar/Revisar,Muy alto
CLI-107469,Lima,3152.88,3367.12,738,0,47,67,Bajo,0.0,1,0.1206868302886703,0,Aprobar,Bajo
CLI-107470,Loreto,2775.38,5528.32,157,1,41,172,Bajo,0.0,1,0.9821607745725239,1,Denegar/Revisar,Muy alto
CLI-107471,Lima,5813.49,184.83,576,0,44,148,Medio,1.0,1,0.14256461636510426,0,Aprobar,Bajo
CLI-107472,Loreto,7236.49,394.15,475,1,33,54,Alto,2.0,0,0.25083009339045703,1,Denegar/Revisar,Medio
CLI-107473,Piura,2824.04,3879.41,815,1,32,124,Alto,2.0,0,0.0742080826191328,0,Aprobar,Bajo
CLI-107474,Lima,3393.94,7285.38,342,1,52,121,Medio,1.0,1,0.9214305450693628,1,Denegar/Revisar,Muy alto
CLI-107475,Lima,1170.07,8281.61,466,1,45,197,Bajo,0.0,1,0.8873166051264142,1,Denegar/Revisar,Muy alto
CLI-107476,Arequipa,4364.25,4663.75,943,0,28,63,Medio,1.0,0,0.01880287666601907,0,Aprobar,Bajo
CLI-107477,Lima,3262.84,897.27,599,0,41,83,Bajo,0.0,1,0.22633680465109227,1,Denegar/Revisar,Bajo
CLI-107478,Loreto,6250.55,867.76,937,0,18,0,Alto,2.0,0,0.006063691332625161,0,Aprobar,Bajo
CLI-107479,Lima,1442.64,8526.74,351,1,32,7,Alto,2.0,0,0.9581511170388203,1,Denegar/Revisar,Muy alto
CLI-107480,Lima,1377.03,480.7,421,1,49,209,Medio,1.0,1,0.6795738348285215,1,Denegar/Revisar,Alto
CLI-107481,Lima,5731.4,4634.35,475,1,38,103,Medio,1.0,0,0.5279807398326456,1,Denegar/Revisar,Alto
CLI-107482,Lima,2566.3,3050.05,508,1,40,50,Medio,1.0,0,0.5504098103984569,1,Denegar/Revisar,Alto
CLI-107483,Lima,4416.15,2188.71,810,0,18,1,Alto,2.0,0,0.03903947857940384,0,Aprobar,Bajo
CLI-107484,Lima,4116.57,2321.66,587,0,35,124,Bajo,0.0,1,0.26623042650674095,1,Denegar/Revisar,Medio
CLI-107485,Arequipa,2203.03,11616.8,442,1,42,157,Medio,1.0,1,0.9379019763093591,1,Denegar/Revisar,Muy alto
CLI-107486,Lima,3655.12,7905.9,339,1,44,70,Medio,1.0,1,0.9282775557850681,1,Denegar/Revisar,Muy alto
CLI-107487,Cusco,4666.36,8009.44,238,1,50,76,Medio,1.0,1,0.9642641581908244,1,Denegar/Revisar,Muy alto
CLI-107488,Piura,3957.61,2087.67,221,1,37,39,Alto,2.0,0,0.9173623363799469,1,Denegar/Revisar,Muy alto
CLI-107489,Loreto,3514.47,452.59,519,0,37,180,Medio,1.0,1,0.33862579383819846,1,Denegar/Revisar,Medio
CLI-107490,Lima,3614.81,12653.938750000001,660,1,24,20,Alto,2.0,0,0.6342676724792682,1,Denegar/Revisar,Alto
CLI-107491,Lima,3780.92,628.22,403,1,37,142,Medio,1.0,1,0.5972500666758892,1,Denegar/Revisar,Alto
CLI-107492,Lima,3501.3,2899.23,214,1,25,5,Medio,1.0,0,0.9377014254365864,1,Denegar/Revisar,Muy alto
CLI-107493,Piura,5275.72,1229.47,442,1,19,7,Alto,2.0,0,0.46176665962031055,1,Denegar/Revisar,Medio
CLI-107494,Loreto,3168.72,2859.47,350,0,27,86,Alto,2.0,0,0.8238935882637601,1,Denegar/Revisar,Muy alto
CLI-107495,Lima,3376.47,1454.99,106,1,55,218,Bajo,0.0,1,0.9703177270103956,1,Denegar/Revisar,Muy alto
CLI-107496,Lima,5237.27,9087.71,830,0,37,59,Bajo,0.0,1,0.10673412543671693,0,Aprobar,Bajo
CLI-107497,Loreto,4979.66,12653.938750000001,688,1,42,204,Alto,2.0,1,0.4928010409227294,1,Denegar/Revisar,Medio
CLI-107498,Lima,5230.58,2110.97,278,1,34,35,Medio,1.0,0,0.8239558689400833,1,Denegar/Revisar,Muy alto
CLI-107499,Arequipa,2969.12,291.1,244,0,19,3,Alto,2.0,0,0.8850593454899843,1,Denegar/Revisar,Muy alto
CLI-107500,Piura,2681.2,4354.68,515,0,49,46,Bajo,0.0,1,0.604440168045069,1,Denegar/Revisar,Alto
CLI-107501,Loreto,3493.06,1890.43,765,0,18,0,Alto,2.0,0,0.06723136949950514,0,Aprobar,Bajo
CLI-107502,Lima,3901.24,12653.938750000001,220,1,33,52,Alto,2.0,0,0.9901627180078086,1,Denegar/Revisar,Muy alto
CLI-107503,Lima,3655.12,374.5,223,1,38,103,Medio,1.0,0,0.8867721780666405,1,Denegar/Revisar,Muy alto
CLI-107504,Piura,6428.2,507.36,249,1,43,149,Medio,1.0,1,0.7683237324916037,1,Denegar/Revisar,Muy alto
CLI-107505,Cusco,3510.88,4808.21,496,0,31,37,Alto,2.0,0,0.6237499100824633,1,Denegar/Revisar,Alto
CLI-107506,Lima,2027.57,5686.02,480,1,18,1,Bajo,0.0,0,0.7658744163078491,1,Denegar/Revisar,Muy alto
CLI-107507,Lima,4742.05,2547.8,879,0,31,72,Alto,2.0,0,0.020827611385170877,0,Aprobar,Bajo
CLI-107508,Piura,3660.39,1298.85,938,0,31,46,Alto,2.0,0,0.011930333057327172,0,Aprobar,Bajo
CLI-107509,Cusco,1476.36,1483.15,100,0,30,53,Alto,2.0,0,0.9818400783107307,1,Denegar/Revisar,Muy alto
CLI-107510,Loreto,2777.07,1649.8,772,0,49,201,Bajo,0.0,1,0.07041309393756227,0,Aprobar,Bajo
CLI-107511,Cusco,2905.78,1021.02,343,1,25,20,Medio,1.0,0,0.7760676078426052,1,Denegar/Revisar,Muy alto
CLI-107512,Lima,3503.13,7605.65,986,0,42,201,Medio,1.0,1,0.028276549273220344,0,Aprobar,Bajo
CLI-107513,Lima,1468.67,269.17,497,0,40,139,Medio,1.0,1,0.4932332198240764,1,Denegar/Revisar,Medio
CLI-107514,Piura,1025.0,2092.12,350,1,49,330,Alto,2.0,1,0.8674195527787363,1,Denegar/Revisar,Muy alto
CLI-107515,Loreto,3600.67,5507.01,978,0,38,153,Alto,2.0,0,0.020048588703962738,0,Aprobar,Bajo
CLI-107516,Lima,4922.56,15.33,675,0,48,51,Medio,1.0,1,0.07229763174708141,0,Aprobar,Bajo
CLI-107517,Lima,2244.25,8416.0,398,1,37,112,Medio,1.0,0,0.9199864178046981,1,Denegar/Revisar,Muy alto
CLI-107518,Arequipa,4112.22,4900.69,859,0,44,44,Bajo,0.0,1,0.04654079460613178,0,Aprobar,Bajo
CLI-107519,Lima,3569.44,304.82,396,0,22,18,Alto,2.0,0,0.6174984644268471,1,Denegar/Revisar,Alto
CLI-107520,Lima,3655.12,9015.05,599,0,18,0,Alto,2.0,0,0.5972979640530898,1,Denegar/Revisar,Alto
CLI-107521,Piura,4216.29,2672.3,214,1,43,73,Medio,1.0,1,0.9239776789421487,1,Denegar/Revisar,Muy alto
CLI-107522,Piura,4629.85,4224.96,906,0,44,86,Medio,1.0,1,0.022710231463563407,0,Aprobar,Bajo
CLI-107523,Arequipa,3486.71,8549.41,100,1,44,92,Alto,2.0,0,0.9934127930072042,1,Denegar/Revisar,Muy alto
CLI-107524,Lima,4823.95,8519.99,652,0,34,61,Alto,2.0,0,0.38255102000733165,1,Denegar/Revisar,Medio
CLI-107525,Piura,7706.64,2102.03,784,0,57,422,Bajo,0.0,1,0.02317360341758976,0,Aprobar,Bajo
CLI-107526,Piura,2361.1,1085.61,699,0,33,72,Medio,1.0,0,0.12382828122776482,0,Aprobar,Bajo
CLI-107527,Piura,3660.39,1190.51,581,0,44,159,Medio,1.0,1,0.24433463022020047,1,Denegar/Revisar,Bajo
CLI-107528,Piura,6442.39,5808.74,709,0,47,23,Medio,1.0,0,0.11919768063781035,0,Aprobar,Bajo
CLI-107529,Lima,4876.34,10604.62,699,1,58,81,Alto,2.0,1,0.3795288239088252,1,Denegar/Revisar,Medio
CLI-107530,Lima,4327.54,299.89,862,0,36,108,Medio,1.0,0,0.016175046449607558,0,Aprobar,Bajo
CLI-107531,Lima,3655.12,60.53,609,0,32,60,Medio,1.0,0,0.1639486361162736,0,Aprobar,Bajo
CLI-107532,Lima,3655.12,6924.95,434,0,23,22,Alto,2.0,0,0.8176735717306711,1,Denegar/Revisar,Muy alto
CLI-107533,Piura,3309.28,1954.97,564,0,56,70,Medio,1.0,1,0.32592591477902444,1,Denegar/Revisar,Medio
CLI-107534,Loreto,1025.0,1294.34,240,1,43,57,Bajo,0.0,1,0.9394457096799775,1,Denegar/Revisar,Muy alto
CLI-107535,Arequipa,5323.8,10018.34,682,1,45,105,Medio,1.0,1,0.3547556115656891,1,Denegar/Revisar,Medio
CLI-107536,Arequipa,1025.0,1701.53,236,1,70,402,Bajo,0.0,1,0.9461024484845574,1,Denegar/Revisar,Muy alto
CLI-107537,Lima,2646.41,12653.938750000001,710,1,42,92,Bajo,0.0,1,0.575966069089236,1,Denegar/Revisar,Alto
CLI-107538,Lima,3376.34,12653.938750000001,762,0,25,27,Medio,1.0,0,0.4038551189557176,1,Denegar/Revisar,Medio
CLI-107539,Lima,3655.12,1610.96,786,0,37,140,Bajo,0.0,1,0.0509972333190036,0,Aprobar,Bajo
CLI-107540,Lima,2880.8,12653.938750000001,266,1,28,21,Medio,1.0,0,0.9876109016093751,1,Denegar/Revisar,Muy alto
CLI-107541,Lima,3858.69,1425.92,442,1,35,42,Medio,1.0,0,0.5445274000041881,1,Denegar/Revisar,Alto
CLI-107542,Piura,2201.77,7709.8,509,0,34,32,Medio,1.0,0,0.7793020232474538,1,Denegar/Revisar,Muy alto
CLI-107543,Cusco,3560.7650000000003,953.05,868,0,33,81,Medio,1.0,0,0.020868982169081576,0,Aprobar,Bajo
CLI-107544,Lima,8597.82,7006.02,835,0,26,58,Alto,2.0,0,0.032582350189096804,0,Aprobar,Bajo
CLI-107545,Lima,3655.12,1746.15,979,0,57,121,Medio,1.0,1,0.008627961509369076,0,Aprobar,Bajo
CLI-107546,Arequipa,3878.74,871.25,941,0,42,113,Medio,1.0,1,0.009715556599716879,0,Aprobar,Bajo
CLI-107547,Lima,3655.12,10919.95,164,1,37,183,Alto,2.0,0,0.9924391817279697,1,Denegar/Revisar,Muy alto
CLI-107548,Loreto,4900.54,964.13,680,0,48,154,Bajo,0.0,1,0.08668034689489916,0,Aprobar,Bajo
CLI-107549,Arequipa,1353.08,12653.938750000001,166,1,43,177,Medio,1.0,1,0.996567591046825,1,Denegar/Revisar,Muy alto
CLI-107550,Cusco,2430.34,459.73,532,1,42,90,Medio,1.0,1,0.3685822485458104,1,Denegar/Revisar,Medio
CLI-107551,Lima,4195.57,40.29,149,1,47,38,Medio,1.0,1,0.9280011858812294,1,Denegar/Revisar,Muy alto
CLI-107552,Arequipa,2615.56,8185.37,413,0,40,106,Medio,1.0,1,0.8972083641004407,1,Denegar/Revisar,Muy alto
CLI-107553,Lima,3174.79,3533.4,408,1,46,103,Bajo,0.0,1,0.7576388803998,1,Denegar/Revisar,Muy alto
CLI-107554,Piura,5028.68,2190.14,702,0,48,192,Medio,1.0,1,0.0854469916471052,0,Aprobar,Bajo
CLI-107555,Lima,1868.9,342.07,214,1,40,165,Alto,2.0,0,0.9301325013908555,1,Denegar/Revisar,Muy alto
CLI-107556,Lima,2536.56,3421.65,985,0,36,115,Alto,2.0,0,0.015542849235934497,0,Aprobar,Bajo
CLI-107557,Piura,4532.46,2001.69,668,0,56,121,Alto,2.0,1,0.12589408269836092,0,Aprobar,Bajo
CLI-107558,Piura,4513.53,2643.66,441,1,34,11,Alto,2.0,0,0.582164429687913,1,Denegar/Revisar,Alto
CLI-107559,Loreto,2891.65,3981.25,629,0,43,61,Medio,1.0,0,0.3075500622747265,1,Denegar/Revisar,Medio
CLI-107560,Arequipa,3325.3,4085.87,883,0,43,51,Medio,1.0,0,0.036513698590697044,0,Aprobar,Bajo
CLI-107561,Arequipa,2331.86,12653.938750000001,741,0,32,47,Medio,1.0,0,0.5124809529330062,1,Denegar/Revisar,Alto
CLI-107562,Lima,4758.24,4257.46,594,0,31,11,Medio,1.0,0,0.2977440968114057,1,Denegar/Revisar,Medio
CLI-107563,Arequipa,6114.35,1658.45,368,1,36,50,Alto,2.0,0,0.6075317969545057,1,Denegar/Revisar,Alto
CLI-107564,Piura,4255.32,1599.72,179,1,34,49,Alto,2.0,0,0.9326988123858478,1,Denegar/Revisar,Muy alto
CLI-107565,Loreto,3473.22,2593.93,555,0,23,14,Alto,2.0,0,0.3759296394374335,1,Denegar/Revisar,Medio
CLI-107566,Cusco,4370.68,1200.79,398,1,32,62,Bajo,0.0,1,0.613838588699076,1,Denegar/Revisar,Alto
CLI-107567,Lima,3094.29,1889.23,921,0,42,134,Medio,1.0,1,0.017299303643959527,0,Aprobar,Bajo
CLI-107568,Loreto,3654.61,7383.5,301,1,53,165,Alto,2.0,1,0.9450740912263156,1,Denegar/Revisar,Muy alto
CLI-107569,Lima,2076.1,7857.65,602,0,44,92,Medio,1.0,1,0.610536232875485,1,Denegar/Revisar,Alto
CLI-107570,Lima,3988.72,3953.21,836,0,18,0,Alto,2.0,0,0.04854763619720758,0,Aprobar,Bajo
CLI-107571,Piura,5653.54,3497.15,770,0,47,155,Bajo,0.0,1,0.05525646779589178,0,Aprobar,Bajo
CLI-107572,Lima,5348.06,2228.18,815,0,34,16,Alto,2.0,0,0.030526109197711652,0,Aprobar,Bajo
CLI-107573,Arequipa,4848.71,12653.938750000001,748,1,44,87,Alto,2.0,0,0.36325497173397947,1,Denegar/Revisar,Medio
CLI-107574,Lima,4292.42,6560.69,584,0,39,41,Alto,2.0,0,0.4672287148306465,1,Denegar/Revisar,Medio
CLI-107575,Lima,2763.82,5355.31,684,0,37,35,Medio,1.0,0,0.2674296835128728,1,Denegar/Revisar,Medio
CLI-107576,Piura,4031.72,144.41,659,0,38,44,Alto,2.0,0,0.10627476634216382,0,Aprobar,Bajo
CLI-107577,Arequipa,3908.91,5254.11,117,1,39,159,Alto,2.0,0,0.983087653330937,1,Denegar/Revisar,Muy alto
CLI-107578,Cusco,3289.27,5091.12,577,1,54,318,Medio,1.0,1,0.45470729201706794,1,Denegar/Revisar,Medio
CLI-107579,Arequipa,3367.13,416.96,587,0,39,71,Alto,2.0,0,0.22405742485034047,1,Denegar/Revisar,Bajo
CLI-107580,Arequipa,3550.66,651.24,878,0,51,100,Bajo,0.0,1,0.018612746759443854,0,Aprobar,Bajo
CLI-107581,Lima,3162.58,6202.95,545,1,49,234,Bajo,0.0,1,0.6037707784839881,1,Denegar/Revisar,Alto
CLI-107582,Lima,2218.01,3274.75,439,1,46,214,Medio,1.0,1,0.7266870081605848,1,Denegar/Revisar,Alto
CLI-107583,Lima,3796.11,6895.56,630,0,19,4,Alto,2.0,0,0.4068726235821946,1,Denegar/Revisar,Medio
CLI-107584,Piura,3441.59,817.01,711,0,51,155,Bajo,0.0,1,0.08800847661852357,0,Aprobar,Bajo
CLI-107585,Arequipa,1025.0,124.37,215,1,33,103,Alto,2.0,0,0.9387273150516715,1,Denegar/Revisar,Muy alto
CLI-107586,Lima,8315.41,706.67,957,0,49,249,Medio,1.0,1,0.002904431026508037,0,Aprobar,Bajo
CLI-107587,Arequipa,1289.86,2410.08,173,1,27,57,Alto,2.0,0,0.9719260498527569,1,Denegar/Revisar,Muy alto
CLI-107588,Piura,4079.96,2963.41,891,0,26,16,Alto,2.0,0,0.023623759270279862,0,Aprobar,Bajo
CLI-107589,Lima,3327.75,7799.3,368,1,61,349,Medio,1.0,1,0.9122908785685317,1,Denegar/Revisar,Muy alto
CLI-107590,Lima,3169.7,5037.95,736,1,28,15,Medio,1.0,0,0.16020397795494637,0,Aprobar,Bajo
CLI-107591,Loreto,2795.42,12653.938750000001,215,1,51,238,Medio,1.0,1,0.9924355931254993,1,Denegar/Revisar,Muy alto
CLI-107592,Arequipa,3638.81,327.96,785,0,40,81,Medio,1.0,0,0.038423360009904976,0,Aprobar,Bajo
CLI-107593,Loreto,3600.67,558.06,792,0,34,34,Alto,2.0,0,0.03955714881250845,0,Aprobar,Bajo
CLI-107594,Lima,3655.12,352.51,837,0,38,88,Bajo,0.0,1,0.02489613988573248,0,Aprobar,Bajo
CLI-107595,Cusco,5113.59,3092.73,768,0,25,39,Alto,2.0,0,0.0583990015266187,0,Aprobar,Bajo
CLI-107596,Lima,5230.84,1241.68,263,1,39,82,Medio,1.0,0,0.8176421229714801,1,Denegar/Revisar,Muy alto
CLI-107597,Lima,3442.16,4603.41,682,0,27,75,Medio,1.0,0,0.21330211875498592,1,Denegar/Revisar,Bajo
CLI-107598,Cusco,4302.17,569.44,321,1,35,179,Bajo,0.0,1,0.7442866373376575,1,Denegar/Revisar,Alto
CLI-107599,Lima,5254.52,435.65,225,0,50,171,Alto,2.0,1,0.8480893023518525,1,Denegar/Revisar,Muy alto
CLI-107600,Arequipa,3826.8,2465.97,756,0,42,59,Medio,1.0,0,0.07310332098248915,0,Aprobar,Bajo
CLI-107601,Lima,4086.65,1885.77,275,1,23,18,Alto,2.0,0,0.8615100240960197,1,Denegar/Revisar,Muy alto
CLI-107602,Piura,3328.08,7068.23,763,0,48,36,Bajo,0.0,1,0.18550339135555444,0,Aprobar,Bajo
CLI-107603,Cusco,5881.82,7269.64,793,0,40,145,Bajo,0.0,1,0.090219011156737,0,Aprobar,Bajo
CLI-107604,Lima,2698.3,499.66,474,0,33,24,Alto,2.0,0,0.4976311041529856,1,Denegar/Revisar,Medio
CLI-107605,Arequipa,5470.6,6692.13,958,0,48,34,Bajo,0.0,1,0.020127228308235177,0,Aprobar,Bajo
CLI-107606,Lima,5186.68,3321.97,597,0,38,67,Alto,2.0,0,0.2414582490061114,1,Denegar/Revisar,Bajo
CLI-107607,Piura,1099.53,2801.16,184,1,25,19,Alto,2.0,0,0.9725619488955424,1,Denegar/Revisar,Muy alto
CLI-107608,Lima,3449.94,398.24,975,0,59,52,Bajo,0.0,1,0.007354042912137632,0,Aprobar,Bajo
CLI-107609,Lima,2403.23,5382.62,482,0,38,107,Medio,1.0,0,0.7264476328021218,1,Denegar/Revisar,Alto
CLI-107610,Lima,5583.9,245.94,732,0,39,86,Bajo,0.0,1,0.04097701372596675,0,Aprobar,Bajo
CLI-107611,Lima,2216.98,1301.21,740,0,34,70,Bajo,0.0,1,0.09763123715323674,0,Aprobar,Bajo
CLI-107612,Cusco,4112.53,401.19,562,1,52,225,Medio,1.0,1,0.2275087876303336,1,Denegar/Revisar,Bajo
CLI-107613,Lima,4689.72,3026.63,550,1,34,53,Alto,2.0,0,0.34279665077743715,1,Denegar/Revisar,Medio
CLI-107614,Lima,3988.08,4145.14,617,0,22,18,Alto,2.0,0,0.293104946148409,1,Denegar/Revisar,Medio
CLI-107615,Lima,3655.12,8860.32,945,0,32,51,Medio,1.0,0,0.0510416644708017,0,Aprobar,Bajo
CLI-107616,Lima,1201.11,5295.11,794,0,53,73,Bajo,0.0,1,0.16094484989713634,0,Aprobar,Bajo
CLI-107617,Arequipa,4709.87,12653.938750000001,649,0,49,167,Bajo,0.0,1,0.5986057013106302,1,Denegar/Revisar,Alto
CLI-107618,Cusco,2657.37,5724.33,215,1,36,139,Alto,2.0,0,0.9716134445633552,1,Denegar/Revisar,Muy alto
CLI-107619,Lima,1668.31,1415.7,713,0,53,193,Medio,1.0,1,0.13499099224482666,0,Aprobar,Bajo
CLI-107620,Loreto,1092.35,3172.62,107,1,46,209,Bajo,0.0,1,0.9875122812087221,1,Denegar/Revisar,Muy alto
CLI-107621,Piura,5481.65,2449.51,317,1,37,39,Alto,2.0,0,0.7736867491809309,1,Denegar/Revisar,Muy alto
CLI-107622,Lima,5084.33,3338.55,818,0,38,82,Alto,2.0,0,0.03952011206436049,0,Aprobar,Bajo
CLI-107623,Arequipa,5080.86,3395.36,689,1,43,84,Medio,1.0,1,0.11855653913800332,0,Aprobar,Bajo
CLI-107624,Piura,5896.45,4844.0,979,0,31,125,Medio,1.0,0,0.009854304486062155,0,Aprobar,Bajo
CLI-107625,Arequipa,1470.76,346.78,503,1,38,64,Alto,2.0,0,0.49275900293038716,1,Denegar/Revisar,Medio
CLI-107626,Loreto,4200.59,5493.44,666,0,43,107,Alto,2.0,0,0.24888193717957613,1,Denegar/Revisar,Bajo
CLI-107627,Lima,4953.63,620.74,403,1,21,20,Alto,2.0,0,0.5396180503701528,1,Denegar/Revisar,Alto
CLI-107628,Cusco,3028.1,106.23,566,0,37,93,Medio,1.0,0,0.2552865124227386,1,Denegar/Revisar,Medio
CLI-107629,Arequipa,6221.67,2926.77,839,0,37,58,Medio,1.0,0,0.02237947595630903,0,Aprobar,Bajo
CLI-107630,Lima,1955.09,12653.938750000001,187,1,50,127,Bajo,0.0,1,0.9953805407669805,1,Denegar/Revisar,Muy alto
CLI-107631,Piura,2905.14,141.89,109,1,18,0,Medio,1.0,0,0.9627631611043209,1,Denegar/Revisar,Muy alto
CLI-107632,Lima,3910.3,2897.49,407,1,35,7,Alto,2.0,0,0.6993479178912441,1,Denegar/Revisar,Alto
CLI-107633,Cusco,4697.9,3059.18,533,0,34,53,Medio,1.0,0,0.3717099446238009,1,Denegar/Revisar,Medio
CLI-107634,Arequipa,3870.4,215.69,901,0,50,126,Medio,1.0,1,0.012302932199085816,0,Aprobar,Bajo
CLI-107635,Lima,4544.17,4973.42,263,1,39,49,Medio,1.0,0,0.9204062247114314,1,Denegar/Revisar,Muy alto
CLI-107636,Lima,3655.12,944.36,338,1,59,310,Bajo,0.0,1,0.757351715032352,1,Denegar/Revisar,Muy alto
CLI-107637,Piura,1025.0,6328.44,416,1,45,109,Medio,1.0,1,0.8923873269185464,1,Denegar/Revisar,Muy alto
CLI-107638,Lima,6764.86,1489.02,755,0,36,18,Alto,2.0,0,0.03292079344622037,0,Aprobar,Bajo
CLI-107639,Lima,1931.2,2599.53,434,0,41,75,Alto,2.0,0,0.7285386332512976,1,Denegar/Revisar,Alto
CLI-107640,Lima,5612.5,8896.98,117,0,36,31,Alto,2.0,0,0.9883031611728144,1,Denegar/Revisar,Muy alto
CLI-107641,Lima,2603.47,6563.29,170,1,48,166,Medio,1.0,1,0.9837995327985535,1,Denegar/Revisar,Muy alto
CLI-107642,Lima,2532.14,6090.54,274,0,24,45,Alto,2.0,0,0.9563102024760529,1,Denegar/Revisar,Muy alto
CLI-107643,Lima,3655.12,699.48,953,0,30,29,Medio,1.0,0,0.008825718300375514,0,Aprobar,Bajo
CLI-107644,Lima,3250.08,197.36,899,0,44,97,Alto,2.0,0,0.014946416693072086,0,Aprobar,Bajo
CLI-107645,Arequipa,1491.13,3723.17,910,0,52,141,Bajo,0.0,1,0.0415402897031716,0,Aprobar,Bajo
CLI-107646,Piura,3212.04,2115.22,438,1,18,1,Alto,2.0,0,0.6341841364571255,1,Denegar/Revisar,Alto
CLI-107647,Lima,3756.58,9590.98,347,1,54,188,Medio,1.0,1,0.9436302354222402,1,Denegar/Revisar,Muy alto
CLI-107648,Lima,5390.65,1720.63,292,1,38,82,Alto,2.0,0,0.7909986884000749,1,Denegar/Revisar,Muy alto
CLI-107649,Piura,1748.96,2114.25,518,1,18,0,Alto,2.0,0,0.5347018027185181,1,Denegar/Revisar,Alto
CLI-107650,Lima,4218.33,2986.2,424,1,18,0,Alto,2.0,0,0.652937856327061,1,Denegar/Revisar,Alto
CLI-107651,Lima,3154.15,6366.41,405,1,22,9,Alto,2.0,0,0.8545820501839207,1,Denegar/Revisar,Muy alto
CLI-107652,Lima,4307.56,1249.53,879,0,39,34,Medio,1.0,0,0.016918792166744853,0,Aprobar,Bajo
CLI-107653,Loreto,3600.67,11376.9,303,1,38,77,Medio,1.0,0,0.9745161934975105,1,Denegar/Revisar,Muy alto
CLI-107654,Arequipa,3636.87,3105.43,952,0,46,274,Alto,2.0,1,0.015352275661429054,0,Aprobar,Bajo
CLI-107655,Arequipa,3195.29,7354.83,222,1,33,151,Medio,1.0,0,0.9746280384280401,1,Denegar/Revisar,Muy alto
CLI-107656,Arequipa,5472.91,2982.97,669,0,28,43,Alto,2.0,0,0.12366919340317192,0,Aprobar,Bajo
CLI-107657,Arequipa,5944.4,5913.52,950,0,35,109,Bajo,0.0,1,0.016550094555622015,0,Aprobar,Bajo
CLI-107658,Lima,1761.57,211.16,546,0,39,105,Medio,1.0,1,0.36194145184204113,1,Denegar/Revisar,Medio
CLI-107659,Piura,3204.59,6422.03,812,0,41,185,Bajo,0.0,1,0.11435859405710659,0,Aprobar,Bajo
CLI-107660,Lima,3464.41,2969.01,590,1,30,63,Medio,1.0,0,0.3116495368234289,1,Denegar/Revisar,Medio
CLI-107661,Piura,4784.91,2387.1,532,0,49,70,Medio,1.0,1,0.33679030239001817,1,Denegar/Revisar,Medio
CLI-107662,Arequipa,3569.2,473.38,723,0,32,40,Alto,2.0,0,0.07222864541652091,0,Aprobar,Bajo
CLI-107663,Piura,3660.39,5412.41,227,1,29,23,Medio,1.0,0,0.9562016711572509,1,Denegar/Revisar,Muy alto
CLI-107664,Lima,5669.46,562.4,647,0,34,49,Alto,2.0,0,0.09041721758111267,0,Aprobar,Bajo
CLI-107665,Lima,3682.01,854.35,845,0,51,251,Alto,2.0,1,0.02550272258058745,0,Aprobar,Bajo
CLI-107666,Piura,6551.74,540.64,921,0,39,78,Alto,2.0,0,0.006131093664552286,0,Aprobar,Bajo
CLI-107667,Arequipa,1025.0,26.39,146,1,30,104,Bajo,0.0,1,0.9662935744912267,1,Denegar/Revisar,Muy alto
CLI-107668,Loreto,3118.87,4337.82,604,0,49,62,Alto,2.0,0,0.3737843958830331,1,Denegar/Revisar,Medio
CLI-107669,Lima,1025.0,1263.47,214,1,62,132,Bajo,0.0,1,0.9516224783423303,1,Denegar/Revisar,Muy alto
CLI-107670,Arequipa,3705.05,647.58,515,0,41,101,Medio,1.0,1,0.34639030238992413,1,Denegar/Revisar,Medio
CLI-107671,Piura,5358.49,1542.49,866,0,53,260,Medio,1.0,1,0.015948608205969276,0,Aprobar,Bajo
CLI-107672,Loreto,2902.18,2765.27,322,1,50,73,Bajo,0.0,1,0.8638418058041907,1,Denegar/Revisar,Muy alto
CLI-107673,Piura,3258.35,2799.98,735,0,32,34,Alto,2.0,0,0.10889824704861628,0,Aprobar,Bajo
CLI-107674,Piura,1664.57,1830.38,602,1,38,136,Medio,1.0,1,0.3256749012320813,1,Denegar/Revisar,Medio
CLI-107675,Piura,6564.0,2732.25,771,0,26,31,Alto,2.0,0,0.03837900561269977,0,Aprobar,Bajo
CLI-107676,Arequipa,2856.38,2229.86,195,1,36,83,Alto,2.0,0,0.9496215440103801,1,Denegar/Revisar,Muy alto
CLI-107677,Cusco,2233.79,6918.86,206,1,32,64,Alto,2.0,0,0.981440252946624,1,Denegar/Revisar,Muy alto
CLI-107678,Lima,6305.8,120.25,731,0,36,121,Alto,2.0,0,0.03430430141629327,0,Aprobar,Bajo
CLI-107679,Lima,3655.12,8100.73,712,0,31,77,Medio,1.0,0,0.28958643026021874,1,Denegar/Revisar,Medio
CLI-107680,Cusco,2562.46,1118.41,714,0,35,98,Bajo,0.0,1,0.10922385352614103,0,Aprobar,Bajo
CLI-107681,Piura,3660.39,5117.4,777,0,45,197,Medio,1.0,1,0.10541933169520629,0,Aprobar,Bajo
CLI-107682,Piura,2808.14,2077.04,797,0,37,107,Alto,2.0,0,0.06111902217581286,0,Aprobar,Bajo
CLI-107683,Lima,1162.96,1394.45,131,1,18,1,Alto,2.0,0,0.9770987037134923,1,Denegar/Revisar,Muy alto
CLI-107684,Lima,2643.85,3821.66,592,0,30,47,Medio,1.0,0,0.39157209102692403,1,Denegar/Revisar,Medio
CLI-107685,Arequipa,6452.43,5859.35,165,1,23,10,Alto,2.0,0,0.9589081900075779,1,Denegar/Revisar,Muy alto
CLI-107686,Arequipa,1331.27,2390.89,278,1,41,54,Medio,1.0,0,0.9246521012869278,1,Denegar/Revisar,Muy alto
CLI-107687,Lima,2017.77,2513.59,878,0,44,82,Medio,1.0,1,0.03716169261949652,0,Aprobar,Bajo
CLI-107688,Lima,4001.04,242.64,542,0,42,132,Alto,2.0,0,0.2681665906536703,1,Denegar/Revisar,Medio
CLI-107689,Loreto,3682.05,10307.88,648,0,30,36,Alto,2.0,0,0.5501642545853968,1,Denegar/Revisar,Alto
CLI-107690,Lima,4090.06,7506.57,300,1,42,72,Alto,2.0,0,0.9415638183995972,1,Denegar/Revisar,Muy alto
CLI-107691,Loreto,3606.87,2029.94,969,0,34,9,Alto,2.0,0,0.010553776497688176,0,Aprobar,Bajo
CLI-107692,Lima,1493.23,5791.84,148,1,26,25,Alto,2.0,0,0.9884099158438281,1,Denegar/Revisar,Muy alto
CLI-107693,Piura,6782.58,1503.31,886,0,48,136,Medio,1.0,1,0.009483743463002724,0,Aprobar,Bajo
CLI-107694,Cusco,1640.47,5243.59,779,0,47,174,Bajo,0.0,1,0.16474587502258842,0,Aprobar,Bajo
CLI-107695,Arequipa,3764.9,2908.4,362,1,49,147,Medio,1.0,1,0.7796957155013422,1,Denegar/Revisar,Muy alto
CLI-107696,Lima,3999.45,2470.43,232,1,32,43,Alto,2.0,0,0.9148987804036534,1,Denegar/Revisar,Muy alto
CLI-107697,Arequipa,5550.55,232.73,909,0,53,260,Medio,1.0,1,0.007791867003151282,0,Aprobar,Bajo
CLI-107698,Lima,2930.93,12653.938750000001,443,1,33,159,Alto,2.0,0,0.939625119890305,1,Denegar/Revisar,Muy alto
CLI-107699,Lima,1177.67,7266.07,275,1,45,194,Bajo,0.0,1,0.9743976618530259,1,Denegar/Revisar,Muy alto
CLI-107700,Cusco,5729.27,6307.65,490,0,34,117,Alto,2.0,0,0.5899311251866328,1,Denegar/Revisar,Alto
CLI-107701,Arequipa,2051.68,1454.89,110,1,36,17,Medio,1.0,0,0.9763036632064209,1,Denegar/Revisar,Muy alto
CLI-107702,Piura,5395.0,1367.65,300,1,18,1,Alto,2.0,0,0.7650116577233693,1,Denegar/Revisar,Muy alto
CLI-107703,Lima,4868.11,3405.69,908,0,36,68,Alto,2.0,0,0.018513813622857027,0,Aprobar,Bajo
CLI-107704,Lima,1978.11,7489.01,102,1,39,104,Medio,1.0,0,0.9938485068086464,1,Denegar/Revisar,Muy alto
CLI-107705,Lima,3716.16,10910.67,313,1,35,69,Alto,2.0,0,0.9696256778166089,1,Denegar/Revisar,Muy alto
CLI-107706,Piura,6040.2,1252.98,907,0,59,274,Bajo,0.0,1,0.00912323919284873,0,Aprobar,Bajo
CLI-107707,Arequipa,3435.13,3740.01,406,0,26,49,Alto,2.0,0,0.7580031703142607,1,Denegar/Revisar,Muy alto
CLI-107708,Piura,2679.63,5148.01,643,0,32,98,Medio,1.0,0,0.3435914741578586,1,Denegar/Revisar,Medio
CLI-107709,Loreto,1136.67,1026.76,659,0,28,8,Alto,2.0,0,0.21904207726053646,1,Denegar/Revisar,Bajo
CLI-107710,Lima,2715.61,2093.41,426,1,32,66,Medio,1.0,0,0.675876025732838,1,Denegar/Revisar,Alto
CLI-107711,Lima,5437.46,830.43,863,0,51,118,Alto,2.0,1,0.01442329770856437,0,Aprobar,Bajo
CLI-107712,Lima,1580.5,4801.32,298,1,54,177,Bajo,0.0,1,0.9431807534453682,1,Denegar/Revisar,Muy alto
CLI-107713,Lima,4921.74,7974.09,700,1,32,78,Medio,1.0,0,0.24871512407921875,1,Denegar/Revisar,Bajo
CLI-107714,Lima,2958.3,8399.7,208,1,31,53,Alto,2.0,0,0.9835990538392512,1,Denegar/Revisar,Muy alto
CLI-107715,Cusco,4398.24,4435.73,390,0,27,23,Medio,1.0,0,0.7643751712705644,1,Denegar/Revisar,Muy alto
CLI-107716,Lima,1025.0,1705.65,207,1,52,93,Bajo,0.0,1,0.9584404950170825,1,Denegar/Revisar,Muy alto
CLI-107717,Cusco,1383.5,4327.5,507,0,50,185,Medio,1.0,1,0.6804728794280733,1,Denegar/Revisar,Alto
CLI-107718,Lima,3108.1,7988.25,651,0,38,168,Medio,1.0,1,0.4447311027957406,1,Denegar/Revisar,Medio
CLI-107719,Cusco,5601.41,3932.46,151,1,24,42,Alto,2.0,0,0.9557169615223186,1,Denegar/Revisar,Muy alto
CLI-107720,Piura,1790.6,2130.19,211,1,24,33,Alto,2.0,0,0.9531429290472208,1,Denegar/Revisar,Muy alto
CLI-107721,Cusco,3097.83,10093.06,394,0,41,185,Alto,2.0,0,0.9354913774089754,1,Denegar/Revisar,Muy alto
CLI-107722,Lima,3655.12,7212.49,679,1,45,58,Medio,1.0,1,0.31531040140957317,1,Denegar/Revisar,Medio
CLI-107723,Arequipa,3718.96,8563.06,288,1,18,0,Alto,2.0,0,0.9608870603706892,1,Denegar/Revisar,Muy alto
CLI-107724,Cusco,5675.45,9340.1,943,0,36,46,Alto,2.0,0,0.03794415003703881,0,Aprobar,Bajo
CLI-107725,Lima,3176.51,2002.26,820,0,57,73,Medio,1.0,1,0.043630898954972255,0,Aprobar,Bajo
CLI-107726,Lima,4596.48,7854.15,164,1,37,144,Alto,2.0,0,0.9822122732646291,1,Denegar/Revisar,Muy alto
CLI-107727,Lima,5843.09,3379.13,673,0,56,280,Alto,2.0,1,0.11942452433172841,0,Aprobar,Bajo
CLI-107728,Cusco,4380.4,155.62,564,1,46,153,Medio,1.0,1,0.20501966838374966,1,Denegar/Revisar,Bajo
CLI-107729,Piura,3085.03,12653.938750000001,357,1,27,52,Medio,1.0,0,0.9700384966111585,1,Denegar/Revisar,Muy alto
CLI-107730,Piura,4829.14,2544.19,745,0,36,85,Medio,1.0,0,0.06581388281468262,0,Aprobar,Bajo
CLI-107731,Lima,1527.47,1287.19,733,0,37,123,Alto,2.0,0,0.11908484418065743,0,Aprobar,Bajo
CLI-107732,Lima,4992.95,12653.938750000001,430,1,29,84,Medio,1.0,0,0.9129263441594068,1,Denegar/Revisar,Muy alto
CLI-107733,Loreto,2426.32,226.58,600,0,28,53,Bajo,0.0,0,0.23397054032578227,1,Denegar/Revisar,Bajo
CLI-107734,Lima,3646.1,11666.01,782,0,56,141,Medio,1.0,1,0.3102338385350692,1,Denegar/Revisar,Medio
CLI-107735,Piura,5094.33,693.92,309,1,29,44,Alto,2.0,0,0.735636961605971,1,Denegar/Revisar,Alto
CLI-107736,Cusco,5960.34,1892.76,907,0,52,113,Alto,2.0,1,0.010622283831981586,0,Aprobar,Bajo
CLI-107737,Lima,1025.0,2159.89,188,1,33,55,Alto,2.0,0,0.9680881799871472,1,Denegar/Revisar,Muy alto
CLI-107738,Arequipa,2635.01,5252.48,778,0,38,159,Alto,2.0,0,0.13671472307146376,0,Aprobar,Bajo
CLI-107739,Lima,3714.17,971.39,127,1,45,225,Medio,1.0,1,0.9556848858858515,1,Denegar/Revisar,Muy alto
CLI-107740,Piura,1025.0,12653.938750000001,337,1,31,115,Alto,2.0,0,0.9849547965970918,1,Denegar/Revisar,Muy alto
CLI-107741,Lima,5499.02,5529.4,435,1,46,183,Medio,1.0,1,0.6748532086957961,1,Denegar/Revisar,Alto
CLI-107742,Arequipa,3000.89,6241.69,162,1,18,0,Alto,2.0,0,0.9830397384089802,1,Denegar/Revisar,Muy alto
CLI-107743,Lima,6351.38,450.12,866,0,45,64,Medio,1.0,1,0.010116780082415488,0,Aprobar,Bajo
CLI-107744,Lima,2686.67,2587.44,652,1,18,0,Alto,2.0,0,0.22519168333823217,1,Denegar/Revisar,Bajo
CLI-107745,Piura,2713.74,11646.25,599,1,36,77,Alto,2.0,0,0.7628430552109086,1,Denegar/Revisar,Muy alto
CLI-107746,Lima,5331.23,1259.21,640,0,49,248,Bajo,0.0,1,0.11740411910918397,0,Aprobar,Bajo
CLI-107747,Arequipa,3638.81,628.41,890,0,46,151,Bajo,0.0,1,0.01625498918562098,0,Aprobar,Bajo
CLI-107748,Lima,1774.62,2657.42,568,0,24,21,Alto,2.0,0,0.4449101751685592,1,Denegar/Revisar,Medio
CLI-107749,Arequipa,3638.81,10659.56,691,0,26,64,Alto,2.0,0,0.4705989615164467,1,Denegar/Revisar,Medio
CLI-107750,Lima,1025.0,2668.29,150,1,30,27,Alto,2.0,0,0.9796912687136042,1,Denegar/Revisar,Muy alto
CLI-107751,Arequipa,5085.2,2075.66,211,1,42,196,Medio,1.0,1,0.9000857854642368,1,Denegar/Revisar,Muy alto
CLI-107752,Lima,4720.31,4202.4,972,0,18,0,Alto,2.0,0,0.012513221414913008,0,Aprobar,Bajo
CLI-107753,Lima,3655.12,11051.12,400,0,39,195,Alto,2.0,0,0.9364935625271976,1,Denegar/Revisar,Muy alto
CLI-107754,Lima,4595.78,201.21,189,1,43,59,Alto,2.0,0,0.8966690288496248,1,Denegar/Revisar,Muy alto
CLI-107755,Arequipa,4900.18,666.09,328,1,36,61,Alto,2.0,0,0.7077229455046431,1,Denegar/Revisar,Alto
CLI-107756,Lima,3003.6,569.73,249,1,45,147,Bajo,0.0,1,0.8854592900686505,1,Denegar/Revisar,Muy alto
CLI-107757,Loreto,7621.11,356.78,854,0,43,198,Alto,2.0,1,0.008605755099162204,0,Aprobar,Bajo
CLI-107758,Loreto,6352.52,1438.75,237,1,34,47,Alto,2.0,0,0.8269524085990362,1,Denegar/Revisar,Muy alto
CLI-107759,Lima,3655.12,1041.87,234,1,18,0,Alto,2.0,0,0.8942037222608559,1,Denegar/Revisar,Muy alto
CLI-107760,Piura,5210.11,3182.41,556,0,41,119,Medio,1.0,1,0.30291014508183073,1,Denegar/Revisar,Medio
CLI-107761,Lima,5863.21,1585.76,700,0,29,15,Alto,2.0,0,0.06694598400382863,0,Aprobar,Bajo
CLI-107762,Lima,1983.61,2078.17,593,0,32,26,Alto,2.0,0,0.34828118658533785,1,Denegar/Revisar,Medio
CLI-107763,Arequipa,4182.07,11379.93,626,0,44,202,Bajo,0.0,1,0.6267008612979134,1,Denegar/Revisar,Alto
CLI-107764,Arequipa,2341.25,676.78,432,1,54,299,Bajo,0.0,1,0.6235812491548454,1,Denegar/Revisar,Alto
CLI-107765,Piura,2187.65,1967.08,461,1,38,45,Medio,1.0,0,0.6230191630901762,1,Denegar/Revisar,Alto
CLI-107766,Lima,3228.41,1188.68,273,1,45,60,Bajo,0.0,1,0.8697310721798444,1,Denegar/Revisar,Muy alto
CLI-107767,Lima,4197.11,3186.62,701,0,23,14,Alto,2.0,0,0.1279425331498422,0,Aprobar,Bajo
CLI-107768,Lima,1025.0,5332.32,312,1,41,207,Medio,1.0,1,0.9468793841599995,1,Denegar/Revisar,Muy alto
CLI-107769,Arequipa,3899.57,6792.81,442,1,38,123,Medio,1.0,1,0.7862564295203032,1,Denegar/Revisar,Muy alto
CLI-107770,Piura,2443.58,2896.87,160,1,52,121,Bajo,0.0,1,0.970729858563644,1,Denegar/Revisar,Muy alto
CLI-107771,Arequipa,3638.81,7721.79,975,0,33,123,Alto,2.0,0,0.03222296403025886,0,Aprobar,Bajo
CLI-107772,Lima,5906.07,6149.87,831,0,37,145,Medio,1.0,1,0.04982989364292389,0,Aprobar,Bajo
CLI-107773,Lima,3655.12,683.17,160,1,51,105,Medio,1.0,1,0.9378691523854926,1,Denegar/Revisar,Muy alto
CLI-107774,Lima,6305.09,1126.42,918,0,39,219,Medio,1.0,1,0.007263301458318771,0,Aprobar,Bajo
CLI-107775,Lima,3655.12,4455.56,777,0,27,25,Alto,2.0,0,0.09634829478880491,0,Aprobar,Bajo
CLI-107776,Lima,3418.58,12653.938750000001,623,1,67,233,Bajo,0.0,1,0.7197446386741557,1,Denegar/Revisar,Alto
CLI-107777,Loreto,3600.67,1887.25,315,1,27,38,Medio,1.0,0,0.8216037953938294,1,Denegar/Revisar,Muy alto
CLI-107778,Loreto,2154.53,1044.46,688,0,38,157,Alto,2.0,0,0.14482856998655325,0,Aprobar,Bajo
CLI-107779,Piura,2359.0,8134.19,843,0,42,74,Bajo,0.0,1,0.1443050690758914,0,Aprobar,Bajo
CLI-107780,Lima,1205.31,10687.61,723,1,41,201,Medio,1.0,1,0.5285158959287831,1,Denegar/Revisar,Alto
CLI-107781,Lima,3885.32,4781.48,677,0,37,12,Medio,1.0,0,0.21024381993071353,1,Denegar/Revisar,Bajo
CLI-107782,Loreto,1025.0,139.4,793,0,36,99,Medio,1.0,0,0.061326093359031504,0,Aprobar,Bajo
CLI-107783,Lima,2244.23,76.65,522,0,36,121,Medio,1.0,0,0.3817302520631615,1,Denegar/Revisar,Medio
CLI-107784,Cusco,3560.7650000000003,2402.76,815,0,27,57,Alto,2.0,0,0.04712973342142578,0,Aprobar,Bajo
CLI-107785,Lima,3655.12,4274.74,522,0,63,147,Bajo,0.0,1,0.5288334424792246,1,Denegar/Revisar,Alto
CLI-107786,Lima,1717.38,614.63,470,1,36,45,Medio,1.0,0,0.560073347766706,1,Denegar/Revisar,Alto
CLI-107787,Cusco,4024.41,5773.7,305,1,46,109,Bajo,0.0,1,0.9154427596305575,1,Denegar/Revisar,Muy alto
CLI-107788,Lima,3655.12,551.24,385,1,35,121,Medio,1.0,0,0.6401026282551309,1,Denegar/Revisar,Alto
CLI-107789,Piura,2133.69,3051.77,204,1,34,81,Alto,2.0,0,0.9605829554674412,1,Denegar/Revisar,Muy alto
CLI-107790,Piura,4438.0,1474.41,853,0,34,104,Medio,1.0,0,0.021856880229206378,0,Aprobar,Bajo
CLI-107791,Lima,3209.73,5581.39,846,0,22,16,Alto,2.0,0,0.07278696913684421,0,Aprobar,Bajo
CLI-107792,Lima,3947.74,6520.95,787,0,37,76,Medio,1.0,0,0.1189421823746633,0,Aprobar,Bajo
CLI-107793,Arequipa,4250.4,273.51,822,0,35,34,Medio,1.0,0,0.023651000634051927,0,Aprobar,Bajo
CLI-107794,Arequipa,5524.87,855.77,642,0,53,302,Alto,2.0,1,0.1028325591936264,0,Aprobar,Bajo
CLI-107795,Lima,6258.24,8926.42,846,0,27,76,Alto,2.0,0,0.07272213393448318,0,Aprobar,Bajo
CLI-107796,Cusco,2284.18,2148.77,341,1,32,145,Bajo,0.0,1,0.8432408223121285,1,Denegar/Revisar,Muy alto
CLI-107797,Lima,3275.09,2590.68,590,1,29,87,Alto,2.0,0,0.31218938201500307,1,Denegar/Revisar,Medio
CLI-107798,Lima,5234.32,735.81,764,0,55,136,Bajo,0.0,1,0.03666703406835091,0,Aprobar,Bajo
CLI-107799,Lima,3842.55,12653.938750000001,807,1,30,69,Alto,2.0,0,0.29291584618958466,1,Denegar/Revisar,Medio
CLI-107800,Lima,3655.12,10258.28,597,1,45,116,Medio,1.0,1,0.6540863389160786,1,Denegar/Revisar,Alto
CLI-107801,Lima,3655.12,8.11,534,0,50,241,Bajo,0.0,1,0.28942900460116255,1,Denegar/Revisar,Medio
CLI-107802,Cusco,5788.78,3200.57,880,0,38,48,Medio,1.0,0,0.017927631690757104,0,Aprobar,Bajo
CLI-107803,Lima,3797.67,8231.26,583,1,24,61,Alto,2.0,0,0.5855769974194315,1,Denegar/Revisar,Alto
CLI-107804,Lima,1846.78,2252.22,546,1,23,43,Medio,1.0,0,0.46115898843141806,1,Denegar/Revisar,Medio
CLI-107805,Lima,3655.12,2296.58,483,1,48,164,Medio,1.0,1,0.5062682816787477,1,Denegar/Revisar,Alto
CLI-107806,Arequipa,2957.07,1907.93,609,0,25,39,Alto,2.0,0,0.2614331580492965,1,Denegar/Revisar,Medio
CLI-107807,Loreto,4203.71,117.01,269,1,44,113,Alto,2.0,0,0.8150968456034318,1,Denegar/Revisar,Muy alto
CLI-107808,Lima,6724.21,6247.99,968,0,41,139,Alto,2.0,0,0.01256935954548175,0,Aprobar,Bajo
CLI-107809,Lima,5674.45,2441.0,422,0,44,165,Medio,1.0,1,0.5397254631194127,1,Denegar/Revisar,Alto
CLI-107810,Lima,5722.29,3029.17,947,0,45,104,Medio,1.0,1,0.009446598612258215,0,Aprobar,Bajo
CLI-107811,Lima,2243.83,1181.16,573,0,28,25,Medio,1.0,0,0.3257905978283132,1,Denegar/Revisar,Medio
CLI-107812,Lima,3655.12,6132.1,331,1,28,45,Medio,1.0,0,0.9055928728204524,1,Denegar/Revisar,Muy alto
CLI-107813,Lima,4729.78,6314.64,795,0,47,168,Bajo,0.0,1,0.09414136160272651,0,Aprobar,Bajo
CLI-107814,Lima,2178.83,3220.08,458,1,31,56,Alto,2.0,0,0.6975525698339511,1,Denegar/Revisar,Alto
CLI-107815,Piura,4540.89,9399.88,374,1,18,0,Alto,2.0,0,0.9153398364615598,1,Denegar/Revisar,Muy alto
CLI-107816,Lima,3655.12,492.67,131,1,46,102,Medio,1.0,1,0.9500827445427426,1,Denegar/Revisar,Muy alto
CLI-107817,Cusco,1025.0,6178.85,276,1,27,15,Alto,2.0,0,0.9687980552070997,1,Denegar/Revisar,Muy alto
CLI-107818,Cusco,1357.57,3271.07,164,1,43,78,Bajo,0.0,1,0.978011083547455,1,Denegar/Revisar,Muy alto
CLI-107819,Piura,4020.01,1050.73,809,0,54,134,Alto,2.0,1,0.03414548973236693,0,Aprobar,Bajo
CLI-107820,Lima,2594.86,567.65,126,1,39,122,Bajo,0.0,1,0.9642027062316485,1,Denegar/Revisar,Muy alto
CLI-107821,Lima,2426.57,1432.46,762,0,49,94,Bajo,0.0,1,0.07935664007883643,0,Aprobar,Bajo
CLI-107822,Lima,3655.12,7760.55,914,0,41,97,Medio,1.0,1,0.05395340589211602,0,Aprobar,Bajo
CLI-107823,Arequipa,4435.65,6197.5,578,0,57,309,Medio,1.0,1,0.44437944578857164,1,Denegar/Revisar,Medio
CLI-107824,Lima,1080.36,4144.04,367,1,26,67,Alto,2.0,0,0.894669196743606,1,Denegar/Revisar,Muy alto
CLI-107825,Loreto,7842.08,378.68,696,0,41,172,Alto,2.0,0,0.035190568852962255,0,Aprobar,Bajo
CLI-107826,Cusco,1025.0,12389.35,165,1,45,116,Bajo,0.0,1,0.9969465346601881,1,Denegar/Revisar,Muy alto
CLI-107827,Lima,2277.38,1457.91,232,1,36,44,Bajo,0.0,1,0.928291424105348,1,Denegar/Revisar,Muy alto
CLI-107828,Piura,3993.11,3735.78,465,1,52,225,Bajo,0.0,1,0.6125213911274732,1,Denegar/Revisar,Alto
CLI-107829,Lima,2180.17,6500.28,181,1,34,22,Medio,1.0,0,0.9835057086593507,1,Denegar/Revisar,Muy alto
CLI-107830,Lima,6665.41,570.2,992,0,63,375,Bajo,0.0,1,0.003096419008493946,0,Aprobar,Bajo
CLI-107831,Lima,4097.07,4224.47,930,0,63,198,Medio,1.0,1,0.020560983826018824,0,Aprobar,Bajo
CLI-107832,Lima,1971.42,131.32,427,1,41,185,Medio,1.0,1,0.618649804951781,1,Denegar/Revisar,Alto
CLI-107833,Loreto,3815.78,429.4,197,1,45,54,Medio,1.0,1,0.9069038067840706,1,Denegar/Revisar,Muy alto
CLI-107834,Lima,1025.0,5137.03,684,0,51,166,Medio,1.0,1,0.34291726768630015,1,Denegar/Revisar,Medio
CLI-107835,Lima,4152.73,674.06,426,1,26,56,Alto,2.0,0,0.5349797571431806,1,Denegar/Revisar,Alto
CLI-107836,Piura,5716.89,2344.4,641,0,25,16,Alto,2.0,0,0.1315938390547024,0,Aprobar,Bajo
CLI-107837,Arequipa,1025.0,1141.85,224,1,52,224,Alto,2.0,1,0.9458148534141013,1,Denegar/Revisar,Muy alto
CLI-107838,Lima,2512.0,2187.4,309,1,42,51,Medio,1.0,0,0.8698395900616493,1,Denegar/Revisar,Muy alto
CLI-107839,Loreto,1796.73,321.46,883,0,36,105,Medio,1.0,0,0.02381894536464692,0,Aprobar,Bajo
CLI-107840,Piura,4167.69,5624.36,824,0,39,24,Medio,1.0,0,0.06978721739846548,0,Aprobar,Bajo
CLI-107841,Lima,6329.28,329.36,232,1,18,1,Alto,2.0,0,0.7993425709981142,1,Denegar/Revisar,Muy alto
CLI-107842,Lima,4047.91,7278.53,602,1,37,126,Alto,2.0,0,0.4770673357766276,1,Denegar/Revisar,Medio
CLI-107843,Lima,2684.11,4346.05,256,1,30,36,Medio,1.0,0,0.9433564573286845,1,Denegar/Revisar,Muy alto
CLI-107844,Loreto,1025.0,2155.43,658,0,48,128,Bajo,0.0,1,0.26941242689823447,1,Denegar/Revisar,Medio
CLI-107845,Piura,2776.82,8054.21,968,0,50,108,Alto,2.0,0,0.04451316607261703,0,Aprobar,Bajo
CLI-107846,Loreto,3600.67,823.82,974,0,45,135,Bajo,0.0,1,0.007838469155345957,0,Aprobar,Bajo
CLI-107847,Lima,3601.74,1229.17,481,1,43,63,Alto,2.0,0,0.46736744914776474,1,Denegar/Revisar,Medio
CLI-107848,Lima,3655.12,589.94,121,0,23,35,Alto,2.0,0,0.9568521355553355,1,Denegar/Revisar,Muy alto
CLI-107849,Lima,5040.14,1922.28,694,0,46,158,Medio,1.0,1,0.08669136544513778,0,Aprobar,Bajo
CLI-107850,Lima,2177.5,12653.938750000001,518,1,45,216,Medio,1.0,1,0.8982278241368795,1,Denegar/Revisar,Muy alto
CLI-107851,Arequipa,3702.13,702.31,571,0,53,90,Medio,1.0,1,0.24084774786257765,1,Denegar/Revisar,Bajo
CLI-107852,Arequipa,2421.54,7110.87,333,1,62,307,Bajo,0.0,1,0.9412345860119625,1,Denegar/Revisar,Muy alto
CLI-107853,Lima,2434.48,4220.83,671,0,20,9,Alto,2.0,0,0.2668950482835623,1,Denegar/Revisar,Medio
CLI-107854,Lima,2298.21,63.76,553,0,34,103,Medio,1.0,0,0.3125412155700355,1,Denegar/Revisar,Medio
CLI-107855,Lima,4909.3,11593.71,799,0,31,133,Medio,1.0,0,0.21979086962823788,1,Denegar/Revisar,Bajo
CLI-107856,Lima,1025.0,12653.938750000001,669,0,40,158,Bajo,0.0,1,0.7440424590737131,1,Denegar/Revisar,Alto
CLI-107857,Lima,1457.39,10355.78,870,1,38,26,Medio,1.0,0,0.19887002023672265,0,Aprobar,Bajo
CLI-107858,Lima,7772.79,2786.53,261,1,38,11,Alto,2.0,0,0.7848417981604277,1,Denegar/Revisar,Muy alto
CLI-107859,Lima,2303.24,995.77,400,1,50,179,Bajo,0.0,1,0.7070606317563582,1,Denegar/Revisar,Alto
CLI-107860,Lima,5513.3,1985.49,405,1,28,35,Medio,1.0,0,0.5646138795444101,1,Denegar/Revisar,Alto
CLI-107861,Lima,2605.01,3809.66,101,1,27,16,Alto,2.0,0,0.9853745871230123,1,Denegar/Revisar,Muy alto
CLI-107862,Lima,2397.64,1904.64,370,1,27,75,Alto,2.0,0,0.7912724155828458,1,Denegar/Revisar,Muy alto
CLI-107863,Piura,4525.8,4926.36,520,1,35,89,Medio,1.0,0,0.5078291040410113,1,Denegar/Revisar,Alto
CLI-107864,Lima,3104.89,6350.23,242,1,25,27,Alto,2.0,0,0.9647055194724873,1,Denegar/Revisar,Muy alto
CLI-107865,Cusco,3829.39,939.82,799,0,39,70,Bajo,0.0,1,0.03813415387915509,0,Aprobar,Bajo
CLI-107866,Lima,4360.01,2076.38,963,0,37,39,Alto,2.0,0,0.00947733884486421,0,Aprobar,Bajo
CLI-107867,Lima,3655.12,12653.938750000001,952,0,30,56,Medio,1.0,0,0.09652187816545896,0,Aprobar,Bajo
CLI-107868,Lima,3137.69,1149.7,835,0,48,135,Medio,1.0,1,0.03232260787730546,0,Aprobar,Bajo
CLI-107869,Lima,3733.21,1701.33,978,0,38,154,Medio,1.0,1,0.00847363262376166,0,Aprobar,Bajo
CLI-107870,Loreto,2615.7,145.25,791,0,50,192,Bajo,0.0,1,0.04569946300208476,0,Aprobar,Bajo
CLI-107871,Lima,1956.82,1616.06,634,0,36,136,Medio,1.0,1,0.24212282009744712,1,Denegar/Revisar,Bajo
CLI-107872,Cusco,7207.13,1854.06,966,0,40,99,Medio,1.0,1,0.004392051052565309,0,Aprobar,Bajo
CLI-107873,Loreto,1412.62,420.71,136,1,32,68,Alto,2.0,0,0.9690192496149345,1,Denegar/Revisar,Muy alto
CLI-107874,Piura,4409.89,5.77,206,1,39,75,Alto,2.0,0,0.8811258450427142,1,Denegar/Revisar,Muy alto
CLI-107875,Piura,2758.26,3426.48,396,1,46,69,Medio,1.0,1,0.7837980029393452,1,Denegar/Revisar,Muy alto
CLI-107876,Arequipa,4990.71,1435.43,840,0,35,29,Medio,1.0,0,0.021548333556962902,0,Aprobar,Bajo
CLI-107877,Lima,4345.12,71.94,924,0,45,170,Medio,1.0,1,0.00864740100652037,0,Aprobar,Bajo
CLI-107878,Piura,1025.0,7862.86,196,1,29,70,Alto,2.0,0,0.989456894527257,1,Denegar/Revisar,Muy alto
CLI-107879,Lima,3303.42,3512.22,380,0,47,214,Alto,2.0,1,0.7970765627572283,1,Denegar/Revisar,Muy alto
CLI-107880,Lima,3826.59,750.95,209,1,33,64,Medio,1.0,0,0.9028439188353704,1,Denegar/Revisar,Muy alto
CLI-107881,Lima,2363.53,8017.24,648,0,48,189,Medio,1.0,1,0.49626352983073624,1,Denegar/Revisar,Medio
CLI-107882,Piura,7284.57,1169.9,651,0,41,170,Bajo,0.0,1,0.06961922376752243,0,Aprobar,Bajo
CLI-107883,Loreto,3600.67,1032.21,696,0,56,112,Medio,1.0,1,0.09731386154246847,0,Aprobar,Bajo
CLI-107884,Lima,5557.45,9001.26,913,0,27,65,Medio,1.0,0,0.04590492425773658,0,Aprobar,Bajo
CLI-107885,Loreto,4464.76,791.16,287,1,23,13,Alto,2.0,0,0.8016144016642427,1,Denegar/Revisar,Muy alto
CLI-107886,Lima,1025.0,8447.39,851,0,31,37,Medio,1.0,0,0.17978177397927753,0,Aprobar,Bajo
CLI-107887,Lima,5495.3,6497.66,969,0,25,49,Alto,2.0,0,0.017372536304136932,0,Aprobar,Bajo
CLI-107888,Lima,7088.12,1482.97,587,0,25,44,Alto,2.0,0,0.13233411756826058,0,Aprobar,Bajo
CLI-107889,Lima,4545.12,140.01,453,1,46,99,Medio,1.0,1,0.4120606892349917,1,Denegar/Revisar,Medio
CLI-107890,Lima,2341.81,344.73,118,1,38,32,Medio,1.0,0,0.9658298153281447,1,Denegar/Revisar,Muy alto
CLI-107891,Piura,2743.02,464.02,958,0,33,18,Alto,2.0,0,0.01027491232697504,0,Aprobar,Bajo
CLI-107892,Loreto,1666.22,8858.25,492,1,34,92,Alto,2.0,0,0.8613284064376848,1,Denegar/Revisar,Muy alto
CLI-107893,Lima,2374.1,2070.3,936,0,32,37,Alto,2.0,0,0.0191425261221809,0,Aprobar,Bajo
CLI-107894,Lima,2619.35,132.28,360,1,57,152,Medio,1.0,1,0.7235611589970533,1,Denegar/Revisar,Alto
CLI-107895,Loreto,1915.8,3252.67,509,0,30,128,Alto,2.0,0,0.6047179122949501,1,Denegar/Revisar,Alto
CLI-107896,Arequipa,3276.04,932.74,502,0,24,8,Medio,1.0,0,0.41260111890855217,1,Denegar/Revisar,Medio
CLI-107897,Lima,4343.91,1072.18,769,0,48,88,Alto,2.0,0,0.04574814947542148,0,Aprobar,Bajo
CLI-107898,Lima,1086.24,701.42,583,0,36,106,Bajo,0.0,1,0.3508474483754177,1,Denegar/Revisar,Medio
CLI-107899,Loreto,3600.67,5742.3,403,1,61,247,Medio,1.0,1,0.8199287704829722,1,Denegar/Revisar,Muy alto
CLI-107900,Piura,3077.43,2.45,723,0,33,58,Alto,2.0,0,0.07321706844288477,0,Aprobar,Bajo
CLI-107901,Lima,3099.11,2312.02,755,0,48,33,Bajo,0.0,1,0.08660888016772138,0,Aprobar,Bajo
CLI-107902,Lima,4260.87,363.51,867,0,51,143,Medio,1.0,1,0.015891109103435552,0,Aprobar,Bajo
CLI-107903,Loreto,3600.67,3215.19,117,1,33,118,Medio,1.0,0,0.9750376136117553,1,Denegar/Revisar,Muy alto
CLI-107904,Lima,2429.56,1698.54,283,1,30,56,Medio,1.0,0,0.8868873092884025,1,Denegar/Revisar,Muy alto
CLI-107905,Cusco,2499.31,115.04,504,0,47,48,Medio,1.0,1,0.40988596504811625,1,Denegar/Revisar,Medio
CLI-107906,Lima,4265.08,2471.97,898,0,46,85,Medio,1.0,1,0.018478706244476117,0,Aprobar,Bajo
CLI-107907,Arequipa,6655.44,3381.33,996,0,25,55,Alto,2.0,0,0.0053999660192572164,0,Aprobar,Bajo
CLI-107908,Lima,1025.0,1138.24,230,1,26,74,Bajo,0.0,0,0.9428157514040381,1,Denegar/Revisar,Muy alto
CLI-107909,Lima,5353.53,5801.4,578,0,18,0,Alto,2.0,0,0.38188350720173414,1,Denegar/Revisar,Medio
CLI-107910,Loreto,1833.5,1854.81,892,0,45,120,Medio,1.0,1,0.02981990452172308,0,Aprobar,Bajo
CLI-107911,Lima,4754.75,5534.74,856,0,37,131,Alto,2.0,0,0.04711886662016193,0,Aprobar,Bajo
CLI-107912,Piura,4288.42,3460.64,107,1,37,60,Alto,2.0,0,0.9756279895074668,1,Denegar/Revisar,Muy alto
CLI-107913,Lima,2122.74,8137.97,804,0,20,13,Alto,2.0,0,0.2044826205437517,1,Denegar/Revisar,Bajo
CLI-107914,Lima,3860.14,3166.79,417,1,27,26,Alto,2.0,0,0.6940022334685834,1,Denegar/Revisar,Alto
CLI-107915,Lima,1910.63,821.35,490,1,33,40,Alto,2.0,0,0.5227690543055725,1,Denegar/Revisar,Alto
CLI-107916,Arequipa,5491.47,6917.19,618,0,32,16,Alto,2.0,0,0.342276545581281,1,Denegar/Revisar,Medio
CLI-107917,Lima,1025.0,6112.08,235,0,39,144,Bajo,0.0,1,0.9782487066286246,1,Denegar/Revisar,Muy alto
CLI-107918,Lima,2421.29,12653.938750000001,630,1,45,117,Medio,1.0,1,0.7446843114039496,1,Denegar/Revisar,Alto
CLI-107919,Lima,4197.07,393.02,750,0,64,239,Alto,2.0,1,0.04885102487488843,0,Aprobar,Bajo
CLI-107920,Piura,4499.21,3578.42,466,0,39,159,Alto,2.0,0,0.5739226377795834,1,Denegar/Revisar,Alto
CLI-107921,Arequipa,3815.08,2706.49,588,0,51,76,Bajo,0.0,1,0.29484146671157535,1,Denegar/Revisar,Medio
CLI-107922,Lima,4818.71,4445.24,788,0,30,22,Alto,2.0,0,0.06825266101095433,0,Aprobar,Bajo
CLI-107923,Lima,1896.18,12653.938750000001,110,1,20,19,Alto,2.0,0,0.997781812767148,1,Denegar/Revisar,Muy alto
CLI-107924,Cusco,2167.34,3039.47,652,0,35,72,Alto,2.0,0,0.26508679697188503,1,Denegar/Revisar,Medio
CLI-107925,Lima,5786.92,4630.12,545,0,22,20,Alto,2.0,0,0.3728722135038152,1,Denegar/Revisar,Medio
CLI-107926,Loreto,3674.15,1706.02,213,1,39,115,Alto,2.0,0,0.9218144922700884,1,Denegar/Revisar,Muy alto
CLI-107927,Loreto,3350.4,1420.82,791,0,30,13,Alto,2.0,0,0.050211672725150196,0,Aprobar,Bajo
CLI-107928,Arequipa,1629.37,1633.66,805,0,18,1,Alto,2.0,0,0.06741934425474994,0,Aprobar,Bajo
CLI-107929,Lima,4924.76,157.49,295,0,59,293,Bajo,0.0,1,0.7466466383009002,1,Denegar/Revisar,Alto
CLI-107930,Loreto,3600.67,1340.44,959,0,33,46,Medio,1.0,0,0.009665216834095942,0,Aprobar,Bajo
CLI-107931,Arequipa,3845.8,759.54,836,0,21,13,Medio,1.0,0,0.025204130614185406,0,Aprobar,Bajo
CLI-107932,Piura,3393.08,2445.74,942,0,49,181,Alto,2.0,1,0.015520384983411031,0,Aprobar,Bajo
CLI-107933,Lima,2955.06,2470.86,422,1,31,64,Medio,1.0,0,0.689237410750353,1,Denegar/Revisar,Alto
CLI-107934,Lima,3927.82,5796.59,872,1,51,218,Medio,1.0,1,0.04982108528184561,0,Aprobar,Bajo
CLI-107935,Lima,4876.31,2790.96,611,0,31,61,Medio,1.0,0,0.2051129815282491,1,Denegar/Revisar,Bajo
CLI-107936,Piura,2247.21,2487.64,727,0,32,48,Bajo,0.0,0,0.13489755654877897,0,Aprobar,Bajo
CLI-107937,Piura,3146.59,1053.92,761,0,43,99,Medio,1.0,1,0.061385009083156826,0,Aprobar,Bajo
CLI-107938,Lima,3682.5,7655.17,729,0,46,145,Medio,1.0,1,0.23915506064493708,1,Denegar/Revisar,Bajo
CLI-107939,Lima,3415.59,381.64,264,1,47,136,Medio,1.0,1,0.8494967320760732,1,Denegar/Revisar,Muy alto
CLI-107940,Lima,4501.57,12653.938750000001,351,1,38,80,Alto,2.0,0,0.9624386077182477,1,Denegar/Revisar,Muy alto
CLI-107941,Piura,4722.47,2585.63,878,0,45,199,Bajo,0.0,1,0.02127923355108238,0,Aprobar,Bajo
CLI-107942,Cusco,5414.16,823.12,143,1,48,27,Alto,2.0,0,0.9264714562026192,1,Denegar/Revisar,Muy alto
CLI-107943,Lima,2150.68,1749.85,569,1,41,91,Medio,1.0,1,0.36631725953495947,1,Denegar/Revisar,Medio
CLI-107944,Lima,5868.45,61.96,588,0,38,74,Medio,1.0,0,0.12505336258429187,0,Aprobar,Bajo
CLI-107945,Lima,1629.19,728.6,280,1,22,21,Alto,2.0,0,0.8915663280334862,1,Denegar/Revisar,Muy alto
CLI-107946,Piura,2259.04,1633.92,176,1,45,82,Alto,2.0,0,0.9580125731572966,1,Denegar/Revisar,Muy alto
CLI-107947,Arequipa,4026.83,3233.47,473,0,40,64,Medio,1.0,0,0.5573683355198882,1,Denegar/Revisar,Alto
CLI-107948,Cusco,5720.81,554.66,727,0,35,61,Medio,1.0,0,0.04265358471920682,0,Aprobar,Bajo
CLI-107949,Lima,2241.52,4507.59,166,1,52,125,Bajo,0.0,1,0.9787982563957642,1,Denegar/Revisar,Muy alto
CLI-107950,Cusco,4336.77,7438.69,624,1,24,31,Medio,1.0,0,0.40857451978214765,1,Denegar/Revisar,Medio
CLI-107951,Lima,2408.56,3397.7,191,1,57,138,Bajo,0.0,1,0.9652620657661053,1,Denegar/Revisar,Muy alto
CLI-107952,Piura,1025.0,1409.03,857,0,38,91,Alto,2.0,0,0.046440568144945495,0,Aprobar,Bajo
CLI-107953,Lima,4198.35,517.67,878,0,43,102,Medio,1.0,1,0.015036814686111198,0,Aprobar,Bajo
CLI-107954,Loreto,3600.67,62.63,750,0,35,161,Medio,1.0,1,0.05027035395383145,0,Aprobar,Bajo
CLI-107955,Piura,3660.39,5264.12,952,0,21,10,Alto,2.0,0,0.023878842246902416,0,Aprobar,Bajo
CLI-107956,Arequipa,5103.61,3960.6,343,0,38,82,Medio,1.0,0,0.7947343382603942,1,Denegar/Revisar,Muy alto
CLI-107957,Loreto,2126.0,2587.22,440,0,42,68,Alto,2.0,0,0.707471258167803,1,Denegar/Revisar,Alto
CLI-107958,Lima,2783.46,430.32,884,0,46,27,Medio,1.0,0,0.019293197800170362,0,Aprobar,Bajo
CLI-107959,Lima,2362.53,927.86,403,1,36,16,Alto,2.0,0,0.6952773399803032,1,Denegar/Revisar,Alto
CLI-107960,Loreto,4292.59,6753.33,497,1,18,0,Alto,2.0,0,0.6738183170420458,1,Denegar/Revisar,Alto
CLI-107961,Lima,3655.12,2614.56,802,0,22,14,Alto,2.0,0,0.05407513988258358,0,Aprobar,Bajo
CLI-107962,Lima,8706.08,12653.938750000001,547,0,64,378,Medio,1.0,1,0.5964598655774388,1,Denegar/Revisar,Alto
CLI-107963,Lima,2428.98,12653.938750000001,196,1,26,19,Alto,2.0,0,0.994394898018961,1,Denegar/Revisar,Muy alto
CLI-107964,Piura,3497.05,6451.92,430,1,55,205,Bajo,0.0,1,0.8138116103732866,1,Denegar/Revisar,Muy alto
CLI-107965,Lima,6005.6,1194.61,304,0,30,45,Alto,2.0,0,0.7240424976303776,1,Denegar/Revisar,Alto
CLI-107966,Lima,4025.51,1051.26,548,0,37,49,Alto,2.0,0,0.2900504505159499,1,Denegar/Revisar,Medio
CLI-107967,Lima,1901.89,1170.16,517,0,45,83,Bajo,0.0,1,0.4784002805793835,1,Denegar/Revisar,Medio
CLI-107968,Lima,4508.95,12653.938750000001,748,1,30,90,Bajo,0.0,1,0.3816795000012223,1,Denegar/Revisar,Medio
CLI-107969,Loreto,3909.22,1633.92,176,1,57,119,Bajo,0.0,1,0.9396064834750218,1,Denegar/Revisar,Muy alto
CLI-107970,Cusco,3560.7650000000003,4902.78,995,0,40,218,Bajo,0.0,1,0.01525967834425276,0,Aprobar,Bajo
CLI-107971,Piura,3660.39,12653.938750000001,648,1,44,182,Medio,1.0,1,0.6488710512360105,1,Denegar/Revisar,Alto
CLI-107972,Lima,5353.44,6850.23,897,0,37,104,Medio,1.0,0,0.03588039531475151,0,Aprobar,Bajo
CLI-107973,Cusco,2860.33,3641.27,524,1,46,259,Medio,1.0,1,0.5271887480488681,1,Denegar/Revisar,Alto
CLI-107974,Piura,5883.55,740.34,528,0,57,338,Medio,1.0,1,0.22394728037348965,1,Denegar/Revisar,Bajo
CLI-107975,Lima,2492.63,769.19,584,0,37,44,Alto,2.0,0,0.28156198515558634,1,Denegar/Revisar,Medio
CLI-107976,Cusco,4983.97,2712.43,914,0,59,241,Medio,1.0,1,0.014222439820193602,0,Aprobar,Bajo
CLI-107977,Arequipa,2064.83,12141.59,234,1,32,23,Alto,2.0,0,0.9922133858435098,1,Denegar/Revisar,Muy alto
CLI-107978,Arequipa,1466.64,9394.25,753,0,47,56,Bajo,0.0,1,0.3863848031944045,1,Denegar/Revisar,Medio
CLI-107979,Arequipa,3743.56,727.01,353,1,44,64,Bajo,0.0,1,0.7172940762447088,1,Denegar/Revisar,Alto
CLI-107980,Lima,3655.12,1357.14,659,0,27,17,Bajo,0.0,0,0.14357951360042587,0,Aprobar,Bajo
CLI-107981,Lima,3127.24,3554.81,354,1,41,33,Alto,2.0,0,0.8404929266732545,1,Denegar/Revisar,Muy alto
CLI-107982,Arequipa,1749.86,2595.99,745,0,38,59,Medio,1.0,0,0.12704055122471092,0,Aprobar,Bajo
CLI-107983,Lima,3655.12,508.44,901,0,30,59,Alto,2.0,0,0.014269241520661414,0,Aprobar,Bajo
CLI-107984,Lima,2909.98,1843.75,819,0,43,163,Alto,2.0,0,0.04692498222162981,0,Aprobar,Bajo
CLI-107985,Arequipa,5276.69,12379.06,598,0,41,55,Alto,2.0,0,0.6765052834229699,1,Denegar/Revisar,Alto
CLI-107986,Arequipa,3581.05,12100.0,712,0,38,58,Medio,1.0,0,0.49109632863917185,1,Denegar/Revisar,Medio
CLI-107987,Lima,1025.0,3278.71,583,1,37,127,Medio,1.0,1,0.4761923507628166,1,Denegar/Revisar,Medio
CLI-107988,Arequipa,3552.79,4034.3,145,1,38,101,Bajo,0.0,1,0.974043113312811,1,Denegar/Revisar,Muy alto
CLI-107989,Loreto,3897.32,1003.63,542,1,35,60,Alto,2.0,0,0.30594049504065973,1,Denegar/Revisar,Medio
CLI-107990,Arequipa,3412.18,5418.45,681,1,40,31,Medio,1.0,0,0.24662899713956296,1,Denegar/Revisar,Bajo
CLI-107991,Lima,3655.12,215.7,747,0,32,34,Alto,2.0,0,0.05455507512983635,0,Aprobar,Bajo
CLI-107992,Lima,6965.71,997.35,891,0,70,175,Bajo,0.0,1,0.00811080777169617,0,Aprobar,Bajo
CLI-107993,Lima,3178.14,23.6,678,0,23,8,Alto,2.0,0,0.10573616268617907,0,Aprobar,Bajo
CLI-107994,Lima,3655.12,1949.1,103,1,33,77,Medio,1.0,0,0.9711514762544907,1,Denegar/Revisar,Muy alto
CLI-107995,Lima,3475.11,7595.45,835,0,33,10,Medio,1.0,0,0.10753424272711562,0,Aprobar,Bajo
CLI-107996,Lima,3721.24,12653.938750000001,100,1,61,31,Medio,1.0,1,0.9967977026664369,1,Denegar/Revisar,Muy alto
CLI-107997,Lima,3358.18,4407.54,389,1,24,59,Alto,2.0,0,0.8115427790058628,1,Denegar/Revisar,Muy alto
CLI-107998,Cusco,2958.02,5463.88,208,1,43,118,Alto,2.0,0,0.9699371706660262,1,Denegar/Revisar,Muy alto
CLI-107999,Lima,3012.29,1219.31,876,0,41,94,Medio,1.0,1,0.02320409524987873,0,Aprobar,Bajo
CLI-108000,Arequipa,4640.22,2938.65,674,0,43,226,Medio,1.0,1,0.1347425406265536,0,Aprobar,Bajo
CLI-108001,Arequipa,5725.69,5335.99,559,1,53,180,Alto,2.0,1,0.3803720502745079,1,Denegar/Revisar,Medio
CLI-108002,Lima,1678.43,2750.85,365,1,52,112,Bajo,0.0,1,0.8487859903563298,1,Denegar/Revisar,Muy alto
CLI-108003,Cusco,1725.57,370.86,237,0,33,137,Medio,1.0,0,0.9148092063148302,1,Denegar/Revisar,Muy alto
CLI-108004,Piura,7982.87,5401.61,533,1,43,227,Bajo,0.0,1,0.3199569751401814,1,Denegar/Revisar,Medio
CLI-108005,Lima,1283.6,991.61,143,1,18,1,Alto,2.0,0,0.971467282032288,1,Denegar/Revisar,Muy alto
CLI-108006,Arequipa,3638.13,411.22,985,0,40,148,Alto,2.0,0,0.006433007061214591,0,Aprobar,Bajo
CLI-108007,Lima,3655.12,2600.79,609,1,30,65,Alto,2.0,0,0.25842169686859157,1,Denegar/Revisar,Medio
CLI-108008,Arequipa,3638.81,310.16,361,1,37,83,Alto,2.0,0,0.6883261414846285,1,Denegar/Revisar,Alto
CLI-108009,Lima,1025.0,3971.0,827,0,19,5,Medio,1.0,0,0.09638661899273679,0,Aprobar,Bajo
CLI-108010,Loreto,5112.14,4091.87,732,0,44,170,Medio,1.0,1,0.093662492869521,0,Aprobar,Bajo
CLI-108011,Lima,2709.49,1186.63,251,1,20,10,Alto,2.0,0,0.9024669394303434,1,Denegar/Revisar,Muy alto
CLI-108012,Piura,2899.97,12653.938750000001,312,1,40,119,Medio,1.0,1,0.9809695939309061,1,Denegar/Revisar,Muy alto
CLI-108013,Lima,3655.12,6959.36,333,1,25,2,Alto,2.0,0,0.9209554226177392,1,Denegar/Revisar,Muy alto
CLI-108014,Arequipa,3901.74,464.28,962,0,30,42,Medio,1.0,0,0.007300064147704486,0,Aprobar,Bajo
CLI-108015,Arequipa,3176.07,5521.44,722,0,52,261,Medio,1.0,1,0.19391785896982963,0,Aprobar,Bajo
CLI-108016,Lima,2937.7,1742.1,460,1,45,30,Medio,1.0,0,0.5720470749773172,1,Denegar/Revisar,Alto
CLI-108017,Piura,3660.39,5549.8,419,1,52,178,Bajo,0.0,1,0.7940876268431497,1,Denegar/Revisar,Muy alto
CLI-108018,Lima,3663.04,6453.68,321,1,56,91,Medio,1.0,1,0.9184040081641702,1,Denegar/Revisar,Muy alto
CLI-108019,Loreto,6158.99,656.57,837,0,31,50,Medio,1.0,0,0.014441472931958013,0,Aprobar,Bajo
CLI-108020,Lima,3759.33,4336.97,309,1,56,150,Medio,1.0,1,0.8873612139913324,1,Denegar/Revisar,Muy alto
CLI-108021,Loreto,3470.7,7943.22,495,0,23,22,Medio,1.0,0,0.7591061863270376,1,Denegar/Revisar,Muy alto
CLI-108022,Loreto,4683.58,1562.54,682,0,48,146,Medio,1.0,1,0.09661768814052828,0,Aprobar,Bajo
CLI-108023,Lima,4846.29,334.95,588,0,34,50,Alto,2.0,0,0.1662967366694059,0,Aprobar,Bajo
CLI-108024,Lima,3655.12,110.58,971,0,29,50,Medio,1.0,0,0.006597512448661081,0,Aprobar,Bajo
CLI-108025,Lima,2899.04,466.14,700,0,45,171,Alto,2.0,1,0.10126820746069512,0,Aprobar,Bajo
CLI-108026,Loreto,4882.91,16.86,873,0,50,41,Alto,2.0,0,0.012600651065611077,0,Aprobar,Bajo
CLI-108027,Lima,1274.67,1583.72,977,0,48,234,Bajo,0.0,1,0.015235487159528608,0,Aprobar,Bajo
CLI-108028,Piura,5926.88,1422.86,563,0,42,110,Medio,1.0,1,0.19200158910558143,0,Aprobar,Bajo
CLI-108029,Loreto,6394.62,467.67,799,0,42,183,Alto,2.0,1,0.019403314514480734,0,Aprobar,Bajo
CLI-108030,Lima,5280.1,4212.08,723,0,45,163,Bajo,0.0,1,0.10336426279593329,0,Aprobar,Bajo
CLI-108031,Piura,5470.9,12653.938750000001,551,1,43,156,Medio,1.0,1,0.7509921158583853,1,Denegar/Revisar,Muy alto
CLI-108032,Lima,3412.76,9247.57,512,0,45,23,Medio,1.0,0,0.7819753127185675,1,Denegar/Revisar,Muy alto
CLI-108033,Lima,3074.27,1165.96,850,0,41,152,Alto,2.0,0,0.029793690727449765,0,Aprobar,Bajo
CLI-108034,Arequipa,1769.15,5878.38,575,0,48,91,Bajo,0.0,1,0.5973812752359391,1,Denegar/Revisar,Alto
CLI-108035,Lima,4722.21,11049.81,355,1,22,23,Alto,2.0,0,0.9461018554182948,1,Denegar/Revisar,Muy alto
CLI-108036,Lima,3655.12,9473.37,249,1,38,35,Medio,1.0,0,0.9767024202141822,1,Denegar/Revisar,Muy alto
CLI-108037,Loreto,2391.36,8635.65,226,1,23,15,Alto,2.0,0,0.9837999266327496,1,Denegar/Revisar,Muy alto
CLI-108038,Lima,3655.12,6175.55,491,1,42,165,Bajo,0.0,1,0.6916175478007265,1,Denegar/Revisar,Alto
CLI-108039,Cusco,3560.7650000000003,1386.85,930,0,57,116,Medio,1.0,1,0.012889061663318872,0,Aprobar,Bajo
CLI-108040,Cusco,4055.16,349.05,579,0,34,115,Alto,2.0,0,0.20732549079368298,1,Denegar/Revisar,Bajo
CLI-108041,Lima,1025.0,2676.31,496,0,39,126,Bajo,0.0,1,0.6529650410707999,1,Denegar/Revisar,Alto
CLI-108042,Lima,3151.76,225.4,501,0,47,61,Medio,1.0,1,0.3859464156054107,1,Denegar/Revisar,Medio
CLI-108043,Arequipa,4482.24,12653.938750000001,373,1,18,0,Alto,2.0,0,0.9544184736457015,1,Denegar/Revisar,Muy alto
CLI-108044,Lima,3740.27,1774.6,944,0,33,118,Medio,1.0,0,0.011780011209306341,0,Aprobar,Bajo
CLI-108045,Lima,1682.75,12653.938750000001,238,1,42,28,Bajo,0.0,1,0.9930194135098905,1,Denegar/Revisar,Muy alto
CLI-108046,Arequipa,4336.19,5933.35,202,1,18,1,Alto,2.0,0,0.9647559606873661,1,Denegar/Revisar,Muy alto
CLI-108047,Lima,2545.62,2119.29,341,1,28,61,Medio,1.0,0,0.8288030855010359,1,Denegar/Revisar,Muy alto
CLI-108048,Loreto,3208.73,503.67,216,1,51,333,Medio,1.0,1,0.9050562444824647,1,Denegar/Revisar,Muy alto
CLI-108049,Lima,2810.33,1083.0,313,1,50,125,Medio,1.0,1,0.8262901142356419,1,Denegar/Revisar,Muy alto
CLI-108050,Lima,3665.35,4471.73,583,1,43,71,Bajo,0.0,1,0.39710465191153577,1,Denegar/Revisar,Medio
CLI-108051,Lima,3655.12,7086.3,628,0,49,265,Alto,2.0,1,0.4291916101431656,1,Denegar/Revisar,Medio
CLI-108052,Cusco,4937.9,12653.938750000001,790,0,42,101,Medio,1.0,1,0.2661118925425507,1,Denegar/Revisar,Medio
CLI-108053,Arequipa,3638.81,567.0,323,1,45,168,Medio,1.0,1,0.7621560707839629,1,Denegar/Revisar,Muy alto
CLI-108054,Loreto,2679.88,678.16,369,0,35,34,Alto,2.0,0,0.7344827853569577,1,Denegar/Revisar,Alto
CLI-108055,Lima,3655.12,173.47,924,0,40,227,Alto,2.0,1,0.010752802186441224,0,Aprobar,Bajo
CLI-108056,Lima,4744.56,1206.39,960,0,32,39,Alto,2.0,0,0.007434603859725139,0,Aprobar,Bajo
CLI-108057,Lima,4329.17,6882.99,233,1,53,237,Alto,2.0,1,0.9616151246323147,1,Denegar/Revisar,Muy alto
CLI-108058,Lima,2973.76,883.87,213,1,55,165,Medio,1.0,1,0.9181648953189889,1,Denegar/Revisar,Muy alto
CLI-108059,Piura,3583.69,3175.1,540,0,54,146,Medio,1.0,1,0.4237177700541741,1,Denegar/Revisar,Medio
CLI-108060,Piura,1025.0,2365.3,743,0,33,100,Alto,2.0,0,0.14796416543699198,0,Aprobar,Bajo
CLI-108061,Lima,5986.07,1577.07,750,0,29,12,Alto,2.0,0,0.04172778868410619,0,Aprobar,Bajo
CLI-108062,Cusco,3176.2,3852.97,464,1,53,307,Medio,1.0,1,0.6554601154042142,1,Denegar/Revisar,Alto
CLI-108063,Lima,3549.96,2791.24,331,1,45,45,Alto,2.0,0,0.8345628408625989,1,Denegar/Revisar,Muy alto
CLI-108064,Cusco,3998.42,1630.45,557,0,43,224,Bajo,0.0,1,0.2992305984959255,1,Denegar/Revisar,Medio
CLI-108065,Lima,2294.16,4669.93,474,1,31,25,Alto,2.0,0,0.7241222197542188,1,Denegar/Revisar,Alto
CLI-108066,Lima,3655.12,1313.84,703,0,44,160,Bajo,0.0,1,0.09905443807730344,0,Aprobar,Bajo
CLI-108067,Lima,3090.36,4122.13,878,0,27,69,Alto,2.0,0,0.042075232462865465,0,Aprobar,Bajo
CLI-108068,Lima,5994.99,12609.16,710,1,47,156,Bajo,0.0,1,0.38443250002224255,1,Denegar/Revisar,Medio
CLI-108069,Piura,1025.0,5221.84,306,1,53,228,Bajo,0.0,1,0.9503599555059847,1,Denegar/Revisar,Muy alto
CLI-108070,Lima,2308.01,2167.89,619,1,56,139,Bajo,0.0,1,0.2835677406900208,1,Denegar/Revisar,Medio
CLI-108071,Lima,3150.9,5506.32,567,1,47,134,Medio,1.0,1,0.5079822659931604,1,Denegar/Revisar,Alto
CLI-108072,Arequipa,6708.24,6626.99,981,0,25,33,Alto,2.0,0,0.01210389134983688,0,Aprobar,Bajo
CLI-108073,Arequipa,4645.72,1577.15,542,0,42,148,Bajo,0.0,1,0.29489895924210036,1,Denegar/Revisar,Medio
CLI-108074,Loreto,1025.0,4884.91,420,1,61,282,Bajo,0.0,1,0.8595392819033281,1,Denegar/Revisar,Muy alto
CLI-108075,Lima,2710.74,2279.45,192,1,29,86,Medio,1.0,0,0.951220092238258,1,Denegar/Revisar,Muy alto
CLI-108076,Piura,3660.39,6826.49,507,0,38,198,Alto,2.0,0,0.688656246630921,1,Denegar/Revisar,Alto
CLI-108077,Piura,6354.35,1400.37,257,0,56,276,Medio,1.0,1,0.7907662270133895,1,Denegar/Revisar,Muy alto
CLI-108078,Lima,3655.12,11107.01,971,0,46,109,Bajo,0.0,1,0.06576291135909228,0,Aprobar,Bajo
CLI-108079,Lima,1119.34,3420.66,198,1,65,313,Bajo,0.0,1,0.972425536848532,1,Denegar/Revisar,Muy alto
CLI-108080,Lima,3631.55,1743.51,324,1,31,32,Alto,2.0,0,0.8090401081376173,1,Denegar/Revisar,Muy alto
CLI-108081,Lima,4337.07,2174.57,951,0,28,78,Alto,2.0,0,0.010871287246720386,0,Aprobar,Bajo
CLI-108082,Lima,4274.96,1709.61,540,1,53,57,Bajo,0.0,1,0.3232357590347862,1,Denegar/Revisar,Medio
CLI-108083,Lima,5173.71,632.45,819,0,26,14,Alto,2.0,0,0.02204812040546262,0,Aprobar,Bajo
CLI-108084,Arequipa,4347.9,283.8,684,0,37,92,Alto,2.0,0,0.08257814969045514,0,Aprobar,Bajo
CLI-108085,Arequipa,3638.81,1553.13,500,1,38,154,Alto,2.0,0,0.43803548922665214,1,Denegar/Revisar,Medio
CLI-108086,Cusco,6293.53,2455.06,670,0,51,6,Bajo,0.0,1,0.09368747772198877,0,Aprobar,Bajo
CLI-108087,Arequipa,3859.41,1796.52,898,0,46,150,Medio,1.0,1,0.017619069449072527,0,Aprobar,Bajo
CLI-108088,Lima,1025.0,56.07,163,1,43,184,Medio,1.0,1,0.9594603109122387,1,Denegar/Revisar,Muy alto
CLI-108089,Loreto,4704.96,3460.55,867,0,35,49,Medio,1.0,0,0.02725262549691867,0,Aprobar,Bajo
CLI-108090,Loreto,1896.0,625.76,659,0,52,167,Medio,1.0,1,0.17212770769032565,0,Aprobar,Bajo
CLI-108091,Lima,1573.61,947.98,378,1,70,108,Medio,1.0,1,0.7699908375116539,1,Denegar/Revisar,Muy alto
CLI-108092,Piura,2884.85,514.74,809,0,46,75,Medio,1.0,1,0.03802831819161352,0,Aprobar,Bajo
CLI-108093,Cusco,2161.89,2939.48,769,0,39,173,Alto,2.0,0,0.1055419883642924,0,Aprobar,Bajo
CLI-108094,Piura,6096.85,399.99,922,0,26,53,Alto,2.0,0,0.006549714057996907,0,Aprobar,Bajo
CLI-108095,Cusco,3809.37,1184.78,618,0,32,62,Bajo,0.0,1,0.1864189325321167,0,Aprobar,Bajo
CLI-108096,Lima,4254.18,2403.79,347,0,37,38,Medio,1.0,0,0.7657572536268762,1,Denegar/Revisar,Muy alto
CLI-108097,Lima,4199.4,734.29,467,0,33,60,Alto,2.0,0,0.4396512528816462,1,Denegar/Revisar,Medio
CLI-108098,Lima,3871.07,2364.11,843,0,39,103,Bajo,0.0,1,0.03391464414503422,0,Aprobar,Bajo
CLI-108099,Piura,5374.76,1678.67,717,0,59,128,Medio,1.0,1,0.0629985865638488,0,Aprobar,Bajo
CLI-108100,Loreto,2170.15,7881.55,197,1,52,155,Medio,1.0,1,0.9856852178103638,1,Denegar/Revisar,Muy alto
CLI-108101,Cusco,2982.06,6337.09,367,1,37,3,Alto,2.0,0,0.896712031354932,1,Denegar/Revisar,Muy alto
CLI-108102,Lima,1756.24,12653.938750000001,159,1,25,28,Medio,1.0,0,0.99647087743251,1,Denegar/Revisar,Muy alto
CLI-108103,Lima,5798.46,3010.84,599,0,55,157,Medio,1.0,1,0.196295458808002,0,Aprobar,Bajo
CLI-108104,Loreto,3600.67,3426.4,407,1,38,147,Alto,2.0,0,0.7364775017556507,1,Denegar/Revisar,Alto
CLI-108105,Piura,4581.04,11723.21,592,0,20,6,Alto,2.0,0,0.6935899811118891,1,Denegar/Revisar,Alto
CLI-108106,Lima,2647.81,2040.58,510,1,46,175,Medio,1.0,1,0.4878688171459084,1,Denegar/Revisar,Medio
CLI-108107,Lima,4248.53,3244.87,239,1,51,219,Alto,2.0,1,0.9179684707868214,1,Denegar/Revisar,Muy alto
CLI-108108,Arequipa,4513.2,1906.25,427,0,18,1,Alto,2.0,0,0.5762367031495654,1,Denegar/Revisar,Alto
CLI-108109,Arequipa,1187.78,3157.41,563,0,29,61,Medio,1.0,0,0.5072310431669881,1,Denegar/Revisar,Alto
CLI-108110,Lima,4108.19,336.86,801,0,38,95,Medio,1.0,0,0.02997264832088378,0,Aprobar,Bajo
CLI-108111,Lima,4147.35,6126.1,736,0,47,178,Bajo,0.0,1,0.16585645251731743,0,Aprobar,Bajo
CLI-108112,Cusco,2574.42,12653.938750000001,262,1,33,57,Bajo,0.0,1,0.9892874745436844,1,Denegar/Revisar,Muy alto
CLI-108113,Arequipa,4895.07,272.0,159,0,30,62,Alto,2.0,0,0.9158828352019349,1,Denegar/Revisar,Muy alto
CLI-108114,Lima,1025.0,6458.6,130,1,46,103,Alto,2.0,0,0.9923415855596045,1,Denegar/Revisar,Muy alto
CLI-108115,Lima,2691.58,1106.89,432,1,33,116,Medio,1.0,0,0.6167640400503913,1,Denegar/Revisar,Alto
CLI-108116,Arequipa,1575.99,880.33,175,1,44,189,Alto,2.0,1,0.9583623323183097,1,Denegar/Revisar,Muy alto
CLI-108117,Lima,5752.88,4728.46,854,0,28,24,Alto,2.0,0,0.03261141861099686,0,Aprobar,Bajo
CLI-108118,Lima,1789.08,180.54,416,0,23,24,Medio,1.0,0,0.6546892567347358,1,Denegar/Revisar,Alto
CLI-108119,Piura,1489.13,2488.81,869,0,46,175,Bajo,0.0,1,0.04678567424056839,0,Aprobar,Bajo
CLI-108120,Lima,4179.08,5.78,516,0,42,189,Bajo,0.0,1,0.29914429587815256,1,Denegar/Revisar,Medio
CLI-108121,Piura,2869.24,3233.28,289,1,49,213,Medio,1.0,1,0.9024843603829427,1,Denegar/Revisar,Muy alto
CLI-108122,Lima,5236.52,2480.19,588,0,34,80,Alto,2.0,0,0.22276764287969078,1,Denegar/Revisar,Bajo
CLI-108123,Arequipa,5694.52,9883.19,988,0,31,28,Alto,2.0,0,0.02806327834339361,0,Aprobar,Bajo
CLI-108124,Lima,3264.28,5095.75,414,1,54,188,Bajo,0.0,1,0.8010186184944585,1,Denegar/Revisar,Muy alto
CLI-108125,Lima,1125.23,538.73,395,1,21,14,Medio,1.0,0,0.7439116974767546,1,Denegar/Revisar,Alto
CLI-108126,Lima,1902.85,1751.17,600,0,52,156,Medio,1.0,1,0.3140893347773442,1,Denegar/Revisar,Medio
CLI-108127,Cusco,1025.0,10728.35,276,1,52,254,Bajo,0.0,1,0.9878279236760201,1,Denegar/Revisar,Muy alto
CLI-108128,Loreto,4090.61,5168.8,899,0,49,200,Medio,1.0,1,0.03318690419147691,0,Aprobar,Bajo
CLI-108129,Lima,3321.95,3608.32,905,0,31,91,Medio,1.0,0,0.02713755156675034,0,Aprobar,Bajo
CLI-108130,Arequipa,4146.92,3275.49,959,0,30,98,Alto,2.0,0,0.013266928106012002,0,Aprobar,Bajo
CLI-108131,Piura,4396.35,2030.65,818,0,37,97,Alto,2.0,0,0.035325268496881564,0,Aprobar,Bajo
CLI-108132,Cusco,5975.45,3519.85,314,1,26,39,Alto,2.0,0,0.7971938745975395,1,Denegar/Revisar,Muy alto
CLI-108133,Lima,5281.3,5907.76,955,0,29,63,Medio,1.0,0,0.017681244546634015,0,Aprobar,Bajo
CLI-108134,Arequipa,4111.01,545.74,752,0,46,28,Alto,2.0,0,0.0504294116868768,0,Aprobar,Bajo
CLI-108135,Lima,3655.12,12653.938750000001,696,0,46,149,Bajo,0.0,1,0.5507012118552678,1,Denegar/Revisar,Alto
CLI-108136,Lima,4125.32,1094.41,793,0,28,34,Medio,1.0,0,0.037471487682310664,0,Aprobar,Bajo
CLI-108137,Cusco,4684.76,12653.938750000001,431,1,47,185,Bajo,0.0,1,0.9205991680458693,1,Denegar/Revisar,Muy alto
CLI-108138,Piura,3540.26,91.91,227,1,44,202,Medio,1.0,1,0.8794928299438899,1,Denegar/Revisar,Muy alto
CLI-108139,Lima,1664.21,3197.11,368,1,55,197,Bajo,0.0,1,0.8574795226919645,1,Denegar/Revisar,Muy alto
CLI-108140,Lima,3235.33,1924.21,650,0,45,22,Alto,2.0,0,0.18478201281581016,0,Aprobar,Bajo
CLI-108141,Arequipa,3638.81,1149.43,634,0,51,346,Bajo,0.0,1,0.16918260672582452,0,Aprobar,Bajo
CLI-108142,Piura,3593.83,12653.938750000001,853,1,44,118,Bajo,0.0,1,0.22182355997565292,1,Denegar/Revisar,Bajo
CLI-108143,Lima,2504.34,2235.45,465,0,49,226,Alto,2.0,1,0.6192892882377748,1,Denegar/Revisar,Alto
CLI-108144,Cusco,3560.7650000000003,2139.77,718,0,25,53,Alto,2.0,0,0.10412865468425897,0,Aprobar,Bajo
CLI-108145,Lima,2241.73,2487.8,447,1,37,193,Alto,2.0,0,0.6834381823517364,1,Denegar/Revisar,Alto
CLI-108146,Lima,3358.71,493.89,241,1,38,118,Bajo,0.0,1,0.8830676631406452,1,Denegar/Revisar,Muy alto
CLI-108147,Cusco,4300.67,1997.54,244,1,37,183,Bajo,0.0,1,0.8901856049614162,1,Denegar/Revisar,Muy alto
CLI-108148,Lima,4396.24,1640.33,891,0,44,123,Alto,2.0,0,0.01671815411897513,0,Aprobar,Bajo
CLI-108149,Lima,4777.17,2502.88,344,0,46,21,Bajo,0.0,1,0.7596393721463401,1,Denegar/Revisar,Muy alto
CLI-108150,Piura,3464.15,7769.06,541,0,43,168,Bajo,0.0,1,0.6724942486809421,1,Denegar/Revisar,Alto
CLI-108151,Loreto,2787.41,10279.95,802,0,37,195,Medio,1.0,1,0.2534857230869769,1,Denegar/Revisar,Medio
CLI-108152,Lima,2566.99,3743.31,389,0,30,8,Medio,1.0,0,0.8122805003873411,1,Denegar/Revisar,Muy alto
CLI-108153,Cusco,4828.52,153.45,790,0,52,91,Medio,1.0,1,0.027126845674217803,0,Aprobar,Bajo
CLI-108154,Arequipa,2519.88,1523.83,211,1,42,225,Bajo,0.0,1,0.9379283874145399,1,Denegar/Revisar,Muy alto
CLI-108155,Lima,2162.25,2559.62,313,1,27,82,Alto,2.0,0,0.8869807141696648,1,Denegar/Revisar,Muy alto
CLI-108156,Arequipa,1661.69,308.73,749,0,36,38,Alto,2.0,0,0.08401533366946791,0,Aprobar,Bajo
CLI-108157,Lima,3130.24,3140.77,985,0,20,15,Alto,2.0,0,0.01279824669261021,0,Aprobar,Bajo
CLI-108158,Lima,3655.12,1486.14,299,1,39,132,Medio,1.0,1,0.8292048031675473,1,Denegar/Revisar,Muy alto
CLI-108159,Arequipa,2636.04,12653.938750000001,504,1,36,74,Medio,1.0,0,0.9004844174556758,1,Denegar/Revisar,Muy alto
CLI-108160,Cusco,2078.1,3987.5,520,0,32,77,Medio,1.0,0,0.5989314841319405,1,Denegar/Revisar,Alto
CLI-108161,Lima,5048.07,1119.78,106,1,57,174,Bajo,0.0,1,0.9538407986000058,1,Denegar/Revisar,Muy alto
CLI-108162,Lima,5314.6,5200.09,957,0,27,45,Alto,2.0,0,0.015445570704905529,0,Aprobar,Bajo
CLI-108163,Lima,7036.2,166.29,624,0,48,92,Medio,1.0,1,0.0736404467314229,0,Aprobar,Bajo
CLI-108164,Lima,1474.19,380.64,691,0,62,222,Bajo,0.0,1,0.14353735474296062,0,Aprobar,Bajo
CLI-108165,Lima,3739.72,4558.48,385,1,51,253,Alto,2.0,1,0.8085990183126689,1,Denegar/Revisar,Muy alto
CLI-108166,Lima,3388.09,7723.87,770,0,39,36,Medio,1.0,0,0.18860359437599525,0,Aprobar,Bajo
CLI-108167,Arequipa,3505.48,681.89,488,1,26,26,Alto,2.0,0,0.42809608501252866,1,Denegar/Revisar,Medio
CLI-108168,Lima,6306.16,2057.56,515,1,25,13,Alto,2.0,0,0.28858604572056756,1,Denegar/Revisar,Medio
CLI-108169,Lima,1656.76,1749.28,883,0,34,72,Alto,2.0,0,0.034202013893338185,0,Aprobar,Bajo
CLI-108170,Loreto,3264.93,4137.12,812,0,31,27,Medio,1.0,0,0.07030608071604992,0,Aprobar,Bajo
CLI-108171,Loreto,1875.81,806.89,249,0,30,14,Medio,1.0,0,0.9103954411780528,1,Denegar/Revisar,Muy alto
CLI-108172,Lima,2698.93,12257.7,527,1,35,35,Alto,2.0,0,0.8782882141896502,1,Denegar/Revisar,Muy alto
CLI-108173,Lima,1147.98,5216.0,907,0,37,137,Medio,1.0,1,0.05985468595763866,0,Aprobar,Bajo
CLI-108174,Piura,5212.06,12410.77,392,1,45,224,Medio,1.0,1,0.9342219666965472,1,Denegar/Revisar,Muy alto
CLI-108175,Lima,5353.64,1299.43,433,0,26,33,Alto,2.0,0,0.4819801044468354,1,Denegar/Revisar,Medio
CLI-108176,Lima,4114.82,3544.17,371,0,32,98,Medio,1.0,0,0.774262014865974,1,Denegar/Revisar,Muy alto
CLI-108177,Arequipa,1025.0,5271.07,142,1,36,17,Alto,2.0,0,0.9890228637875165,1,Denegar/Revisar,Muy alto
CLI-108178,Lima,4050.46,4964.71,567,0,37,51,Bajo,0.0,1,0.43715871931520117,1,Denegar/Revisar,Medio
CLI-108179,Lima,4634.98,86.31,418,1,60,296,Bajo,0.0,1,0.4947922842976489,1,Denegar/Revisar,Medio
CLI-108180,Lima,3655.12,12653.938750000001,591,1,42,58,Medio,1.0,0,0.7595133146400308,1,Denegar/Revisar,Muy alto
CLI-108181,Lima,3677.96,10527.69,626,0,21,14,Alto,2.0,0,0.6118471562187486,1,Denegar/Revisar,Alto
CLI-108182,Lima,6333.87,510.21,859,0,45,100,Medio,1.0,1,0.010976383172029426,0,Aprobar,Bajo
CLI-108183,Cusco,1978.29,3137.25,271,1,44,136,Medio,1.0,1,0.9295928656971416,1,Denegar/Revisar,Muy alto
CLI-108184,Lima,3904.75,1510.76,829,0,38,50,Bajo,0.0,1,0.032105263407781345,0,Aprobar,Bajo
CLI-108185,Lima,4934.4,8444.36,748,0,26,18,Alto,2.0,0,0.19452064433791028,0,Aprobar,Bajo
CLI-108186,Lima,3816.76,4782.96,420,0,58,210,Medio,1.0,1,0.7509432843526243,1,Denegar/Revisar,Muy alto
CLI-108187,Cusco,3560.7650000000003,1011.92,838,0,27,55,Medio,1.0,0,0.02779953254577745,0,Aprobar,Bajo
CLI-108188,Piura,3586.3,137.79,143,1,46,229,Medio,1.0,1,0.9412896846455838,1,Denegar/Revisar,Muy alto
CLI-108189,Lima,4549.3,1379.79,631,0,42,70,Medio,1.0,0,0.14624075239848544,0,Aprobar,Bajo
CLI-108190,Loreto,3412.77,155.53,730,0,46,103,Alto,2.0,0,0.06602343077053774,0,Aprobar,Bajo
CLI-108191,Lima,2559.74,609.39,553,1,57,220,Medio,1.0,1,0.32437840787818745,1,Denegar/Revisar,Medio
CLI-108192,Lima,4395.71,4043.92,845,0,45,243,Alto,2.0,1,0.0416802468863451,0,Aprobar,Bajo
CLI-108193,Lima,6724.78,5467.3,979,0,34,72,Medio,1.0,0,0.009280469848391903,0,Aprobar,Bajo
CLI-108194,Lima,3655.12,2524.57,990,0,51,182,Bajo,0.0,1,0.009523748483107695,0,Aprobar,Bajo
CLI-108195,Lima,5293.1,3668.04,947,0,33,73,Bajo,0.0,1,0.012375107691515076,0,Aprobar,Bajo
CLI-108196,Arequipa,4602.66,677.87,967,0,41,48,Alto,2.0,0,0.0064416845349774925,0,Aprobar,Bajo
CLI-108197,Lima,7296.59,1523.84,873,0,26,27,Alto,2.0,0,0.0099208205849137,0,Aprobar,Bajo
CLI-108198,Piura,2657.13,4991.47,182,1,27,63,Alto,2.0,0,0.9755863801651917,1,Denegar/Revisar,Muy alto
CLI-108199,Lima,4688.26,1815.84,642,0,40,130,Bajo,0.0,1,0.14563451767375085,0,Aprobar,Bajo
CLI-108200,Lima,2263.67,1715.82,421,0,42,170,Alto,2.0,0,0.6996009668612454,1,Denegar/Revisar,Alto
CLI-108201,Lima,2589.34,862.65,885,0,20,17,Medio,1.0,0,0.021847993573689006,0,Aprobar,Bajo
CLI-108202,Cusco,3560.7650000000003,3613.74,333,0,44,130,Medio,1.0,1,0.8497018887199224,1,Denegar/Revisar,Muy alto
CLI-108203,Lima,5549.65,6633.22,639,1,31,49,Alto,2.0,0,0.2842179337637282,1,Denegar/Revisar,Medio
CLI-108204,Arequipa,4152.38,2535.33,351,0,53,113,Bajo,0.0,1,0.7750183493428752,1,Denegar/Revisar,Muy alto
CLI-108205,Lima,1240.4,491.11,935,0,34,138,Medio,1.0,0,0.017360367188130044,0,Aprobar,Bajo
CLI-108206,Lima,3655.12,7289.72,864,0,27,28,Alto,2.0,0,0.0789952904740276,0,Aprobar,Bajo
CLI-108207,Lima,1298.97,296.3,548,0,39,71,Medio,1.0,0,0.38689418483453275,1,Denegar/Revisar,Medio
CLI-108208,Lima,4435.99,2552.57,338,1,29,88,Alto,2.0,0,0.785270741708797,1,Denegar/Revisar,Muy alto
CLI-108209,Lima,4494.61,1210.25,589,0,53,177,Medio,1.0,1,0.19884762965670597,0,Aprobar,Bajo
CLI-108210,Lima,4237.29,11015.42,981,0,39,144,Alto,2.0,0,0.052059057507855194,0,Aprobar,Bajo
CLI-108211,Arequipa,4716.88,5350.68,563,0,38,115,Alto,2.0,0,0.4284190984667227,1,Denegar/Revisar,Medio
CLI-108212,Lima,2929.8,3342.61,413,1,45,43,Medio,1.0,0,0.7447769129225327,1,Denegar/Revisar,Alto
CLI-108213,Piura,3272.05,4407.54,274,0,28,40,Alto,2.0,0,0.9281659738928033,1,Denegar/Revisar,Muy alto
CLI-108214,Lima,1952.65,3043.37,805,0,24,14,Alto,2.0,0,0.08284326088974903,0,Aprobar,Bajo
CLI-108215,Piura,3660.39,638.8,279,1,43,74,Alto,2.0,0,0.8356118206685836,1,Denegar/Revisar,Muy alto
CLI-108216,Piura,4853.79,4939.08,484,0,27,26,Bajo,0.0,0,0.5827547048153077,1,Denegar/Revisar,Alto
CLI-108217,Lima,1291.26,2714.41,394,1,26,16,Alto,2.0,0,0.8227672905507865,1,Denegar/Revisar,Muy alto
CLI-108218,Lima,4355.94,4023.87,314,1,48,273,Alto,2.0,1,0.8642542900005376,1,Denegar/Revisar,Muy alto
CLI-108219,Arequipa,1099.92,185.02,814,0,44,118,Bajo,0.0,1,0.05242470175427632,0,Aprobar,Bajo
CLI-108220,Loreto,2437.61,612.77,861,0,25,60,Alto,2.0,0,0.027773798066931893,0,Aprobar,Bajo
CLI-108221,Lima,3973.82,3560.26,973,0,32,58,Alto,2.0,0,0.012866837523286675,0,Aprobar,Bajo
CLI-108222,Lima,4466.38,2460.52,868,0,29,85,Alto,2.0,0,0.024086939531657525,0,Aprobar,Bajo
CLI-108223,Loreto,1988.93,1029.25,174,1,58,37,Bajo,0.0,1,0.9561119034336152,1,Denegar/Revisar,Muy alto
CLI-108224,Lima,2485.99,1101.75,443,1,48,35,Bajo,0.0,1,0.6124800273260632,1,Denegar/Revisar,Alto
CLI-108225,Piura,5786.74,3994.98,813,0,35,73,Alto,2.0,0,0.040384787677199274,0,Aprobar,Bajo
CLI-108226,Lima,4765.04,243.11,241,1,46,148,Medio,1.0,1,0.8325815213809075,1,Denegar/Revisar,Muy alto
CLI-108227,Lima,3655.12,2278.47,817,0,24,45,Alto,2.0,0,0.04421457285913149,0,Aprobar,Bajo
CLI-108228,Piura,2504.83,2961.82,298,1,31,64,Alto,2.0,0,0.9008248766739417,1,Denegar/Revisar,Muy alto
CLI-108229,Piura,3660.39,1473.5,270,1,40,95,Medio,1.0,1,0.8639103448181529,1,Denegar/Revisar,Muy alto
CLI-108230,Lima,6836.62,6871.43,505,0,45,117,Alto,2.0,0,0.5212566390780966,1,Denegar/Revisar,Alto
CLI-108231,Lima,4379.44,233.78,927,0,38,96,Alto,2.0,0,0.008966466972089008,0,Aprobar,Bajo
CLI-108232,Arequipa,5510.52,8033.18,327,0,42,30,Medio,1.0,0,0.9063147792184877,1,Denegar/Revisar,Muy alto
CLI-108233,Piura,4618.03,5138.75,510,1,40,148,Medio,1.0,1,0.5370768519495126,1,Denegar/Revisar,Alto
CLI-108234,Lima,4336.7,2364.2,997,0,37,160,Medio,1.0,1,0.007099758402593184,0,Aprobar,Bajo
CLI-108235,Piura,3108.92,10332.76,790,0,36,50,Medio,1.0,0,0.26289261985121587,1,Denegar/Revisar,Medio
CLI-108236,Arequipa,5622.78,4845.85,977,0,35,92,Alto,2.0,0,0.011109253368329873,0,Aprobar,Bajo
CLI-108237,Arequipa,3092.8,10697.22,886,0,41,66,Bajo,0.0,1,0.14035317198533562,0,Aprobar,Bajo
CLI-108238,Piura,2242.23,2559.11,161,1,43,122,Alto,2.0,0,0.969748503145936,1,Denegar/Revisar,Muy alto
CLI-108239,Lima,4340.26,2413.03,426,1,41,140,Medio,1.0,1,0.6047736041839834,1,Denegar/Revisar,Alto
CLI-108240,Arequipa,3769.12,3026.42,815,0,26,53,Alto,2.0,0,0.05101787540590741,0,Aprobar,Bajo
CLI-108241,Arequipa,3863.57,270.66,978,0,28,88,Alto,2.0,0,0.006329470592705018,0,Aprobar,Bajo
CLI-108242,Lima,2502.08,9565.41,232,1,43,118,Medio,1.0,1,0.984966087980254,1,Denegar/Revisar,Muy alto
CLI-108243,Lima,2835.95,4407.07,683,0,55,133,Alto,2.0,1,0.23562253633833224,1,Denegar/Revisar,Bajo
CLI-108244,Lima,4552.2,3845.0,689,0,41,111,Alto,2.0,0,0.14803973162805978,0,Aprobar,Bajo
CLI-108245,Arequipa,3130.37,10439.9,288,1,34,74,Alto,2.0,0,0.976668491350927,1,Denegar/Revisar,Muy alto
CLI-108246,Lima,1375.74,12653.938750000001,455,1,41,98,Medio,1.0,1,0.9504862894370205,1,Denegar/Revisar,Muy alto
CLI-108247,Piura,3660.39,713.61,170,1,26,37,Alto,2.0,0,0.9348837216487653,1,Denegar/Revisar,Muy alto
CLI-108248,Cusco,2673.44,5529.16,362,1,53,39,Bajo,0.0,1,0.8917852832293289,1,Denegar/Revisar,Muy alto
CLI-108249,Arequipa,2748.93,3469.48,405,0,41,48,Alto,2.0,0,0.7778600659934014,1,Denegar/Revisar,Muy alto
CLI-108250,Cusco,4712.64,2472.14,657,0,32,55,Alto,2.0,0,0.14467048427019377,0,Aprobar,Bajo
CLI-108251,Cusco,2092.71,12653.938750000001,323,1,37,57,Bajo,0.0,1,0.9831285167725724,1,Denegar/Revisar,Muy alto
CLI-108252,Lima,7409.81,7595.5,427,1,35,158,Medio,1.0,1,0.6895918650287614,1,Denegar/Revisar,Alto
CLI-108253,Piura,6300.33,4772.79,861,0,54,204,Medio,1.0,1,0.026294314199476893,0,Aprobar,Bajo
CLI-108254,Lima,5945.1,1929.45,687,0,38,137,Alto,2.0,0,0.0787795985079264,0,Aprobar,Bajo
CLI-108255,Loreto,1295.45,4386.95,173,1,40,84,Alto,2.0,0,0.9813049906909082,1,Denegar/Revisar,Muy alto
CLI-108256,Lima,1025.0,3034.53,610,1,44,133,Alto,2.0,0,0.4105552092313979,1,Denegar/Revisar,Medio
CLI-108257,Cusco,2473.4,1147.36,241,0,30,78,Alto,2.0,0,0.9141379038738395,1,Denegar/Revisar,Muy alto
CLI-108258,Piura,4308.29,2394.12,684,0,41,138,Bajo,0.0,1,0.1242307200999412,0,Aprobar,Bajo
CLI-108259,Arequipa,2659.06,954.1,201,1,42,4,Alto,2.0,0,0.9344153433989904,1,Denegar/Revisar,Muy alto
CLI-108260,Lima,3115.27,2775.95,705,0,22,8,Alto,2.0,0,0.14276738515228857,0,Aprobar,Bajo
CLI-108261,Lima,3655.12,5095.27,680,0,42,168,Alto,2.0,0,0.232645664116268,1,Denegar/Revisar,Bajo
CLI-108262,Arequipa,1819.79,149.34,164,1,38,162,Alto,2.0,0,0.9538435947648314,1,Denegar/Revisar,Muy alto
CLI-108263,Lima,2719.38,5799.15,292,1,40,67,Alto,2.0,0,0.9433276429441492,1,Denegar/Revisar,Muy alto
CLI-108264,Loreto,2078.95,80.79,161,1,39,159,Medio,1.0,1,0.9499558987663724,1,Denegar/Revisar,Muy alto
CLI-108265,Lima,3010.41,2913.25,631,0,42,71,Alto,2.0,0,0.2601901770254775,1,Denegar/Revisar,Medio
CLI-108266,Arequipa,1982.57,3408.35,340,1,53,118,Bajo,0.0,1,0.8836968518760437,1,Denegar/Revisar,Muy alto
CLI-108267,Lima,6610.29,5729.24,814,0,27,6,Bajo,0.0,0,0.04732171925444006,0,Aprobar,Bajo
CLI-108268,Piura,4580.67,5725.65,509,1,36,171,Medio,1.0,1,0.5721368621474643,1,Denegar/Revisar,Alto
CLI-108269,Arequipa,4732.01,2161.4,399,1,47,79,Medio,1.0,1,0.6305637124613801,1,Denegar/Revisar,Alto
CLI-108270,Lima,3497.16,274.71,294,1,44,50,Medio,1.0,0,0.8034066084377425,1,Denegar/Revisar,Muy alto
CLI-108271,Lima,1603.35,4730.15,553,1,43,58,Bajo,0.0,1,0.5979493223197565,1,Denegar/Revisar,Alto
CLI-108272,Lima,4953.65,2861.46,673,1,70,155,Bajo,0.0,1,0.13001480265542154,0,Aprobar,Bajo
CLI-108273,Piura,5958.33,1620.21,718,0,47,88,Alto,2.0,0,0.056347014529843545,0,Aprobar,Bajo
CLI-108274,Piura,6213.09,1070.86,736,0,52,277,Medio,1.0,1,0.039139478721369275,0,Aprobar,Bajo
CLI-108275,Arequipa,4235.46,510.23,400,0,36,80,Medio,1.0,0,0.5724300040927678,1,Denegar/Revisar,Alto
CLI-108276,Piura,4257.48,1399.04,878,0,28,31,Alto,2.0,0,0.018501875181813204,0,Aprobar,Bajo
CLI-108277,Lima,3607.16,2453.57,555,1,36,117,Medio,1.0,0,0.3529571857630346,1,Denegar/Revisar,Medio
CLI-108278,Lima,3880.18,2597.36,301,1,47,140,Medio,1.0,1,0.8511552048348292,1,Denegar/Revisar,Muy alto
CLI-108279,Lima,1584.49,3496.17,773,0,43,175,Bajo,0.0,1,0.12751776292762831,0,Aprobar,Bajo
CLI-108280,Lima,5367.87,1800.61,955,0,44,235,Alto,2.0,1,0.007642286553065967,0,Aprobar,Bajo
CLI-108281,Cusco,2573.47,10097.81,401,0,36,34,Medio,1.0,0,0.936600496486769,1,Denegar/Revisar,Muy alto
CLI-108282,Loreto,7260.2,2739.68,723,0,36,25,Alto,2.0,0,0.05065152876966753,0,Aprobar,Bajo
CLI-108283,Lima,2921.25,2204.68,436,0,37,58,Alto,2.0,0,0.658212623571253,1,Denegar/Revisar,Alto
CLI-108284,Piura,3053.81,197.47,131,1,47,83,Bajo,0.0,1,0.9552914838455818,1,Denegar/Revisar,Muy alto
CLI-108285,Loreto,3111.08,3655.33,197,1,48,200,Bajo,0.0,1,0.9592882778293639,1,Denegar/Revisar,Muy alto
CLI-108286,Lima,3177.79,3693.96,858,0,28,53,Alto,2.0,0,0.045286460570854226,0,Aprobar,Bajo
CLI-108287,Lima,4929.95,3501.46,872,0,48,153,Bajo,0.0,1,0.025907756229278364,0,Aprobar,Bajo
CLI-108288,Lima,3593.14,8742.66,290,1,32,20,Medio,1.0,0,0.9612566893855888,1,Denegar/Revisar,Muy alto
CLI-108289,Piura,5314.21,5757.11,640,0,45,36,Bajo,0.0,1,0.2566592937038562,1,Denegar/Revisar,Medio
CLI-108290,Cusco,3874.67,8081.84,147,1,37,109,Bajo,0.0,1,0.9877069106364536,1,Denegar/Revisar,Muy alto
CLI-108291,Arequipa,3478.72,245.05,349,0,56,183,Medio,1.0,1,0.7088469185236468,1,Denegar/Revisar,Alto
CLI-108292,Lima,1921.83,1531.64,325,0,34,35,Medio,1.0,0,0.8516883104692385,1,Denegar/Revisar,Muy alto
CLI-108293,Lima,2057.43,1535.08,371,1,40,99,Alto,2.0,0,0.7898678123152956,1,Denegar/Revisar,Muy alto
CLI-108294,Arequipa,6513.52,4280.62,764,0,47,68,Medio,1.0,1,0.054412123060141135,0,Aprobar,Bajo
CLI-108295,Loreto,3798.72,2381.29,584,0,29,9,Alto,2.0,0,0.2891856027135164,1,Denegar/Revisar,Medio
CLI-108296,Piura,6468.84,6010.82,427,1,39,60,Medio,1.0,0,0.6641615639519249,1,Denegar/Revisar,Alto
CLI-108297,Piura,3064.61,1940.83,896,0,36,69,Alto,2.0,0,0.023003212975289816,0,Aprobar,Bajo
CLI-108298,Lima,6348.72,1002.1,279,1,34,76,Alto,2.0,0,0.7462765670573562,1,Denegar/Revisar,Alto
CLI-108299,Loreto,2910.73,1375.32,913,0,34,97,Alto,2.0,0,0.018127254072695515,0,Aprobar,Bajo
CLI-108300,Arequipa,3370.42,805.87,764,0,51,75,Alto,2.0,0,0.05618809340511297,0,Aprobar,Bajo
CLI-108301,Lima,4853.22,882.05,845,0,33,105,Alto,2.0,0,0.01966494600862418,0,Aprobar,Bajo
CLI-108302,Arequipa,4240.31,977.67,122,1,45,147,Medio,1.0,1,0.9524495736067718,1,Denegar/Revisar,Muy alto
CLI-108303,Lima,4927.12,64.9,705,0,43,170,Bajo,0.0,1,0.058115372650686455,0,Aprobar,Bajo
CLI-108304,Lima,3655.12,5036.36,469,1,24,43,Alto,2.0,0,0.6842756339901968,1,Denegar/Revisar,Alto
CLI-108305,Lima,2329.39,2040.65,344,1,44,30,Medio,1.0,0,0.8295713489062987,1,Denegar/Revisar,Muy alto
CLI-108306,Lima,2583.72,91.73,901,1,23,36,Alto,2.0,0,0.01671372405741077,0,Aprobar,Bajo
CLI-108307,Lima,1025.0,1848.19,259,1,45,180,Bajo,0.0,1,0.9358648307743065,1,Denegar/Revisar,Muy alto
CLI-108308,Lima,3419.65,9431.04,472,1,33,63,Alto,2.0,0,0.8491666792363693,1,Denegar/Revisar,Muy alto
CLI-108309,Piura,1025.0,2863.57,384,1,38,126,Alto,2.0,0,0.8484251737859038,1,Denegar/Revisar,Muy alto
CLI-108310,Lima,5239.86,12653.938750000001,620,0,25,58,Alto,2.0,0,0.633839546321384,1,Denegar/Revisar,Alto
CLI-108311,Lima,4715.18,3105.76,549,0,41,102,Medio,1.0,1,0.3386861333757425,1,Denegar/Revisar,Medio
CLI-108312,Lima,3655.12,12653.938750000001,796,0,49,108,Alto,2.0,0,0.3241898113225945,1,Denegar/Revisar,Medio
CLI-108313,Piura,2712.03,901.59,906,0,30,53,Alto,2.0,0,0.018337180664687078,0,Aprobar,Bajo
CLI-108314,Lima,3655.12,1369.59,746,0,32,82,Alto,2.0,0,0.06917838290467998,0,Aprobar,Bajo
CLI-108315,Lima,3655.12,4815.49,721,0,44,113,Medio,1.0,1,0.15767681919395576,0,Aprobar,Bajo
CLI-108316,Loreto,5551.69,12653.938750000001,680,1,45,115,Alto,2.0,0,0.4783919914247451,1,Denegar/Revisar,Medio
CLI-108317,Arequipa,4992.99,6978.68,235,0,18,0,Alto,2.0,0,0.955568728649049,1,Denegar/Revisar,Muy alto
CLI-108318,Loreto,4621.24,3227.1,195,1,62,180,Bajo,0.0,1,0.9392081053488979,1,Denegar/Revisar,Muy alto
CLI-108319,Lima,3264.72,355.99,218,1,45,38,Bajo,0.0,1,0.9029335906943476,1,Denegar/Revisar,Muy alto
CLI-108320,Lima,2755.9,1812.61,473,1,46,109,Medio,1.0,1,0.5560960146905722,1,Denegar/Revisar,Alto
CLI-108321,Arequipa,4348.5,361.56,373,1,38,94,Medio,1.0,0,0.6195005964940463,1,Denegar/Revisar,Alto
CLI-108322,Lima,3775.22,1491.69,969,0,19,6,Alto,2.0,0,0.0090724729061243,0,Aprobar,Bajo
CLI-108323,Lima,4611.93,1197.9,977,0,47,174,Medio,1.0,1,0.0062860122909535,0,Aprobar,Bajo
CLI-108324,Lima,3825.33,1967.72,949,0,33,69,Bajo,0.0,1,0.011927892964895211,0,Aprobar,Bajo
CLI-108325,Loreto,3451.95,7262.81,276,1,45,11,Alto,2.0,0,0.956947889620401,1,Denegar/Revisar,Muy alto
CLI-108326,Lima,6307.1,651.85,972,0,38,63,Alto,2.0,0,0.004125623381636034,0,Aprobar,Bajo
CLI-108327,Cusco,3671.83,1461.5,848,0,42,180,Medio,1.0,1,0.02714139882734895,0,Aprobar,Bajo
CLI-108328,Loreto,3513.92,1210.46,883,0,30,21,Alto,2.0,0,0.020126216836103755,0,Aprobar,Bajo
CLI-108329,Lima,3092.8,1404.71,376,0,48,189,Medio,1.0,1,0.7253107766871317,1,Denegar/Revisar,Alto
CLI-108330,Arequipa,1205.53,1789.05,237,1,25,34,Alto,2.0,0,0.9444058132800519,1,Denegar/Revisar,Muy alto
CLI-108331,Piura,5442.18,1120.51,973,0,64,41,Bajo,0.0,1,0.0055075490555638856,0,Aprobar,Bajo
CLI-108332,Loreto,3136.78,11429.54,231,1,63,31,Bajo,0.0,1,0.9887554393833878,1,Denegar/Revisar,Muy alto
CLI-108333,Lima,2732.92,2179.61,143,1,57,297,Medio,1.0,1,0.9678248998219237,1,Denegar/Revisar,Muy alto
CLI-108334,Arequipa,3436.98,484.66,222,0,53,84,Bajo,0.0,1,0.8984328482374593,1,Denegar/Revisar,Muy alto
CLI-108335,Lima,1025.0,2521.88,235,1,37,51,Medio,1.0,0,0.9529974248288557,1,Denegar/Revisar,Muy alto
CLI-108336,Cusco,5532.98,815.48,466,0,53,111,Medio,1.0,1,0.36262703223511455,1,Denegar/Revisar,Medio
CLI-108337,Lima,3655.12,974.05,472,0,38,84,Alto,2.0,0,0.4718916183178462,1,Denegar/Revisar,Medio
CLI-108338,Lima,2387.86,1342.12,225,1,21,12,Alto,2.0,0,0.9293214329313302,1,Denegar/Revisar,Muy alto
CLI-108339,Arequipa,4873.56,533.03,538,0,56,202,Alto,2.0,1,0.2483267548410562,1,Denegar/Revisar,Bajo
CLI-108340,Loreto,5188.85,5107.88,886,0,52,162,Bajo,0.0,1,0.02991223355319931,0,Aprobar,Bajo
CLI-108341,Piura,6848.29,6279.84,675,1,40,193,Alto,2.0,1,0.16283090691513588,0,Aprobar,Bajo
CLI-108342,Lima,2866.24,2005.38,907,0,25,23,Alto,2.0,0,0.022045021284722306,0,Aprobar,Bajo
CLI-108343,Lima,2779.53,4671.75,843,0,32,66,Medio,1.0,0,0.06615778846808978,0,Aprobar,Bajo
CLI-108344,Cusco,1025.0,1970.33,150,1,18,1,Alto,2.0,0,0.9765415740838284,1,Denegar/Revisar,Muy alto
CLI-108345,Arequipa,3172.28,716.88,236,0,49,199,Medio,1.0,1,0.8928873881811683,1,Denegar/Revisar,Muy alto
CLI-108346,Loreto,2608.13,2024.47,257,1,21,12,Alto,2.0,0,0.9144416319868506,1,Denegar/Revisar,Muy alto
CLI-108347,Lima,1767.05,3256.63,155,1,41,74,Medio,1.0,0,0.9768618244214144,1,Denegar/Revisar,Muy alto
CLI-108348,Lima,3655.12,167.43,692,0,30,74,Alto,2.0,0,0.08732916704208445,0,Aprobar,Bajo
CLI-108349,Piura,2637.79,4250.87,843,0,23,36,Alto,2.0,0,0.06508411323212301,0,Aprobar,Bajo
CLI-108350,Loreto,5872.93,5428.62,527,0,43,228,Bajo,0.0,1,0.4495756997232594,1,Denegar/Revisar,Medio
CLI-108351,Lima,3655.12,7863.6,542,0,35,25,Alto,2.0,0,0.6650229337137681,1,Denegar/Revisar,Alto
CLI-108352,Loreto,2493.28,433.77,425,0,48,43,Bajo,0.0,1,0.6186555013483872,1,Denegar/Revisar,Alto
CLI-108353,Piura,1025.0,0.37,739,0,24,34,Alto,2.0,0,0.09862702612425144,0,Aprobar,Bajo
CLI-108354,Lima,1505.73,304.36,737,1,30,78,Alto,2.0,0,0.09611442163597586,0,Aprobar,Bajo
CLI-108355,Lima,3473.94,10314.24,928,0,18,1,Alto,2.0,0,0.08504636835591788,0,Aprobar,Bajo
CLI-108356,Lima,2399.76,5802.15,179,1,18,1,Alto,2.0,0,0.9810526988168028,1,Denegar/Revisar,Muy alto
CLI-108357,Piura,4725.07,7217.81,573,0,59,191,Medio,1.0,1,0.4929541089655948,1,Denegar/Revisar,Medio
CLI-108358,Lima,1208.59,2911.07,476,0,61,183,Medio,1.0,1,0.6874468446680435,1,Denegar/Revisar,Alto
CLI-108359,Lima,5114.26,2992.27,968,0,41,64,Medio,1.0,0,0.008868763739145214,0,Aprobar,Bajo
CLI-108360,Loreto,4300.28,1418.17,432,0,30,100,Alto,2.0,0,0.551509144302323,1,Denegar/Revisar,Alto
CLI-108361,Lima,4063.42,7399.75,274,1,36,84,Medio,1.0,0,0.951137550866938,1,Denegar/Revisar,Muy alto
CLI-108362,Lima,5565.49,7082.41,756,0,49,114,Alto,2.0,0,0.12674949832541954,0,Aprobar,Bajo
CLI-108363,Lima,1837.12,1991.45,540,1,33,71,Medio,1.0,0,0.4620178729555905,1,Denegar/Revisar,Medio
CLI-108364,Piura,3660.39,1597.54,225,1,42,74,Alto,2.0,0,0.9117323434565797,1,Denegar/Revisar,Muy alto
CLI-108365,Arequipa,6733.74,5363.35,793,0,40,53,Bajo,0.0,1,0.05160141355209726,0,Aprobar,Bajo
CLI-108366,Lima,5236.4,106.07,318,0,33,94,Alto,2.0,0,0.6860838575345509,1,Denegar/Revisar,Alto
CLI-108367,Arequipa,6091.93,7862.99,377,1,34,87,Alto,2.0,0,0.841313280051883,1,Denegar/Revisar,Muy alto
CLI-108368,Piura,3660.39,2364.15,584,0,42,92,Medio,1.0,1,0.28713351247990576,1,Denegar/Revisar,Medio
CLI-108369,Lima,3000.22,2328.89,694,0,28,58,Bajo,0.0,0,0.14716405730408183,0,Aprobar,Bajo
CLI-108370,Lima,1025.0,4423.49,240,1,43,61,Medio,1.0,0,0.9665634659940956,1,Denegar/Revisar,Muy alto
CLI-108371,Lima,2525.89,4151.0,945,0,33,62,Alto,2.0,0,0.026166745277564105,0,Aprobar,Bajo
CLI-108372,Lima,3123.9,1236.84,706,0,40,85,Bajo,0.0,1,0.10631815863640617,0,Aprobar,Bajo
CLI-108373,Arequipa,3934.33,11478.42,976,0,54,105,Bajo,0.0,1,0.06374896532135209,0,Aprobar,Bajo
CLI-108374,Piura,2922.37,12653.938750000001,805,0,37,45,Medio,1.0,0,0.33459725157615766,1,Denegar/Revisar,Medio
CLI-108375,Lima,3427.36,2986.1,209,0,49,149,Medio,1.0,1,0.9423453157077748,1,Denegar/Revisar,Muy alto
CLI-108376,Lima,3094.21,3296.49,151,1,19,5,Alto,2.0,0,0.9712327486940392,1,Denegar/Revisar,Muy alto
CLI-108377,Lima,3989.43,3232.6,714,0,34,93,Alto,2.0,0,0.1209648734603478,0,Aprobar,Bajo
CLI-108378,Piura,5101.94,2660.47,712,0,40,153,Medio,1.0,1,0.08455403741977632,0,Aprobar,Bajo
CLI-108379,Lima,3301.55,11615.32,753,0,60,86,Bajo,0.0,1,0.3966955169727863,1,Denegar/Revisar,Medio
CLI-108380,Piura,5767.98,1122.84,812,0,18,1,Alto,2.0,0,0.02273395195461397,0,Aprobar,Bajo
CLI-108381,Lima,1530.32,456.97,418,1,37,119,Bajo,0.0,1,0.6852183510902404,1,Denegar/Revisar,Alto
CLI-108382,Arequipa,2640.63,10611.25,298,1,55,88,Bajo,0.0,1,0.9779114714484931,1,Denegar/Revisar,Muy alto
CLI-108383,Loreto,4767.81,958.3,895,0,31,92,Alto,2.0,0,0.012841115808805861,0,Aprobar,Bajo
CLI-108384,Lima,1277.99,5531.69,828,0,36,147,Alto,2.0,0,0.12586317390865615,0,Aprobar,Bajo
CLI-108385,Lima,2034.19,911.99,145,1,42,77,Medio,1.0,0,0.9637198002111769,1,Denegar/Revisar,Muy alto
CLI-108386,Cusco,3560.7650000000003,12653.938750000001,604,1,41,136,Alto,2.0,0,0.7480876560835493,1,Denegar/Revisar,Alto
CLI-108387,Lima,3136.99,6264.02,639,0,56,255,Alto,2.0,1,0.391320409878234,1,Denegar/Revisar,Medio
CLI-108388,Piura,1025.0,10039.33,613,0,43,172,Medio,1.0,1,0.7409699096863012,1,Denegar/Revisar,Alto
CLI-108389,Lima,3156.99,12062.5,994,0,53,293,Bajo,0.0,1,0.07228810928273441,0,Aprobar,Bajo
CLI-108390,Piura,1025.0,352.81,116,1,34,126,Alto,2.0,0,0.9760171360525751,1,Denegar/Revisar,Muy alto
CLI-108391,Lima,4072.31,2272.33,414,1,31,71,Alto,2.0,0,0.6476922708075813,1,Denegar/Revisar,Alto
CLI-108392,Cusco,3745.93,4177.64,535,0,37,179,Alto,2.0,0,0.4879854787022056,1,Denegar/Revisar,Medio
CLI-108393,Arequipa,1131.81,6487.18,487,1,25,61,Medio,1.0,0,0.8112356219318084,1,Denegar/Revisar,Muy alto
CLI-108394,Arequipa,1025.0,1105.5,176,1,43,210,Bajo,0.0,1,0.9645057590590949,1,Denegar/Revisar,Muy alto
CLI-108395,Arequipa,3408.71,9841.86,998,0,35,97,Medio,1.0,0,0.04087728658175685,0,Aprobar,Bajo
CLI-108396,Piura,3486.94,998.86,470,0,32,134,Alto,2.0,0,0.48762100790980056,1,Denegar/Revisar,Medio
CLI-108397,Lima,2020.2,8044.93,264,1,44,39,Medio,1.0,0,0.9752247794613833,1,Denegar/Revisar,Muy alto
CLI-108398,Loreto,4441.34,2875.6,708,0,27,24,Alto,2.0,0,0.10838982557959234,0,Aprobar,Bajo
CLI-108399,Cusco,4405.36,2897.91,716,0,48,108,Medio,1.0,1,0.09905542332620555,0,Aprobar,Bajo
CLI-108400,Lima,3544.46,1873.66,123,1,34,26,Medio,1.0,0,0.9657279533408724,1,Denegar/Revisar,Muy alto
CLI-108401,Cusco,3560.7650000000003,437.05,811,0,52,111,Medio,1.0,1,0.031594635469049774,0,Aprobar,Bajo
CLI-108402,Piura,2354.27,1705.26,134,1,34,92,Alto,2.0,0,0.9710962985576777,1,Denegar/Revisar,Muy alto
CLI-108403,Piura,5339.15,2225.64,613,0,47,9,Bajo,0.0,1,0.1734023185380576,0,Aprobar,Bajo
CLI-108404,Lima,3292.2,2608.18,900,0,41,87,Bajo,0.0,1,0.024168287425438743,0,Aprobar,Bajo
CLI-108405,Lima,3655.12,5374.4,943,0,47,314,Bajo,0.0,1,0.026554214630596106,0,Aprobar,Bajo
CLI-108406,Lima,3655.12,1735.89,953,0,40,82,Alto,2.0,0,0.011386637471804172,0,Aprobar,Bajo
CLI-108407,Lima,2849.88,2087.5,560,0,20,11,Alto,2.0,0,0.3737704876654449,1,Denegar/Revisar,Medio
CLI-108408,Piura,3156.21,9462.04,237,1,50,317,Bajo,0.0,1,0.9820184046378364,1,Denegar/Revisar,Muy alto
CLI-108409,Lima,3523.72,5586.47,948,0,38,108,Bajo,0.0,1,0.02729754175902241,0,Aprobar,Bajo
CLI-108410,Lima,1025.0,92.48,673,0,47,63,Alto,2.0,0,0.17164920198505712,0,Aprobar,Bajo
CLI-108411,Cusco,6097.97,6687.14,910,0,48,269,Medio,1.0,1,0.02607949709253168,0,Aprobar,Bajo
CLI-108412,Lima,4875.63,12653.938750000001,808,0,31,67,Medio,1.0,0,0.23706360879722768,1,Denegar/Revisar,Bajo
CLI-108413,Lima,4699.62,11238.19,988,0,29,19,Medio,1.0,0,0.04451909233833741,0,Aprobar,Bajo
CLI-108414,Lima,3698.74,7230.48,670,0,46,142,Medio,1.0,1,0.33241054050485325,1,Denegar/Revisar,Medio
CLI-108415,Lima,2743.94,3968.09,364,1,35,20,Alto,2.0,0,0.8512339434043927,1,Denegar/Revisar,Muy alto
CLI-108416,Arequipa,2164.05,1303.99,432,1,49,25,Medio,1.0,1,0.6547239557182034,1,Denegar/Revisar,Alto
CLI-108417,Piura,1025.0,4250.25,287,1,36,108,Alto,2.0,0,0.9490730670182912,1,Denegar/Revisar,Muy alto
CLI-108418,Arequipa,5265.16,4757.55,162,1,51,76,Bajo,0.0,1,0.9616147876390175,1,Denegar/Revisar,Muy alto
CLI-108419,Lima,4369.34,1322.68,919,0,44,228,Medio,1.0,1,0.011700097197206345,0,Aprobar,Bajo
CLI-108420,Piura,1025.0,1179.25,378,1,41,113,Medio,1.0,1,0.7996968851337399,1,Denegar/Revisar,Muy alto
CLI-108421,Lima,3655.12,2022.85,641,0,35,57,Medio,1.0,0,0.18021206952280466,0,Aprobar,Bajo
CLI-108422,Lima,3496.72,4099.37,270,1,41,186,Bajo,0.0,1,0.9226680167474749,1,Denegar/Revisar,Muy alto
CLI-108423,Lima,4130.8,1387.25,602,1,52,85,Medio,1.0,1,0.19882337167544123,0,Aprobar,Bajo
CLI-108424,Lima,2642.74,3244.72,632,1,38,82,Medio,1.0,0,0.28140004551298925,1,Denegar/Revisar,Medio
CLI-108425,Lima,1679.2,9179.95,398,1,44,170,Bajo,0.0,1,0.9412045442745023,1,Denegar/Revisar,Muy alto
CLI-108426,Lima,2241.67,1398.8,300,1,39,155,Bajo,0.0,1,0.8719865905040108,1,Denegar/Revisar,Muy alto
CLI-108427,Cusco,3560.7650000000003,12653.938750000001,234,1,40,190,Alto,2.0,0,0.989639724741399,1,Denegar/Revisar,Muy alto
CLI-108428,Lima,2528.51,2564.86,371,0,58,321,Medio,1.0,1,0.8011998067595575,1,Denegar/Revisar,Muy alto
CLI-108429,Lima,3070.46,425.48,634,1,52,77,Bajo,0.0,1,0.16625041155306922,0,Aprobar,Bajo
CLI-108430,Lima,5871.97,226.45,541,0,41,75,Bajo,0.0,1,0.19276899478310983,0,Aprobar,Bajo
CLI-108431,Piura,2195.97,1654.04,186,1,41,80,Alto,2.0,0,0.9548931747372105,1,Denegar/Revisar,Muy alto
CLI-108432,Lima,3139.27,1197.72,130,1,31,117,Alto,2.0,0,0.9631247133751644,1,Denegar/Revisar,Muy alto
CLI-108433,Loreto,5337.43,7424.25,220,1,38,150,Alto,2.0,0,0.9616998864838558,1,Denegar/Revisar,Muy alto
CLI-108434,Cusco,1235.07,5352.13,168,1,41,126,Bajo,0.0,1,0.9855907913458585,1,Denegar/Revisar,Muy alto
CLI-108435,Lima,3052.96,8635.54,745,0,48,32,Alto,2.0,0,0.28581263704787335,1,Denegar/Revisar,Medio
CLI-108436,Lima,3655.12,3559.12,982,0,47,93,Medio,1.0,1,0.012256685364051074,0,Aprobar,Bajo
CLI-108437,Lima,1840.13,2286.96,926,0,26,81,Bajo,0.0,0,0.024769831143113676,0,Aprobar,Bajo
CLI-108438,Piura,3297.75,1261.96,595,0,50,253,Bajo,0.0,1,0.24551593100376917,1,Denegar/Revisar,Bajo
CLI-108439,Lima,4735.09,3499.72,245,1,38,61,Medio,1.0,0,0.9056130636268624,1,Denegar/Revisar,Muy alto
CLI-108440,Lima,4632.33,3849.6,432,0,29,8,Alto,2.0,0,0.6554771891077855,1,Denegar/Revisar,Alto
CLI-108441,Lima,5433.41,1996.56,580,0,54,100,Bajo,0.0,1,0.21042168312355294,1,Denegar/Revisar,Bajo
CLI-108442,Arequipa,2273.3,11032.88,362,1,55,58,Medio,1.0,1,0.9653027094542104,1,Denegar/Revisar,Muy alto
CLI-108443,Lima,1590.23,4086.1,392,1,41,102,Medio,1.0,1,0.8501522943365709,1,Denegar/Revisar,Muy alto
CLI-108444,Lima,6940.08,7267.85,528,0,48,139,Alto,2.0,1,0.4822646457013949,1,Denegar/Revisar,Medio
CLI-108445,Arequipa,3192.16,3874.45,185,1,47,120,Bajo,0.0,1,0.9644187587878541,1,Denegar/Revisar,Muy alto
CLI-108446,Piura,1025.0,1522.33,115,1,53,203,Medio,1.0,1,0.9806215351346006,1,Denegar/Revisar,Muy alto
CLI-108447,Loreto,7994.59,5336.62,827,0,49,75,Bajo,0.0,1,0.02851513167139466,0,Aprobar,Bajo
CLI-108448,Lima,3819.03,1046.78,727,0,24,38,Alto,2.0,0,0.07396298532517347,0,Aprobar,Bajo
CLI-108449,Arequipa,1025.0,3631.4,217,1,60,234,Bajo,0.0,1,0.9692628225142543,1,Denegar/Revisar,Muy alto
CLI-108450,Arequipa,5419.79,12653.938750000001,369,1,51,129,Medio,1.0,1,0.9439108449937633,1,Denegar/Revisar,Muy alto
CLI-108451,Lima,1025.0,649.53,494,1,32,143,Medio,1.0,0,0.5459575386644338,1,Denegar/Revisar,Alto
CLI-108452,Arequipa,4840.62,2132.56,954,0,28,22,Medio,1.0,0,0.008986171822794656,0,Aprobar,Bajo
CLI-108453,Lima,4285.67,1485.88,261,1,45,215,Alto,2.0,1,0.8615935499443763,1,Denegar/Revisar,Muy alto
CLI-108454,Cusco,3560.7650000000003,476.13,799,0,36,48,Alto,2.0,0,0.03684987921703642,0,Aprobar,Bajo
CLI-108455,Lima,5240.13,6945.18,203,1,43,76,Alto,2.0,0,0.9645702056088954,1,Denegar/Revisar,Muy alto
CLI-108456,Piura,5529.69,2761.27,752,0,48,88,Alto,2.0,0,0.05750053419689949,0,Aprobar,Bajo
CLI-108457,Lima,5816.95,1700.77,266,1,34,84,Medio,1.0,0,0.8074090520650399,1,Denegar/Revisar,Muy alto
CLI-108458,Cusco,3158.52,2812.5,399,1,27,49,Alto,2.0,0,0.7456865175735525,1,Denegar/Revisar,Alto
CLI-108459,Lima,2133.58,5619.19,127,1,43,167,Bajo,0.0,1,0.9885460047075331,1,Denegar/Revisar,Muy alto
CLI-108460,Cusco,3026.02,73.86,523,1,33,32,Alto,2.0,0,0.34635365461023326,1,Denegar/Revisar,Medio
CLI-108461,Cusco,6326.47,3165.26,883,0,42,129,Alto,2.0,0,0.015903179044280284,0,Aprobar,Bajo
CLI-108462,Lima,2862.93,2609.18,661,1,24,15,Alto,2.0,0,0.2048259974079129,1,Denegar/Revisar,Bajo
CLI-108463,Loreto,5735.11,8942.33,982,0,37,4,Medio,1.0,0,0.023313321501056555,0,Aprobar,Bajo
CLI-108464,Cusco,3560.7650000000003,3247.47,255,1,47,135,Bajo,0.0,1,0.9187217564861357,1,Denegar/Revisar,Muy alto
CLI-108465,Lima,3655.12,590.86,423,1,46,185,Alto,2.0,1,0.5661564453385851,1,Denegar/Revisar,Alto
CLI-108466,Lima,5170.43,1968.56,447,0,31,69,Alto,2.0,0,0.49509513860937515,1,Denegar/Revisar,Medio
CLI-108467,Piura,3595.0,3881.61,220,1,26,82,Alto,2.0,0,0.9468192989598752,1,Denegar/Revisar,Muy alto
CLI-108468,Lima,1025.0,188.09,751,0,38,122,Medio,1.0,1,0.0891560471782696,0,Aprobar,Bajo
CLI-108469,Lima,2473.28,8639.11,627,0,45,63,Medio,1.0,1,0.5714857271175996,1,Denegar/Revisar,Alto
CLI-108470,Lima,1025.0,280.76,920,0,42,85,Alto,2.0,0,0.020809886859349445,0,Aprobar,Bajo
CLI-108471,Lima,3256.71,124.28,660,0,33,33,Alto,2.0,0,0.1231246527538725,0,Aprobar,Bajo
CLI-108472,Lima,2615.86,8.07,263,1,42,76,Alto,2.0,0,0.8682074445492262,1,Denegar/Revisar,Muy alto
CLI-108473,Lima,2110.94,12653.938750000001,161,1,55,81,Medio,1.0,1,0.9960970170736966,1,Denegar/Revisar,Muy alto
CLI-108474,Loreto,5187.74,2434.64,439,0,42,63,Alto,2.0,0,0.5373899656252492,1,Denegar/Revisar,Alto
CLI-108475,Arequipa,4649.58,433.98,765,0,21,19,Alto,2.0,0,0.03894206457068831,0,Aprobar,Bajo
CLI-108476,Lima,7020.78,7757.56,411,0,43,77,Bajo,0.0,1,0.7523685669380286,1,Denegar/Revisar,Muy alto
CLI-108477,Arequipa,3638.81,906.2,475,1,61,84,Bajo,0.0,1,0.4622621198468822,1,Denegar/Revisar,Medio
CLI-108478,Arequipa,4218.78,1580.02,445,0,25,50,Alto,2.0,0,0.5344231017563096,1,Denegar/Revisar,Alto
CLI-108479,Cusco,3405.99,782.7,249,0,39,44,Medio,1.0,0,0.876348643696755,1,Denegar/Revisar,Muy alto
CLI-108480,Lima,4070.48,10455.85,987,0,37,187,Alto,2.0,0,0.04575301904197895,0,Aprobar,Bajo
CLI-108481,Lima,2893.53,5676.37,684,0,40,164,Medio,1.0,1,0.2748809713038279,1,Denegar/Revisar,Medio
CLI-108482,Cusco,3507.52,5148.74,680,0,41,68,Medio,1.0,0,0.23390816166502365,1,Denegar/Revisar,Bajo
CLI-108483,Cusco,3560.7650000000003,179.97,276,1,52,231,Bajo,0.0,1,0.8292463201539264,1,Denegar/Revisar,Muy alto
CLI-108484,Arequipa,3264.69,2958.45,453,1,40,68,Alto,2.0,0,0.6399983635693227,1,Denegar/Revisar,Alto
CLI-108485,Arequipa,4679.98,3426.92,613,0,53,115,Bajo,0.0,1,0.23956687336111815,1,Denegar/Revisar,Bajo
CLI-108486,Lima,3766.11,1928.44,408,1,38,75,Alto,2.0,0,0.6600736949284925,1,Denegar/Revisar,Alto
CLI-108487,Piura,2160.61,1552.99,218,1,35,84,Alto,2.0,0,0.9393029335652007,1,Denegar/Revisar,Muy alto
CLI-108488,Lima,2628.78,7640.63,618,0,31,66,Alto,2.0,0,0.5408783481542333,1,Denegar/Revisar,Alto
CLI-108489,Lima,4568.42,93.14,866,0,19,3,Medio,1.0,0,0.014132307455287934,0,Aprobar,Bajo
CLI-108490,Loreto,3600.67,3927.1,577,0,42,136,Medio,1.0,1,0.3775992209453425,1,Denegar/Revisar,Medio
CLI-108491,Lima,3655.12,2005.13,513,0,62,37,Bajo,0.0,1,0.4305962459629021,1,Denegar/Revisar,Medio
CLI-108492,Lima,3074.98,4385.87,686,0,44,108,Bajo,0.0,1,0.22012889215816356,1,Denegar/Revisar,Bajo
CLI-108493,Cusco,7039.07,882.18,450,1,48,157,Medio,1.0,1,0.3209789812429908,1,Denegar/Revisar,Medio
CLI-108494,Lima,1798.73,1090.7,605,0,34,56,Bajo,0.0,1,0.2880624543547391,1,Denegar/Revisar,Medio
CLI-108495,Cusco,1899.04,3535.82,294,1,36,127,Alto,2.0,0,0.9245429870344012,1,Denegar/Revisar,Muy alto
CLI-108496,Cusco,2238.63,12653.938750000001,286,1,49,276,Medio,1.0,1,0.9871295195160615,1,Denegar/Revisar,Muy alto
CLI-108497,Piura,2920.05,12653.938750000001,549,0,61,395,Bajo,0.0,1,0.8523383282338364,1,Denegar/Revisar,Muy alto
CLI-108498,Lima,5189.71,1145.3,595,0,56,159,Bajo,0.0,1,0.16990176058246864,0,Aprobar,Bajo
CLI-108499,Lima,3346.42,431.9,614,0,48,231,Alto,2.0,1,0.18429740811285625,0,Aprobar,Bajo
CLI-108500,Lima,2103.7,3569.74,795,0,39,116,Medio,1.0,1,0.09339319265048132,0,Aprobar,Bajo
CLI-108501,Lima,6538.37,2178.79,946,0,42,90,Alto,2.0,0,0.006869995416208215,0,Aprobar,Bajo
CLI-108502,Lima,3655.12,5736.68,372,1,31,23,Alto,2.0,0,0.8619204919593889,1,Denegar/Revisar,Muy alto
CLI-108503,Cusco,5088.79,3002.97,979,0,24,18,Alto,2.0,0,0.008385349590227548,0,Aprobar,Bajo
CLI-108504,Lima,3778.26,2858.19,151,1,27,67,Alto,2.0,0,0.9633158829946803,1,Denegar/Revisar,Muy alto
CLI-108505,Arequipa,1375.94,4159.03,362,1,39,95,Medio,1.0,0,0.8891756507615898,1,Denegar/Revisar,Muy alto
CLI-108506,Lima,3423.68,540.62,467,0,36,50,Medio,1.0,0,0.46456923927151766,1,Denegar/Revisar,Medio
CLI-108507,Piura,4195.87,4522.42,232,1,23,18,Alto,2.0,0,0.9406291060360648,1,Denegar/Revisar,Muy alto
CLI-108508,Cusco,2187.6,2681.78,324,1,38,109,Medio,1.0,0,0.8741881883071361,1,Denegar/Revisar,Muy alto
CLI-108509,Lima,3777.99,6862.46,409,1,36,101,Medio,1.0,0,0.8395650684404955,1,Denegar/Revisar,Muy alto
CLI-108510,Lima,4659.28,597.28,672,0,26,30,Alto,2.0,0,0.09101513220949214,0,Aprobar,Bajo
CLI-108511,Arequipa,2262.07,1430.97,976,0,34,143,Medio,1.0,1,0.011438634218447572,0,Aprobar,Bajo
CLI-108512,Arequipa,1181.33,12002.69,115,1,34,60,Alto,2.0,0,0.997848704775177,1,Denegar/Revisar,Muy alto
CLI-108513,Arequipa,1025.0,3221.44,840,0,31,55,Bajo,0.0,0,0.07728654401184618,0,Aprobar,Bajo
CLI-108514,Lima,3655.12,10597.3,294,1,49,249,Alto,2.0,1,0.9731306932637737,1,Denegar/Revisar,Muy alto
CLI-108515,Lima,7051.45,4672.3,862,0,19,1,Alto,2.0,0,0.022353442254446763,0,Aprobar,Bajo
CLI-108516,Cusco,2545.73,10438.15,542,1,18,0,Alto,2.0,0,0.8156113522159024,1,Denegar/Revisar,Muy alto
CLI-108517,Cusco,3014.97,1529.88,402,0,39,129,Alto,2.0,0,0.6921167361643853,1,Denegar/Revisar,Alto
CLI-108518,Lima,4313.99,379.59,147,1,40,131,Bajo,0.0,1,0.9344904070067279,1,Denegar/Revisar,Muy alto
CLI-108519,Loreto,4590.81,12653.938750000001,846,1,44,48,Medio,1.0,0,0.18858525840889614,0,Aprobar,Bajo
CLI-108520,Lima,1479.46,6528.14,220,1,32,54,Alto,2.0,0,0.9807199445350864,1,Denegar/Revisar,Muy alto
CLI-108521,Lima,5985.46,3858.01,598,0,30,26,Alto,2.0,0,0.22684213748658946,1,Denegar/Revisar,Bajo
CLI-108522,Lima,4657.99,3465.91,931,0,39,202,Alto,2.0,1,0.015908949498181998,0,Aprobar,Bajo
CLI-108523,Lima,3473.68,9856.1,661,0,34,24,Alto,2.0,0,0.5080803638901626,1,Denegar/Revisar,Alto
CLI-108524,Piura,3411.84,776.76,568,0,56,202,Bajo,0.0,1,0.26926996561210886,1,Denegar/Revisar,Medio
CLI-108525,Lima,3666.3,3834.06,140,1,35,129,Alto,2.0,0,0.9734882080148191,1,Denegar/Revisar,Muy alto
CLI-108526,Lima,2689.92,204.21,555,0,38,109,Medio,1.0,1,0.2956165924622772,1,Denegar/Revisar,Medio
CLI-108527,Arequipa,3638.81,607.32,633,1,66,436,Alto,2.0,1,0.15491819113950953,0,Aprobar,Bajo
CLI-108528,Arequipa,3638.81,2299.84,470,0,37,104,Alto,2.0,0,0.5473530922589138,1,Denegar/Revisar,Alto
CLI-108529,Piura,3074.72,6886.11,281,1,45,229,Medio,1.0,1,0.9536435775428155,1,Denegar/Revisar,Muy alto
CLI-108530,Cusco,3824.41,5284.01,616,0,46,164,Bajo,0.0,1,0.3560661449416978,1,Denegar/Revisar,Medio
CLI-108531,Lima,2742.94,12653.938750000001,756,1,47,211,Medio,1.0,1,0.4535922564955295,1,Denegar/Revisar,Medio
CLI-108532,Piura,3479.99,183.54,968,0,42,118,Alto,2.0,0,0.007452153901694891,0,Aprobar,Bajo
CLI-108533,Arequipa,2174.91,1920.88,689,0,41,138,Medio,1.0,1,0.16202239892150427,0,Aprobar,Bajo
CLI-108534,Piura,2853.89,691.66,330,1,40,87,Alto,2.0,0,0.7934444745843376,1,Denegar/Revisar,Muy alto
CLI-108535,Lima,4409.52,150.65,908,0,33,124,Alto,2.0,0,0.010440620850749505,0,Aprobar,Bajo
CLI-108536,Lima,1025.0,1228.26,447,0,42,80,Medio,1.0,1,0.6786273711365088,1,Denegar/Revisar,Alto
CLI-108537,Loreto,3600.67,1121.35,578,0,61,70,Bajo,0.0,1,0.25670175062164113,1,Denegar/Revisar,Medio
CLI-108538,Lima,1809.68,2179.1,308,1,52,289,Alto,2.0,1,0.8917381722119416,1,Denegar/Revisar,Muy alto
CLI-108539,Loreto,3600.67,603.67,774,0,42,136,Alto,2.0,0,0.04692423338655693,0,Aprobar,Bajo
CLI-108540,Piura,5268.88,2682.16,779,0,49,123,Medio,1.0,1,0.04544703560850301,0,Aprobar,Bajo
CLI-108541,Arequipa,5214.58,10107.83,377,1,30,32,Medio,1.0,0,0.9094723304412395,1,Denegar/Revisar,Muy alto
CLI-108542,Loreto,3600.67,5516.3,848,0,36,73,Alto,2.0,0,0.06489618210178734,0,Aprobar,Bajo
CLI-108543,Arequipa,3638.81,7385.13,787,0,49,191,Medio,1.0,1,0.14826190901756675,0,Aprobar,Bajo
CLI-108544,Lima,4027.23,6533.46,152,1,56,269,Medio,1.0,1,0.9808959458970337,1,Denegar/Revisar,Muy alto
CLI-108545,Piura,4671.59,1974.74,960,0,31,102,Medio,1.0,0,0.008548332169510377,0,Aprobar,Bajo
CLI-108546,Loreto,2008.99,4937.19,109,1,33,37,Alto,2.0,0,0.9891387579553942,1,Denegar/Revisar,Muy alto
CLI-108547,Lima,3655.12,5613.86,757,1,63,234,Bajo,0.0,1,0.14109308294915585,0,Aprobar,Bajo
CLI-108548,Lima,6620.19,920.91,838,0,41,30,Alto,2.0,0,0.014130401829253018,0,Aprobar,Bajo
CLI-108549,Lima,3897.24,7871.95,847,0,59,148,Medio,1.0,1,0.09378187204836398,0,Aprobar,Bajo
CLI-108550,Cusco,3618.28,2448.09,563,1,41,131,Bajo,0.0,1,0.3438085948387275,1,Denegar/Revisar,Medio
CLI-108551,Lima,6420.33,65.98,853,0,43,81,Alto,2.0,0,0.010770862653362448,0,Aprobar,Bajo
CLI-108552,Piura,3982.02,4124.38,916,0,36,203,Alto,2.0,0,0.02440616231714378,0,Aprobar,Bajo
CLI-108553,Lima,2671.79,4517.48,682,0,49,38,Bajo,0.0,1,0.24860975551257247,1,Denegar/Revisar,Bajo
CLI-108554,Lima,4713.78,3209.73,257,1,54,111,Bajo,0.0,1,0.893863301466245,1,Denegar/Revisar,Muy alto
CLI-108555,Arequipa,1494.74,955.14,118,1,27,54,Bajo,0.0,0,0.9760040738664919,1,Denegar/Revisar,Muy alto
CLI-108556,Lima,3655.12,2633.27,154,1,35,104,Alto,2.0,0,0.9616157864143282,1,Denegar/Revisar,Muy alto
CLI-108557,Piura,4495.24,2044.15,826,0,49,34,Bajo,0.0,1,0.03222256732103952,0,Aprobar,Bajo
CLI-108558,Arequipa,4613.61,12653.938750000001,820,0,38,95,Medio,1.0,0,0.227827894359031,1,Denegar/Revisar,Bajo
CLI-108559,Loreto,1025.0,6964.53,120,1,33,98,Bajo,0.0,1,0.9937251820132256,1,Denegar/Revisar,Muy alto
CLI-108560,Lima,4432.7,5740.25,381,1,50,203,Alto,2.0,1,0.8273880945077899,1,Denegar/Revisar,Muy alto
CLI-108561,Loreto,4130.76,9588.54,860,0,51,113,Alto,2.0,1,0.1147164477449396,0,Aprobar,Bajo
CLI-108562,Arequipa,4702.42,1608.12,639,0,34,116,Alto,2.0,0,0.14328502773111423,0,Aprobar,Bajo
CLI-108563,Loreto,4283.19,1910.28,516,0,42,249,Alto,2.0,1,0.38382810462129496,1,Denegar/Revisar,Medio
CLI-108564,Lima,4787.9,2714.04,907,0,26,57,Alto,2.0,0,0.016485936473028,0,Aprobar,Bajo
CLI-108565,Piura,3548.23,122.76,822,0,29,41,Medio,1.0,0,0.026874952808227964,0,Aprobar,Bajo
CLI-108566,Cusco,2688.79,3595.86,384,0,40,250,Bajo,0.0,1,0.8162106345166945,1,Denegar/Revisar,Muy alto
CLI-108567,Loreto,3680.56,1771.77,631,0,39,39,Alto,2.0,0,0.1913058451167389,0,Aprobar,Bajo
CLI-108568,Lima,4019.21,3299.2,631,0,29,82,Medio,1.0,0,0.2251259829460687,1,Denegar/Revisar,Bajo
CLI-108569,Lima,3084.0,36.08,610,0,31,22,Alto,2.0,0,0.1865364503867876,0,Aprobar,Bajo
CLI-108570,Lima,5796.4,1551.09,941,0,28,18,Medio,1.0,0,0.007205568858906551,0,Aprobar,Bajo
CLI-108571,Lima,2998.24,5855.57,495,0,44,121,Alto,2.0,0,0.7016186396281472,1,Denegar/Revisar,Alto
CLI-108572,Lima,1468.22,2781.25,219,1,18,0,Alto,2.0,0,0.9589054161037887,1,Denegar/Revisar,Muy alto
CLI-108573,Lima,3784.85,6221.45,196,1,28,30,Medio,1.0,0,0.9711440270615387,1,Denegar/Revisar,Muy alto
CLI-108574,Loreto,5759.75,4802.05,219,1,19,7,Alto,2.0,0,0.9296198120491412,1,Denegar/Revisar,Muy alto
CLI-108575,Lima,2020.67,7721.9,636,0,43,89,Medio,1.0,1,0.5286712066928908,1,Denegar/Revisar,Alto
CLI-108576,Arequipa,2816.03,29.89,252,1,19,8,Alto,2.0,0,0.8750701135189112,1,Denegar/Revisar,Muy alto
CLI-108577,Lima,4783.85,1211.59,344,0,40,144,Medio,1.0,1,0.698037253228159,1,Denegar/Revisar,Alto
CLI-108578,Lima,5096.76,3183.39,871,0,58,39,Bajo,0.0,1,0.023580747796491445,0,Aprobar,Bajo
CLI-108579,Lima,4661.86,11322.1,615,1,58,102,Medio,1.0,1,0.6128366302173327,1,Denegar/Revisar,Alto
CLI-108580,Lima,3529.73,4555.12,492,0,19,5,Medio,1.0,0,0.6098574732438682,1,Denegar/Revisar,Alto
CLI-108581,Arequipa,1025.0,2439.56,242,1,41,181,Medio,1.0,1,0.9491341758781215,1,Denegar/Revisar,Muy alto
CLI-108582,Loreto,4092.78,557.7,603,0,28,65,Alto,2.0,0,0.17785776656818045,0,Aprobar,Bajo
CLI-108583,Lima,4846.22,2718.68,893,0,26,25,Alto,2.0,0,0.01852664639915873,0,Aprobar,Bajo
CLI-108584,Lima,6080.76,2327.05,946,0,39,83,Medio,1.0,0,0.0075796040319423,0,Aprobar,Bajo
CLI-108585,Lima,3287.55,6028.31,957,0,52,105,Bajo,0.0,1,0.029040372558695227,0,Aprobar,Bajo
CLI-108586,Loreto,5662.23,2133.3,319,0,46,260,Alto,2.0,1,0.7505979867731561,1,Denegar/Revisar,Muy alto
CLI-108587,Arequipa,3910.33,1535.82,938,0,31,35,Alto,2.0,0,0.011836957855079754,0,Aprobar,Bajo
CLI-108588,Piura,2294.04,376.01,259,1,46,115,Medio,1.0,1,0.8845888048204975,1,Denegar/Revisar,Muy alto
CLI-108589,Arequipa,1768.85,190.47,175,1,18,0,Medio,1.0,0,0.9482060153962916,1,Denegar/Revisar,Muy alto
CLI-108590,Loreto,5489.49,2313.1,710,0,31,41,Alto,2.0,0,0.07669923358962412,0,Aprobar,Bajo
CLI-108591,Lima,2438.01,1703.87,791,0,29,49,Medio,1.0,0,0.06256241287168685,0,Aprobar,Bajo
CLI-108592,Lima,4923.89,3241.64,738,0,40,86,Alto,2.0,0,0.08140634850725723,0,Aprobar,Bajo
CLI-108593,Cusco,1550.65,4978.19,131,1,36,56,Bajo,0.0,1,0.9881120113154654,1,Denegar/Revisar,Muy alto
CLI-108594,Arequipa,4185.76,163.32,876,0,38,39,Alto,2.0,0,0.014821116119210028,0,Aprobar,Bajo
CLI-108595,Piura,1079.02,2742.44,433,0,36,46,Medio,1.0,0,0.7660322548695989,1,Denegar/Revisar,Muy alto
CLI-108596,Piura,4926.07,7921.19,624,0,40,141,Medio,1.0,1,0.4001820037079004,1,Denegar/Revisar,Medio
CLI-108597,Lima,3655.12,2429.1,539,0,45,144,Bajo,0.0,1,0.3932227973550458,1,Denegar/Revisar,Medio
CLI-108598,Piura,5318.15,2946.24,991,0,41,47,Alto,2.0,0,0.0070292534042448425,0,Aprobar,Bajo
CLI-108599,Arequipa,3638.81,2668.29,451,0,36,93,Medio,1.0,0,0.6004994890279958,1,Denegar/Revisar,Alto
CLI-108600,Lima,4167.62,1975.83,438,0,44,138,Alto,2.0,0,0.5742071550446891,1,Denegar/Revisar,Alto
CLI-108601,Arequipa,3428.84,466.67,499,0,48,94,Alto,2.0,0,0.39640176156387635,1,Denegar/Revisar,Medio
CLI-108602,Loreto,4600.96,540.33,495,0,33,53,Medio,1.0,0,0.3367379248820296,1,Denegar/Revisar,Medio
CLI-108603,Lima,3902.68,789.36,301,1,38,51,Alto,2.0,0,0.8014097925707376,1,Denegar/Revisar,Muy alto
CLI-108604,Lima,4052.36,6291.74,629,0,52,187,Bajo,0.0,1,0.36481939963308935,1,Denegar/Revisar,Medio
CLI-108605,Lima,1533.78,1288.17,192,1,26,14,Alto,2.0,0,0.9557512357603014,1,Denegar/Revisar,Muy alto
CLI-108606,Arequipa,3625.91,11835.58,891,0,59,324,Bajo,0.0,1,0.14898767763144685,0,Aprobar,Bajo
CLI-108607,Lima,2255.68,6646.51,457,0,24,12,Alto,2.0,0,0.8250337269140681,1,Denegar/Revisar,Muy alto
CLI-108608,Piura,5633.04,4614.9,495,0,36,54,Alto,2.0,0,0.49540550894907376,1,Denegar/Revisar,Medio
CLI-108609,Loreto,5524.54,5097.49,927,0,29,50,Alto,2.0,0,0.0190057831213017,0,Aprobar,Bajo
CLI-108610,Lima,2874.62,195.22,159,1,63,141,Bajo,0.0,1,0.9448147160110315,1,Denegar/Revisar,Muy alto
CLI-108611,Cusco,2808.78,3360.93,576,0,33,38,Medio,1.0,0,0.39503768423200586,1,Denegar/Revisar,Medio
CLI-108612,Cusco,2965.34,11324.73,825,0,33,104,Medio,1.0,0,0.2466587999952193,1,Denegar/Revisar,Bajo
CLI-108613,Lima,4105.71,159.58,711,0,35,23,Alto,2.0,0,0.06716092859945774,0,Aprobar,Bajo
CLI-108614,Lima,5464.81,1375.69,100,1,41,102,Medio,1.0,1,0.9527340693472438,1,Denegar/Revisar,Muy alto
CLI-108615,Cusco,3816.9,211.54,654,1,35,71,Medio,1.0,0,0.11335453326436212,0,Aprobar,Bajo
CLI-108616,Cusco,3560.7650000000003,3373.48,410,1,38,96,Medio,1.0,0,0.7229612351717329,1,Denegar/Revisar,Alto
CLI-108617,Lima,3447.5,494.1,267,0,18,0,Alto,2.0,0,0.8528768274888056,1,Denegar/Revisar,Muy alto
CLI-108618,Lima,3925.86,2609.94,291,1,40,33,Bajo,0.0,1,0.8662312102886726,1,Denegar/Revisar,Muy alto
CLI-108619,Lima,2052.12,5091.14,133,1,39,61,Alto,2.0,0,0.9867313932504327,1,Denegar/Revisar,Muy alto
CLI-108620,Cusco,2470.4,718.61,133,1,50,126,Bajo,0.0,1,0.964032999426964,1,Denegar/Revisar,Muy alto
CLI-108621,Lima,2827.79,5631.94,787,0,53,143,Bajo,0.0,1,0.13103102805969366,0,Aprobar,Bajo
CLI-108622,Piura,3988.88,248.37,516,0,37,156,Medio,1.0,1,0.31120476296481503,1,Denegar/Revisar,Medio
CLI-108623,Loreto,3748.87,648.31,807,0,48,172,Bajo,0.0,1,0.034036574369875255,0,Aprobar,Bajo
CLI-108624,Lima,3553.83,1314.63,257,1,27,39,Medio,1.0,0,0.8766716087962391,1,Denegar/Revisar,Muy alto
CLI-108625,Piura,2734.19,6360.48,856,0,47,172,Alto,2.0,1,0.08599260656254067,0,Aprobar,Bajo
CLI-108626,Lima,4381.59,7592.13,599,0,33,147,Medio,1.0,0,0.47169644860041,1,Denegar/Revisar,Medio
CLI-108627,Loreto,3683.35,995.79,465,0,26,36,Alto,2.0,0,0.4877910630020991,1,Denegar/Revisar,Medio
CLI-108628,Lima,3583.3,402.75,439,1,37,43,Alto,2.0,0,0.5232411506846565,1,Denegar/Revisar,Alto
CLI-108629,Arequipa,4998.06,7534.28,957,0,55,334,Medio,1.0,1,0.025908045210587014,0,Aprobar,Bajo
CLI-108630,Arequipa,3011.6,4192.07,434,1,41,70,Medio,1.0,0,0.7377604783385271,1,Denegar/Revisar,Alto
CLI-108631,Lima,9574.08,687.21,682,0,58,19,Bajo,0.0,1,0.028844698301448046,0,Aprobar,Bajo
CLI-108632,Lima,4054.67,3263.22,426,1,31,97,Alto,2.0,0,0.6703337561863277,1,Denegar/Revisar,Alto
CLI-108633,Lima,3083.67,8234.52,213,1,50,366,Bajo,0.0,1,0.9817110545194335,1,Denegar/Revisar,Muy alto
CLI-108634,Lima,3655.12,288.2,896,0,32,56,Alto,2.0,0,0.014274768700013568,0,Aprobar,Bajo
CLI-108635,Loreto,2752.11,349.74,517,0,41,101,Medio,1.0,1,0.37860272145491286,1,Denegar/Revisar,Medio
CLI-108636,Loreto,2802.44,1278.66,567,1,41,125,Medio,1.0,1,0.31431317338122355,1,Denegar/Revisar,Medio
CLI-108637,Lima,4184.55,4225.23,242,1,46,185,Alto,2.0,1,0.9314258270117385,1,Denegar/Revisar,Muy alto
CLI-108638,Piura,5249.71,9409.21,708,0,42,148,Alto,2.0,0,0.28596404125144864,1,Denegar/Revisar,Medio
CLI-108639,Piura,5103.63,6779.27,408,1,31,37,Medio,1.0,0,0.7923589348684384,1,Denegar/Revisar,Muy alto
CLI-108640,Loreto,1362.25,5552.07,500,0,48,264,Medio,1.0,1,0.7474681285183249,1,Denegar/Revisar,Alto
CLI-108641,Lima,3148.42,3293.07,419,1,58,146,Medio,1.0,1,0.7218125462193044,1,Denegar/Revisar,Alto
CLI-108642,Lima,3616.45,493.5,311,1,33,12,Bajo,0.0,0,0.7867182857523073,1,Denegar/Revisar,Muy alto
CLI-108643,Lima,4412.47,12653.938750000001,416,1,19,9,Alto,2.0,0,0.9342823854438668,1,Denegar/Revisar,Muy alto
CLI-108644,Piura,3857.87,2693.64,284,1,45,79,Medio,1.0,1,0.8731026917271822,1,Denegar/Revisar,Muy alto
CLI-108645,Lima,1831.38,2406.45,304,1,35,89,Alto,2.0,0,0.8992683221079957,1,Denegar/Revisar,Muy alto
CLI-108646,Lima,4198.14,12653.938750000001,463,1,38,192,Medio,1.0,1,0.9024511611555935,1,Denegar/Revisar,Muy alto
CLI-108647,Lima,3611.85,7976.53,315,1,45,82,Medio,1.0,1,0.9432472594123139,1,Denegar/Revisar,Muy alto
CLI-108648,Arequipa,3667.77,2437.93,345,1,34,126,Medio,1.0,0,0.7935651395312392,1,Denegar/Revisar,Muy alto
CLI-108649,Lima,3655.12,2170.66,338,1,36,117,Alto,2.0,0,0.8017378414533969,1,Denegar/Revisar,Muy alto
CLI-108650,Lima,3655.12,403.3,904,0,38,120,Alto,2.0,0,0.013578131049742178,0,Aprobar,Bajo
CLI-108651,Lima,6198.35,10442.52,490,1,56,100,Alto,2.0,1,0.7554804725674421,1,Denegar/Revisar,Muy alto
CLI-108652,Lima,5217.17,7425.83,619,0,40,97,Bajo,0.0,1,0.3795450077116902,1,Denegar/Revisar,Medio
CLI-108653,Piura,3783.54,1484.27,689,0,25,32,Alto,2.0,0,0.11202221339102858,0,Aprobar,Bajo
CLI-108654,Lima,4301.17,5598.67,935,0,26,32,Alto,2.0,0,0.025852512476178993,0,Aprobar,Bajo
CLI-108655,Lima,6586.25,5754.22,376,0,42,96,Medio,1.0,1,0.7462830223426171,1,Denegar/Revisar,Alto
CLI-108656,Piura,3170.0,1034.62,301,0,26,43,Alto,2.0,0,0.8343722650381669,1,Denegar/Revisar,Muy alto
CLI-108657,Lima,2950.81,3804.1,313,0,22,11,Medio,1.0,0,0.8910604213451224,1,Denegar/Revisar,Muy alto
CLI-108658,Lima,2719.89,1177.64,705,0,46,91,Alto,2.0,0,0.11524120465931406,0,Aprobar,Bajo
CLI-108659,Loreto,3303.5,6240.42,577,0,46,171,Bajo,0.0,1,0.5240383348949436,1,Denegar/Revisar,Alto
CLI-108660,Lima,1189.73,668.04,607,1,34,91,Alto,2.0,0,0.29493799297223133,1,Denegar/Revisar,Medio
CLI-108661,Lima,3629.19,4421.41,174,1,42,198,Alto,2.0,1,0.9682315395159693,1,Denegar/Revisar,Muy alto
CLI-108662,Lima,5924.89,1578.17,768,0,42,20,Medio,1.0,0,0.03466065445681099,0,Aprobar,Bajo
CLI-108663,Lima,5933.6,147.41,764,0,47,167,Alto,2.0,1,0.027785964432940357,0,Aprobar,Bajo
CLI-108664,Piura,1928.31,528.21,241,1,45,129,Bajo,0.0,1,0.9138020308591235,1,Denegar/Revisar,Muy alto
CLI-108665,Piura,1025.0,4255.67,689,1,18,1,Alto,2.0,0,0.3005095434016882,1,Denegar/Revisar,Medio
CLI-108666,Arequipa,3850.91,1097.3,421,1,36,23,Bajo,0.0,1,0.5857611641332783,1,Denegar/Revisar,Alto
CLI-108667,Lima,6064.06,3988.22,793,1,46,254,Medio,1.0,1,0.04374186886598967,0,Aprobar,Bajo
CLI-108668,Lima,1213.79,2143.36,560,0,34,67,Medio,1.0,0,0.45931037634629124,1,Denegar/Revisar,Medio
CLI-108669,Loreto,3551.59,4719.9,806,0,39,112,Medio,1.0,1,0.07804905942723292,0,Aprobar,Bajo
CLI-108670,Cusco,4574.12,12653.938750000001,769,1,48,44,Alto,2.0,0,0.3330225106170926,1,Denegar/Revisar,Medio
CLI-108671,Lima,1728.41,1475.84,245,1,39,68,Bajo,0.0,1,0.9289027070074013,1,Denegar/Revisar,Muy alto
CLI-108672,Lima,1025.0,630.45,153,1,55,104,Bajo,0.0,1,0.9682525880780197,1,Denegar/Revisar,Muy alto
CLI-108673,Lima,2294.43,1668.72,455,0,51,249,Bajo,0.0,1,0.6246574337629702,1,Denegar/Revisar,Alto
CLI-108674,Lima,3655.12,4030.27,376,1,38,157,Medio,1.0,1,0.8013825838667594,1,Denegar/Revisar,Muy alto
CLI-108675,Lima,1510.76,5395.59,920,0,36,58,Alto,2.0,0,0.05295838257832328,0,Aprobar,Bajo
CLI-108676,Lima,5495.32,699.03,694,0,18,0,Alto,2.0,0,0.0641524522293004,0,Aprobar,Bajo
CLI-108677,Arequipa,5828.87,4365.82,499,1,36,81,Bajo,0.0,1,0.4615896120147093,1,Denegar/Revisar,Medio
CLI-108678,Piura,4078.34,790.29,767,0,24,25,Alto,2.0,0,0.04666721389435607,0,Aprobar,Bajo
CLI-108679,Lima,4824.23,1003.19,615,0,42,66,Medio,1.0,0,0.1470875641766895,0,Aprobar,Bajo
CLI-108680,Lima,1477.22,3031.32,598,1,40,39,Medio,1.0,0,0.4029483987682576,1,Denegar/Revisar,Medio
CLI-108681,Loreto,3107.63,1365.47,410,0,46,210,Medio,1.0,1,0.6548172175515578,1,Denegar/Revisar,Alto
CLI-108682,Lima,2371.64,4334.05,370,1,54,109,Bajo,0.0,1,0.8643267537660779,1,Denegar/Revisar,Muy alto
CLI-108683,Piura,4467.34,12474.01,675,1,39,156,Medio,1.0,1,0.5432790476749576,1,Denegar/Revisar,Alto
CLI-108684,Lima,1025.0,644.87,548,0,63,105,Medio,1.0,1,0.41989588515485554,1,Denegar/Revisar,Medio
CLI-108685,Piura,2465.89,3380.64,211,1,41,69,Alto,2.0,0,0.9577120130455702,1,Denegar/Revisar,Muy alto
CLI-108686,Lima,4118.6,10271.37,338,1,25,43,Alto,2.0,0,0.9525920484301822,1,Denegar/Revisar,Muy alto
CLI-108687,Lima,3343.3,776.91,243,1,33,66,Alto,2.0,0,0.8875933009490093,1,Denegar/Revisar,Muy alto
CLI-108688,Lima,4620.36,1828.2,473,0,35,60,Alto,2.0,0,0.4587128850198559,1,Denegar/Revisar,Medio
CLI-108689,Lima,1840.44,527.81,119,1,45,225,Medio,1.0,1,0.9703229835766566,1,Denegar/Revisar,Muy alto
CLI-108690,Lima,1025.0,4109.31,675,0,28,17,Alto,2.0,0,0.3220319247284611,1,Denegar/Revisar,Medio
CLI-108691,Arequipa,4924.33,4424.28,388,1,36,73,Medio,1.0,0,0.7448034878748883,1,Denegar/Revisar,Alto
CLI-108692,Lima,5022.72,4364.75,692,0,38,96,Medio,1.0,0,0.1399023191713242,0,Aprobar,Bajo
CLI-108693,Lima,5445.14,3124.65,296,1,35,112,Medio,1.0,0,0.823292257997367,1,Denegar/Revisar,Muy alto
CLI-108694,Piura,3573.38,5485.79,481,0,48,210,Bajo,0.0,1,0.6845585217946554,1,Denegar/Revisar,Alto
CLI-108695,Piura,4484.36,146.15,680,0,46,98,Alto,2.0,0,0.0808366843192501,0,Aprobar,Bajo
CLI-108696,Cusco,7587.87,12634.27,797,0,53,149,Medio,1.0,1,0.15511804367291607,0,Aprobar,Bajo
CLI-108697,Piura,1279.48,1004.61,778,0,34,60,Medio,1.0,0,0.07842944339509997,0,Aprobar,Bajo
CLI-108698,Lima,4799.06,518.44,816,0,53,266,Medio,1.0,1,0.023209375237421684,0,Aprobar,Bajo
CLI-108699,Piura,3660.39,11330.11,591,1,24,19,Alto,2.0,0,0.7225107904179869,1,Denegar/Revisar,Alto
CLI-108700,Cusco,3344.87,7098.12,263,1,24,44,Alto,2.0,0,0.9613338044112191,1,Denegar/Revisar,Muy alto
CLI-108701,Loreto,4009.46,5790.47,705,0,26,18,Alto,2.0,0,0.20369481449283522,1,Denegar/Revisar,Bajo
CLI-108702,Lima,1025.0,442.59,348,1,38,37,Medio,1.0,0,0.8190990378919778,1,Denegar/Revisar,Muy alto
CLI-108703,Lima,5034.83,6591.24,167,1,53,92,Bajo,0.0,1,0.9737817690935482,1,Denegar/Revisar,Muy alto
CLI-108704,Lima,6011.41,3756.43,954,0,33,100,Alto,2.0,0,0.010018096362135971,0,Aprobar,Bajo
CLI-108705,Piura,4663.84,5265.71,120,1,34,57,Medio,1.0,0,0.9786119545633595,1,Denegar/Revisar,Muy alto
CLI-108706,Arequipa,4327.67,12653.938750000001,930,0,37,38,Medio,1.0,0,0.1009999636171501,0,Aprobar,Bajo
CLI-108707,Piura,3240.91,864.88,611,0,45,90,Medio,1.0,1,0.20070123108187235,1,Denegar/Revisar,Bajo
CLI-108708,Lima,3881.94,2807.8,696,1,34,48,Alto,2.0,0,0.13247638738811954,0,Aprobar,Bajo
CLI-108709,Arequipa,6026.98,5599.17,489,1,34,83,Alto,2.0,0,0.5385134574485451,1,Denegar/Revisar,Alto
CLI-108710,Loreto,3379.54,2274.22,635,0,24,27,Alto,2.0,0,0.21364183972799478,1,Denegar/Revisar,Bajo
CLI-108711,Lima,5142.91,224.81,210,1,33,95,Alto,2.0,0,0.86315886322243,1,Denegar/Revisar,Muy alto
CLI-108712,Arequipa,4203.35,472.61,962,1,52,228,Medio,1.0,1,0.006821897428621698,0,Aprobar,Bajo
CLI-108713,Lima,2602.11,3686.14,694,0,40,67,Alto,2.0,0,0.20132888324213755,1,Denegar/Revisar,Bajo
CLI-108714,Loreto,1322.13,1341.91,969,0,30,4,Medio,1.0,0,0.01485736838359907,0,Aprobar,Bajo
CLI-108715,Loreto,4479.2,593.26,559,0,53,126,Medio,1.0,1,0.22464325186412348,1,Denegar/Revisar,Bajo
CLI-108716,Piura,4006.18,1661.41,177,1,33,87,Alto,2.0,0,0.9381098030742777,1,Denegar/Revisar,Muy alto
CLI-108717,Arequipa,1840.2,897.48,533,1,54,143,Bajo,0.0,1,0.43049838871190577,1,Denegar/Revisar,Medio
CLI-108718,Loreto,5673.3,96.92,479,0,55,105,Bajo,0.0,1,0.30327343396741,1,Denegar/Revisar,Medio
CLI-108719,Lima,3655.12,658.62,751,0,40,98,Medio,1.0,1,0.0554664440868994,0,Aprobar,Bajo
CLI-108720,Lima,4640.66,8584.99,539,1,23,32,Alto,2.0,0,0.6542022185250479,1,Denegar/Revisar,Alto
CLI-108721,Arequipa,3638.81,48.44,987,0,64,324,Bajo,0.0,1,0.005850311974943218,0,Aprobar,Bajo
CLI-108722,Lima,5873.75,5946.23,882,0,44,166,Alto,2.0,1,0.031569849086071425,0,Aprobar,Bajo
CLI-108723,Lima,1025.0,5600.94,438,1,34,75,Alto,2.0,0,0.8573959677462503,1,Denegar/Revisar,Muy alto
CLI-108724,Loreto,5146.31,3322.63,523,0,50,103,Medio,1.0,1,0.38237195452140044,1,Denegar/Revisar,Medio
CLI-108725,Arequipa,2818.74,935.04,268,1,46,185,Medio,1.0,1,0.8752830102754889,1,Denegar/Revisar,Muy alto
CLI-108726,Lima,3605.46,8416.88,808,0,53,196,Bajo,0.0,1,0.15693862145682821,0,Aprobar,Bajo
CLI-108727,Lima,4459.51,2578.0,361,0,32,106,Alto,2.0,0,0.7466459715897747,1,Denegar/Revisar,Alto
CLI-108728,Lima,5593.03,760.8,826,0,43,182,Medio,1.0,1,0.018586172103825998,0,Aprobar,Bajo
CLI-108729,Lima,1025.0,2241.62,678,0,25,29,Medio,1.0,0,0.230497537584694,1,Denegar/Revisar,Bajo
CLI-108730,Lima,1221.32,867.24,328,0,45,181,Alto,2.0,1,0.8557562519027022,1,Denegar/Revisar,Muy alto
CLI-108731,Arequipa,4818.82,1886.47,260,1,39,29,Medio,1.0,0,0.8532563095406039,1,Denegar/Revisar,Muy alto
CLI-108732,Lima,4264.48,2746.18,526,0,42,48,Alto,2.0,0,0.40461591315877643,1,Denegar/Revisar,Medio
CLI-108733,Lima,3655.12,1784.53,221,1,37,125,Medio,1.0,1,0.914879602098507,1,Denegar/Revisar,Muy alto
CLI-108734,Lima,1517.49,4280.62,248,1,35,113,Medio,1.0,0,0.958695432193521,1,Denegar/Revisar,Muy alto
CLI-108735,Cusco,5060.26,10990.35,951,0,30,31,Alto,2.0,0,0.05642596843392654,0,Aprobar,Bajo
CLI-108736,Lima,5936.4,1711.76,804,0,49,63,Bajo,0.0,1,0.02658245666803125,0,Aprobar,Bajo
CLI-108737,Lima,7660.9,1758.61,842,0,57,42,Medio,1.0,1,0.012299992912300365,0,Aprobar,Bajo
CLI-108738,Lima,2388.72,5362.26,210,1,32,124,Alto,2.0,0,0.9725036609388615,1,Denegar/Revisar,Muy alto
CLI-108739,Piura,3660.39,3025.12,756,0,45,160,Medio,1.0,1,0.08445738505436577,0,Aprobar,Bajo
CLI-108740,Piura,5922.32,2240.34,320,1,45,60,Alto,2.0,0,0.7416719379844839,1,Denegar/Revisar,Alto
CLI-108741,Lima,1025.0,6723.91,163,1,38,109,Medio,1.0,0,0.9897709348315985,1,Denegar/Revisar,Muy alto
CLI-108742,Lima,6672.69,8866.95,737,0,23,14,Medio,1.0,0,0.15838362604227446,0,Aprobar,Bajo
CLI-108743,Lima,4458.97,3572.12,829,0,25,9,Alto,2.0,0,0.043132981710183455,0,Aprobar,Bajo
CLI-108744,Piura,4402.3,9825.31,895,0,31,56,Bajo,0.0,0,0.08434056968896433,0,Aprobar,Bajo
CLI-108745,Piura,2593.41,2511.58,453,0,18,1,Alto,2.0,0,0.6540183886643977,1,Denegar/Revisar,Alto
CLI-108746,Lima,3100.16,2807.71,573,0,54,252,Alto,2.0,1,0.3672566475981344,1,Denegar/Revisar,Medio
CLI-108747,Lima,3655.12,2264.0,847,0,43,157,Alto,2.0,0,0.03363543420759311,0,Aprobar,Bajo
CLI-108748,Lima,2238.46,1217.59,584,0,38,47,Medio,1.0,0,0.305437714060812,1,Denegar/Revisar,Medio
CLI-108749,Lima,3398.43,2557.07,112,1,18,0,Alto,2.0,0,0.9748747567365039,1,Denegar/Revisar,Muy alto
CLI-108750,Piura,3660.39,2366.31,252,1,19,9,Alto,2.0,0,0.9041353851347061,1,Denegar/Revisar,Muy alto
CLI-108751,Lima,1604.38,940.33,338,0,38,108,Medio,1.0,0,0.8284581274597759,1,Denegar/Revisar,Muy alto
CLI-108752,Lima,2035.25,9349.98,289,1,60,98,Bajo,0.0,1,0.9769979314491054,1,Denegar/Revisar,Muy alto
CLI-108753,Lima,4408.52,8663.17,762,0,32,109,Medio,1.0,0,0.1942733177401677,0,Aprobar,Bajo
CLI-108754,Cusco,1198.25,5702.08,185,1,48,207,Alto,2.0,1,0.9844549679703787,1,Denegar/Revisar,Muy alto
CLI-108755,Loreto,3106.2,2049.62,120,1,33,27,Medio,1.0,0,0.9708452637020596,1,Denegar/Revisar,Muy alto
CLI-108756,Lima,3681.47,1850.31,793,0,40,83,Alto,2.0,0,0.04997936354260953,0,Aprobar,Bajo
CLI-108757,Lima,1025.0,5041.68,418,1,51,274,Medio,1.0,1,0.8611476801539598,1,Denegar/Revisar,Muy alto
CLI-108758,Lima,3721.45,3747.19,257,1,35,63,Medio,1.0,0,0.9195396191670222,1,Denegar/Revisar,Muy alto
CLI-108759,Lima,2818.47,3671.15,580,0,31,110,Alto,2.0,0,0.410485147536979,1,Denegar/Revisar,Medio
CLI-108760,Lima,5993.57,530.07,978,0,56,313,Bajo,0.0,1,0.004087787572829351,0,Aprobar,Bajo
CLI-108761,Arequipa,2556.76,3852.31,175,1,39,103,Alto,2.0,0,0.9717025953286115,1,Denegar/Revisar,Muy alto
CLI-108762,Piura,2289.03,9285.56,428,1,50,157,Bajo,0.0,1,0.9147035160498895,1,Denegar/Revisar,Muy alto
CLI-108763,Loreto,3480.13,358.9,515,1,31,15,Alto,2.0,0,0.35314682397087505,1,Denegar/Revisar,Medio
CLI-108764,Lima,4966.96,1657.04,302,0,55,127,Bajo,0.0,1,0.7895195293468105,1,Denegar/Revisar,Muy alto
CLI-108765,Loreto,5918.73,2845.36,328,1,43,57,Medio,1.0,0,0.7445496140085498,1,Denegar/Revisar,Alto
CLI-108766,Arequipa,3891.61,4633.57,251,1,44,105,Alto,2.0,0,0.9357509615313842,1,Denegar/Revisar,Muy alto
CLI-108767,Lima,3364.45,375.64,874,0,40,131,Medio,1.0,1,0.018323561834952026,0,Aprobar,Bajo
CLI-108768,Lima,2890.91,8248.17,171,1,33,40,Bajo,0.0,0,0.988162889845838,1,Denegar/Revisar,Muy alto
CLI-108769,Lima,3000.37,165.56,324,1,39,38,Alto,2.0,0,0.7785101621915034,1,Denegar/Revisar,Muy alto
CLI-108770,Lima,3418.64,7798.98,572,1,34,77,Medio,1.0,0,0.6003867692929603,1,Denegar/Revisar,Alto
CLI-108771,Lima,4110.41,112.17,996,0,50,139,Medio,1.0,1,0.004705644666864851,0,Aprobar,Bajo
CLI-108772,Piura,3660.39,666.69,742,0,37,75,Alto,2.0,0,0.06229694982856195,0,Aprobar,Bajo
CLI-108773,Lima,4881.43,6444.23,459,1,23,39,Alto,2.0,0,0.7068359087907128,1,Denegar/Revisar,Alto
CLI-108774,Cusco,3560.7650000000003,7869.15,639,0,21,9,Alto,2.0,0,0.4498890829587692,1,Denegar/Revisar,Medio
CLI-108775,Lima,4354.74,12653.938750000001,910,0,20,12,Medio,1.0,0,0.11869706664351225,0,Aprobar,Bajo
CLI-108776,Cusco,5804.12,491.9,708,0,47,139,Alto,2.0,1,0.050838744485238695,0,Aprobar,Bajo
CLI-108777,Lima,3676.58,2990.0,145,1,26,38,Alto,2.0,0,0.9669381069509329,1,Denegar/Revisar,Muy alto
CLI-108778,Arequipa,1025.35,321.18,100,1,41,194,Bajo,0.0,1,0.9791529117354301,1,Denegar/Revisar,Muy alto
CLI-108779,Lima,3655.12,680.34,777,0,40,128,Bajo,0.0,1,0.045836869110220085,0,Aprobar,Bajo
CLI-108780,Lima,3655.12,767.03,344,1,38,73,Medio,1.0,0,0.7322360509529442,1,Denegar/Revisar,Alto
CLI-108781,Loreto,2595.03,261.95,318,1,43,106,Bajo,0.0,1,0.8065431178165542,1,Denegar/Revisar,Muy alto
CLI-108782,Lima,2886.0,8938.95,713,0,40,101,Medio,1.0,1,0.3655660433632485,1,Denegar/Revisar,Medio
CLI-108783,Arequipa,4363.61,540.33,390,0,18,0,Alto,2.0,0,0.5988521167872716,1,Denegar/Revisar,Alto
CLI-108784,Piura,3193.67,3969.89,557,1,35,115,Alto,2.0,0,0.4575591842612624,1,Denegar/Revisar,Medio
CLI-108785,Lima,3947.18,3931.29,303,1,44,168,Bajo,0.0,1,0.8838670796353122,1,Denegar/Revisar,Muy alto
CLI-108786,Lima,3655.12,885.81,301,1,57,137,Bajo,0.0,1,0.813504168657506,1,Denegar/Revisar,Muy alto
CLI-108787,Arequipa,2635.02,12653.938750000001,665,1,57,113,Bajo,0.0,1,0.6750285248762701,1,Denegar/Revisar,Alto
CLI-108788,Lima,2622.33,1706.97,581,0,24,30,Medio,1.0,0,0.31451013327877075,1,Denegar/Revisar,Medio
CLI-108789,Arequipa,1753.38,9419.49,891,0,34,53,Medio,1.0,0,0.13507844988771298,0,Aprobar,Bajo
CLI-108790,Loreto,2062.23,11848.01,610,1,21,17,Alto,2.0,0,0.7788413626237183,1,Denegar/Revisar,Muy alto
CLI-108791,Lima,4196.57,11902.84,377,1,56,84,Medio,1.0,1,0.9489480474034657,1,Denegar/Revisar,Muy alto
CLI-108792,Lima,4538.66,5590.84,115,1,50,222,Medio,1.0,1,0.981438270005295,1,Denegar/Revisar,Muy alto
CLI-108793,Arequipa,2832.36,1171.07,624,0,43,99,Bajo,0.0,1,0.2131700054162645,1,Denegar/Revisar,Bajo
CLI-108794,Lima,1347.53,514.31,455,0,40,181,Medio,1.0,1,0.6098799210803051,1,Denegar/Revisar,Alto
CLI-108795,Lima,5116.76,3374.81,455,0,55,129,Bajo,0.0,1,0.5534861210845405,1,Denegar/Revisar,Alto
CLI-108796,Lima,6109.14,1785.39,929,0,53,167,Alto,2.0,1,0.008181178803534287,0,Aprobar,Bajo
CLI-108797,Piura,4980.44,7112.35,698,0,52,64,Medio,1.0,1,0.21715508546366427,1,Denegar/Revisar,Bajo
CLI-108798,Lima,1025.0,5465.81,177,1,43,97,Medio,1.0,1,0.9848608414642448,1,Denegar/Revisar,Muy alto
CLI-108799,Lima,3604.68,1294.44,166,1,35,83,Alto,2.0,0,0.9446616677780351,1,Denegar/Revisar,Muy alto
CLI-108800,Arequipa,5243.37,68.65,958,0,48,156,Alto,2.0,1,0.005317581360301242,0,Aprobar,Bajo
CLI-108801,Lima,5494.86,1083.64,822,0,49,226,Medio,1.0,1,0.021080640531588063,0,Aprobar,Bajo
CLI-108802,Lima,3352.48,3349.14,313,1,37,29,Medio,1.0,0,0.8712810810524567,1,Denegar/Revisar,Muy alto
CLI-108803,Cusco,2966.74,329.17,796,0,35,127,Alto,2.0,0,0.041950410900296366,0,Aprobar,Bajo
CLI-108804,Arequipa,2989.19,4294.97,548,1,51,198,Medio,1.0,1,0.49796811083533005,1,Denegar/Revisar,Medio
CLI-108805,Loreto,5329.58,4455.26,532,0,58,58,Alto,2.0,1,0.418540189138735,1,Denegar/Revisar,Medio
CLI-108806,Lima,4357.31,742.4,644,0,31,120,Alto,2.0,0,0.1258764110478843,0,Aprobar,Bajo
CLI-108807,Arequipa,1025.0,3628.51,214,1,35,82,Medio,1.0,0,0.9689348968570964,1,Denegar/Revisar,Muy alto
CLI-108808,Lima,6831.7,3735.49,886,0,44,108,Alto,2.0,0,0.015517338998363073,0,Aprobar,Bajo
CLI-108809,Lima,5271.32,2600.18,519,0,45,213,Bajo,0.0,1,0.3577680327345187,1,Denegar/Revisar,Medio
CLI-108810,Lima,6189.75,12251.41,598,0,34,13,Alto,2.0,0,0.622208140039005,1,Denegar/Revisar,Alto
CLI-108811,Lima,5819.47,457.89,809,0,61,287,Bajo,0.0,1,0.02013150368177189,0,Aprobar,Bajo
CLI-108812,Loreto,2065.4,2087.72,479,0,43,35,Medio,1.0,0,0.5956498454023461,1,Denegar/Revisar,Alto
CLI-108813,Lima,3479.01,8579.62,242,1,45,141,Medio,1.0,1,0.974756440623247,1,Denegar/Revisar,Muy alto
CLI-108814,Arequipa,5083.24,1953.09,839,0,59,219,Medio,1.0,1,0.023696627657608813,0,Aprobar,Bajo
CLI-108815,Arequipa,1945.54,2211.03,731,0,33,44,Bajo,0.0,1,0.1318989948113508,0,Aprobar,Bajo
CLI-108816,Piura,2669.42,4413.78,964,0,38,37,Medio,1.0,0,0.021641150513089083,0,Aprobar,Bajo
CLI-108817,Lima,3861.1,4381.23,123,1,25,22,Medio,1.0,0,0.9780037306650639,1,Denegar/Revisar,Muy alto
CLI-108818,Piura,3660.39,92.67,638,0,37,111,Medio,1.0,0,0.13060528473688818,0,Aprobar,Bajo
CLI-108819,Lima,6400.33,2433.0,174,1,24,42,Medio,1.0,0,0.9101583458389022,1,Denegar/Revisar,Muy alto
CLI-108820,Lima,3813.42,1622.93,852,0,47,59,Alto,2.0,0,0.027199449032301988,0,Aprobar,Bajo
CLI-108821,Cusco,1243.58,3952.17,634,0,43,52,Alto,2.0,0,0.3908503648136152,1,Denegar/Revisar,Medio
CLI-108822,Lima,3817.3,3245.04,772,0,36,82,Medio,1.0,0,0.07423878417882178,0,Aprobar,Bajo
CLI-108823,Lima,4045.19,4209.15,140,1,38,49,Medio,1.0,0,0.9722427470980449,1,Denegar/Revisar,Muy alto
CLI-108824,Loreto,3651.85,4242.58,849,0,47,58,Medio,1.0,1,0.04757973012695019,0,Aprobar,Bajo
CLI-108825,Lima,4352.62,1176.8,850,0,27,11,Alto,2.0,0,0.022366864032474395,0,Aprobar,Bajo
CLI-108826,Arequipa,2870.85,1131.92,667,0,41,142,Bajo,0.0,1,0.15103594596313633,0,Aprobar,Bajo
CLI-108827,Lima,5313.64,1849.94,512,0,47,226,Bajo,0.0,1,0.3345541707040723,1,Denegar/Revisar,Medio
CLI-108828,Lima,4644.92,1108.07,514,0,20,7,Alto,2.0,0,0.3300583612061724,1,Denegar/Revisar,Medio
CLI-108829,Lima,2365.89,4592.99,548,1,46,237,Alto,2.0,1,0.5592021410181915,1,Denegar/Revisar,Alto
CLI-108830,Lima,3135.11,3693.93,709,0,20,7,Medio,1.0,0,0.1571963001507309,0,Aprobar,Bajo
CLI-108831,Lima,2994.76,975.36,757,0,37,119,Alto,2.0,0,0.06707001169460726,0,Aprobar,Bajo
CLI-108832,Arequipa,1456.57,8620.28,873,0,25,33,Alto,2.0,0,0.14812874559148445,0,Aprobar,Bajo
CLI-108833,Piura,2427.03,2469.66,535,1,54,133,Bajo,0.0,1,0.47434068433557075,1,Denegar/Revisar,Medio
CLI-108834,Cusco,1142.71,543.52,651,0,25,19,Alto,2.0,0,0.2142213625438055,1,Denegar/Revisar,Bajo
CLI-108835,Lima,5508.37,957.93,804,0,22,16,Alto,2.0,0,0.025076237630158087,0,Aprobar,Bajo
CLI-108836,Piura,4695.31,3104.82,338,0,41,45,Bajo,0.0,1,0.7946367264350437,1,Denegar/Revisar,Muy alto
CLI-108837,Piura,2333.82,1652.52,141,1,34,19,Medio,1.0,0,0.9678266442046154,1,Denegar/Revisar,Muy alto
CLI-108838,Cusco,3560.7650000000003,7621.2,833,0,22,15,Alto,2.0,0,0.11171201394411925,0,Aprobar,Bajo
CLI-108839,Lima,5720.5,2730.69,807,0,46,163,Alto,2.0,1,0.03345834491849885,0,Aprobar,Bajo
CLI-108840,Piura,5473.67,9874.31,899,0,18,0,Alto,2.0,0,0.0653411321659268,0,Aprobar,Bajo
CLI-108841,Loreto,5725.05,429.57,109,1,28,33,Alto,2.0,0,0.9368735010024722,1,Denegar/Revisar,Muy alto
CLI-108842,Lima,4581.12,4417.63,846,0,33,95,Medio,1.0,0,0.041204958666941564,0,Aprobar,Bajo
CLI-108843,Loreto,6550.95,8678.69,936,0,49,253,Medio,1.0,1,0.0279604092668604,0,Aprobar,Bajo
CLI-108844,Lima,3370.68,1386.51,364,1,53,183,Bajo,0.0,1,0.7414828049418628,1,Denegar/Revisar,Alto
CLI-108845,Arequipa,3680.75,583.28,680,0,51,113,Alto,2.0,1,0.10412152392187335,0,Aprobar,Bajo
CLI-108846,Cusco,4606.03,2439.97,544,1,38,117,Medio,1.0,1,0.32354490638954003,1,Denegar/Revisar,Medio
CLI-108847,Arequipa,3804.23,12653.938750000001,238,1,18,0,Medio,1.0,0,0.988189221572845,1,Denegar/Revisar,Muy alto
CLI-108848,Lima,3520.12,4014.61,966,0,43,215,Alto,2.0,1,0.016736981258847178,0,Aprobar,Bajo
CLI-108849,Lima,3655.12,4131.04,830,0,55,90,Bajo,0.0,1,0.05709793304850787,0,Aprobar,Bajo
CLI-108850,Cusco,3202.16,4452.89,295,1,52,80,Medio,1.0,1,0.9128678965029439,1,Denegar/Revisar,Muy alto
CLI-108851,Lima,1025.0,162.29,173,1,43,109,Bajo,0.0,1,0.9581613537938386,1,Denegar/Revisar,Muy alto
CLI-108852,Lima,3466.7,2359.83,714,0,26,36,Alto,2.0,0,0.1144221585907714,0,Aprobar,Bajo
CLI-108853,Arequipa,1674.49,322.98,324,1,32,68,Alto,2.0,0,0.8317261011422433,1,Denegar/Revisar,Muy alto
CLI-108854,Lima,3103.48,1518.36,734,0,60,200,Bajo,0.0,1,0.0888800410095681,0,Aprobar,Bajo
CLI-108855,Lima,1733.9,6894.89,201,1,23,33,Medio,1.0,0,0.9834938926053824,1,Denegar/Revisar,Muy alto
CLI-108856,Lima,4377.86,4271.59,363,0,27,30,Medio,1.0,0,0.8022103114434147,1,Denegar/Revisar,Muy alto
CLI-108857,Lima,3690.02,12653.938750000001,260,1,49,105,Medio,1.0,1,0.9858944918801938,1,Denegar/Revisar,Muy alto
CLI-108858,Piura,3243.43,755.71,332,1,34,40,Alto,2.0,0,0.77733262568836,1,Denegar/Revisar,Muy alto
CLI-108859,Piura,3104.94,2023.71,590,1,26,17,Alto,2.0,0,0.2952215535926021,1,Denegar/Revisar,Medio
CLI-108860,Piura,5824.05,6635.36,886,0,57,217,Alto,2.0,1,0.03543659245921405,0,Aprobar,Bajo
CLI-108861,Loreto,5588.97,971.81,869,0,45,201,Bajo,0.0,1,0.013573536835225148,0,Aprobar,Bajo
CLI-108862,Loreto,3153.29,667.63,410,1,35,149,Alto,2.0,0,0.627333929796426,1,Denegar/Revisar,Alto
CLI-108863,Piura,6032.12,2231.76,750,0,27,71,Alto,2.0,0,0.047138067630300956,0,Aprobar,Bajo
CLI-108864,Lima,2867.69,1936.26,326,1,61,69,Bajo,0.0,1,0.8379396161129452,1,Denegar/Revisar,Muy alto
CLI-108865,Arequipa,3551.05,12653.938750000001,372,1,39,94,Medio,1.0,0,0.9618954857225543,1,Denegar/Revisar,Muy alto
CLI-108866,Lima,2470.67,2437.07,416,1,54,97,Medio,1.0,1,0.7227421775417191,1,Denegar/Revisar,Alto
CLI-108867,Piura,3906.18,7891.58,998,0,49,68,Bajo,0.0,1,0.025474657854243528,0,Aprobar,Bajo
CLI-108868,Piura,1929.48,8755.79,185,1,33,59,Alto,2.0,0,0.9902777658693002,1,Denegar/Revisar,Muy alto
CLI-108869,Lima,4311.39,687.29,390,1,34,43,Medio,1.0,0,0.5999735087779879,1,Denegar/Revisar,Alto
CLI-108870,Cusco,4200.33,5025.34,568,0,55,233,Bajo,0.0,1,0.42946011789121097,1,Denegar/Revisar,Medio
CLI-108871,Lima,2576.89,1300.74,828,0,55,158,Bajo,0.0,1,0.041768129926690586,0,Aprobar,Bajo
CLI-108872,Arequipa,3638.81,398.13,970,0,18,0,Alto,2.0,0,0.007376380369182597,0,Aprobar,Bajo
CLI-108873,Lima,6543.43,8308.33,677,0,46,309,Bajo,0.0,1,0.23922236874864347,1,Denegar/Revisar,Bajo
CLI-108874,Cusco,3245.89,1383.69,868,0,38,128,Alto,2.0,0,0.02543389862634511,0,Aprobar,Bajo
CLI-108875,Lima,2916.11,1694.71,746,1,27,68,Alto,2.0,0,0.08633434962748306,0,Aprobar,Bajo
CLI-108876,Lima,3655.12,1566.18,503,0,42,124,Medio,1.0,1,0.42145754341728936,1,Denegar/Revisar,Medio
CLI-108877,Lima,5619.35,894.05,526,0,25,34,Alto,2.0,0,0.25127979337857176,1,Denegar/Revisar,Medio
CLI-108878,Lima,2790.53,2280.2,474,1,34,86,Bajo,0.0,1,0.5854403096236637,1,Denegar/Revisar,Alto
CLI-108879,Lima,6594.78,12653.938750000001,666,1,31,29,Alto,2.0,0,0.45086050552591905,1,Denegar/Revisar,Medio
CLI-108880,Piura,2848.41,2102.08,967,0,33,47,Medio,1.0,0,0.012503637902366848,0,Aprobar,Bajo
CLI-108881,Lima,4490.07,9921.96,854,0,39,148,Bajo,0.0,1,0.11919022437721755,0,Aprobar,Bajo
CLI-108882,Lima,1025.0,1660.56,351,1,27,84,Alto,2.0,0,0.8554266169560626,1,Denegar/Revisar,Muy alto
CLI-108883,Lima,2359.78,123.4,632,0,56,33,Bajo,0.0,1,0.18353728683832185,0,Aprobar,Bajo
CLI-108884,Loreto,2991.9,786.19,406,1,44,138,Medio,1.0,1,0.6416020464681601,1,Denegar/Revisar,Alto
CLI-108885,Arequipa,3963.29,5113.31,529,1,59,151,Bajo,0.0,1,0.5387673149000762,1,Denegar/Revisar,Alto
CLI-108886,Arequipa,5909.1,3574.78,774,0,38,25,Medio,1.0,0,0.04936723816773134,0,Aprobar,Bajo
CLI-108887,Arequipa,3385.01,12124.18,967,0,33,49,Alto,2.0,0,0.08797118116456458,0,Aprobar,Bajo
CLI-108888,Lima,3856.97,4742.37,363,1,58,26,Medio,1.0,1,0.8348581240054965,1,Denegar/Revisar,Muy alto
CLI-108889,Lima,1025.0,863.89,167,1,32,99,Alto,2.0,0,0.9656317271591445,1,Denegar/Revisar,Muy alto
CLI-108890,Lima,4426.78,514.26,206,1,37,52,Medio,1.0,0,0.8877656480625505,1,Denegar/Revisar,Muy alto
CLI-108891,Loreto,5463.57,2942.21,499,0,48,62,Medio,1.0,1,0.3993177879446829,1,Denegar/Revisar,Medio
CLI-108892,Cusco,5412.29,4377.64,678,1,26,38,Alto,2.0,0,0.15008163974121863,0,Aprobar,Bajo
CLI-108893,Lima,4650.1,724.35,298,0,47,76,Alto,2.0,0,0.7748860895662663,1,Denegar/Revisar,Muy alto
CLI-108894,Lima,3655.12,3682.13,291,1,45,99,Bajo,0.0,1,0.8963483187926519,1,Denegar/Revisar,Muy alto
CLI-108895,Lima,4141.07,8010.77,613,1,53,171,Bajo,0.0,1,0.4845141363802284,1,Denegar/Revisar,Medio
CLI-108896,Lima,4090.53,5201.48,868,0,49,41,Medio,1.0,1,0.044187379800446944,0,Aprobar,Bajo
CLI-108897,Piura,3513.74,4364.85,541,0,53,183,Bajo,0.0,1,0.49726535607460637,1,Denegar/Revisar,Medio
CLI-108898,Lima,1584.51,6229.87,100,1,37,48,Alto,2.0,0,0.9930879589975243,1,Denegar/Revisar,Muy alto
CLI-108899,Cusco,3836.5,439.63,457,1,30,66,Alto,2.0,0,0.46834523657369626,1,Denegar/Revisar,Medio
CLI-108900,Lima,3554.7,911.78,214,1,62,144,Bajo,0.0,1,0.9103457864796771,1,Denegar/Revisar,Muy alto
CLI-108901,Cusco,5375.95,155.38,699,0,23,6,Alto,2.0,0,0.05656128093123481,0,Aprobar,Bajo
CLI-108902,Arequipa,3680.18,626.51,296,1,23,5,Alto,2.0,0,0.8114211761476939,1,Denegar/Revisar,Muy alto
CLI-108903,Arequipa,5227.62,9775.78,703,0,46,138,Medio,1.0,1,0.30489283301052117,1,Denegar/Revisar,Medio
CLI-108904,Piura,2129.59,1004.86,373,1,56,331,Medio,1.0,1,0.7573426228701224,1,Denegar/Revisar,Muy alto
CLI-108905,Piura,6545.16,4339.99,955,0,42,59,Alto,2.0,0,0.009919462578775816,0,Aprobar,Bajo
CLI-108906,Piura,2656.12,4705.01,259,1,50,62,Medio,1.0,1,0.9461819305627063,1,Denegar/Revisar,Muy alto
CLI-108907,Piura,1025.0,4146.22,272,1,18,1,Alto,2.0,0,0.9545157203658451,1,Denegar/Revisar,Muy alto
CLI-108908,Piura,3660.39,3229.04,644,0,33,116,Alto,2.0,0,0.22251597680675184,1,Denegar/Revisar,Bajo
CLI-108909,Cusco,4479.02,2663.14,557,0,19,5,Alto,2.0,0,0.3220438912226991,1,Denegar/Revisar,Medio
CLI-108910,Arequipa,3991.31,2178.36,684,0,48,67,Medio,1.0,1,0.12309333008418415,0,Aprobar,Bajo
CLI-108911,Arequipa,1025.0,12653.938750000001,532,1,21,5,Bajo,0.0,0,0.9131141880973784,1,Denegar/Revisar,Muy alto
CLI-108912,Loreto,3982.73,38.24,580,0,25,62,Alto,2.0,0,0.19792160739464895,0,Aprobar,Bajo
CLI-108913,Lima,3798.1,219.89,554,0,45,226,Medio,1.0,1,0.24736569036313286,1,Denegar/Revisar,Bajo
CLI-108914,Lima,1632.85,2713.13,295,1,50,203,Bajo,0.0,1,0.9156286256206703,1,Denegar/Revisar,Muy alto
CLI-108915,Lima,5136.77,1604.96,895,0,38,8,Bajo,0.0,1,0.01350327330182134,0,Aprobar,Bajo
CLI-108916,Piura,3695.26,2098.55,698,0,45,190,Alto,2.0,1,0.11873484698075534,0,Aprobar,Bajo
CLI-108917,Loreto,1025.0,12653.938750000001,408,1,44,173,Bajo,0.0,1,0.9711254340179487,1,Denegar/Revisar,Muy alto
CLI-108918,Lima,5212.61,5969.01,835,0,37,36,Medio,1.0,0,0.05402176675835756,0,Aprobar,Bajo
CLI-108919,Piura,3660.39,8395.57,655,0,27,31,Medio,1.0,0,0.4251564633298751,1,Denegar/Revisar,Medio
CLI-108920,Piura,6664.34,1839.1,947,0,46,161,Bajo,0.0,1,0.006156649094469427,0,Aprobar,Bajo
CLI-108921,Lima,2388.58,1095.43,593,0,45,151,Medio,1.0,1,0.27555942951549095,1,Denegar/Revisar,Medio
CLI-108922,Piura,3226.44,5843.91,538,0,49,140,Alto,2.0,1,0.5977804854209627,1,Denegar/Revisar,Alto
CLI-108923,Loreto,3600.67,6592.22,749,0,42,161,Medio,1.0,1,0.17502467767393964,0,Aprobar,Bajo
CLI-108924,Lima,2888.57,3193.13,881,0,26,6,Alto,2.0,0,0.0354745695289856,0,Aprobar,Bajo
CLI-108925,Piura,4962.12,9051.21,458,0,47,42,Medio,1.0,1,0.7994398117743353,1,Denegar/Revisar,Muy alto
CLI-108926,Piura,4355.24,12653.938750000001,135,1,39,188,Alto,2.0,0,0.9950515342666045,1,Denegar/Revisar,Muy alto
CLI-108927,Lima,3655.12,2547.22,133,1,34,65,Alto,2.0,0,0.9676981136735733,1,Denegar/Revisar,Muy alto
CLI-108928,Lima,2626.31,1007.54,187,1,35,39,Alto,2.0,0,0.9430419973458343,1,Denegar/Revisar,Muy alto
CLI-108929,Cusco,3043.07,2911.89,757,0,31,23,Medio,1.0,0,0.09335691021892607,0,Aprobar,Bajo
CLI-108930,Lima,1648.38,12653.938750000001,115,1,48,158,Medio,1.0,1,0.9977192262168718,1,Denegar/Revisar,Muy alto
CLI-108931,Lima,4654.25,1386.48,844,0,24,42,Alto,2.0,0,0.023045306197537373,0,Aprobar,Bajo
CLI-108932,Lima,1025.0,3845.15,520,1,27,50,Alto,2.0,0,0.6578660747086678,1,Denegar/Revisar,Alto
CLI-108933,Arequipa,3638.81,4736.47,652,1,35,48,Alto,2.0,0,0.2683998237669588,1,Denegar/Revisar,Medio
CLI-108934,Piura,3189.55,962.83,866,0,57,99,Bajo,0.0,1,0.024057567816648327,0,Aprobar,Bajo
CLI-108935,Piura,2801.94,3551.39,892,0,50,41,Bajo,0.0,1,0.03522127046445114,0,Aprobar,Bajo
CLI-108936,Lima,3228.57,1510.47,225,1,21,16,Alto,2.0,0,0.9180983386235314,1,Denegar/Revisar,Muy alto
CLI-108937,Loreto,1025.0,7702.34,107,1,53,72,Bajo,0.0,1,0.9952397444956076,1,Denegar/Revisar,Muy alto
CLI-108938,Lima,5446.31,5017.61,571,0,55,229,Medio,1.0,1,0.3449229044408156,1,Denegar/Revisar,Medio
CLI-108939,Lima,5004.37,7000.93,567,1,27,89,Alto,2.0,0,0.48899462891728473,1,Denegar/Revisar,Medio
CLI-108940,Lima,6497.32,890.99,979,0,18,0,Alto,2.0,0,0.003889001445001351,0,Aprobar,Bajo
CLI-108941,Lima,3631.16,140.75,961,0,38,90,Medio,1.0,0,0.007327959039240263,0,Aprobar,Bajo
CLI-108942,Loreto,3600.67,7602.52,951,0,51,273,Medio,1.0,1,0.03797902341017519,0,Aprobar,Bajo
CLI-108943,Cusco,4952.76,1955.96,609,0,57,298,Bajo,0.0,1,0.18370060587780257,0,Aprobar,Bajo
CLI-108944,Lima,3305.79,792.45,501,0,29,15,Medio,1.0,0,0.4060370842992641,1,Denegar/Revisar,Medio
CLI-108945,Loreto,3520.09,385.58,935,0,58,266,Bajo,0.0,1,0.010468713207882365,0,Aprobar,Bajo
CLI-108946,Arequipa,3229.52,2906.82,275,0,18,0,Medio,1.0,0,0.9006016092856568,1,Denegar/Revisar,Muy alto
CLI-108947,Cusco,3870.46,650.68,839,0,35,104,Alto,2.0,0,0.024756677433986306,0,Aprobar,Bajo
CLI-108948,Lima,2761.98,3345.23,934,0,34,103,Bajo,0.0,1,0.023236712345931696,0,Aprobar,Bajo
CLI-108949,Piura,1025.0,5197.63,466,1,51,65,Medio,1.0,1,0.8033725190128832,1,Denegar/Revisar,Muy alto
CLI-108950,Lima,3655.12,3063.37,587,1,53,316,Medio,1.0,1,0.31246903317187913,1,Denegar/Revisar,Medio
CLI-108951,Loreto,1025.0,9361.14,117,1,48,171,Bajo,0.0,1,0.9963127783960687,1,Denegar/Revisar,Muy alto
CLI-108952,Lima,1505.02,676.37,155,1,23,26,Alto,2.0,0,0.9643337576195778,1,Denegar/Revisar,Muy alto
CLI-108953,Piura,4896.59,2724.51,134,1,49,80,Medio,1.0,1,0.9569462761243673,1,Denegar/Revisar,Muy alto
CLI-108954,Lima,1185.23,712.64,729,0,44,112,Medio,1.0,1,0.1146593448310609,0,Aprobar,Bajo
CLI-108955,Lima,4959.35,8346.73,893,0,21,25,Alto,2.0,0,0.0569184392935114,0,Aprobar,Bajo
CLI-108956,Piura,6064.03,10767.09,865,0,18,0,Alto,2.0,0,0.0919498386745248,0,Aprobar,Bajo
CLI-108957,Loreto,1789.0,2043.28,824,0,50,294,Alto,2.0,1,0.05976018367676793,0,Aprobar,Bajo
CLI-108958,Piura,3660.39,1459.68,672,0,37,83,Alto,2.0,0,0.13154214606000003,0,Aprobar,Bajo
CLI-108959,Loreto,3783.29,1310.22,699,0,25,12,Alto,2.0,0,0.09968252226921143,0,Aprobar,Bajo
CLI-108960,Lima,6301.23,7856.67,882,0,38,120,Alto,2.0,0,0.042321777142705616,0,Aprobar,Bajo
CLI-108961,Piura,3798.26,4588.38,446,0,43,127,Alto,2.0,0,0.7029593257185869,1,Denegar/Revisar,Alto
CLI-108962,Lima,2071.02,8500.87,131,1,37,38,Alto,2.0,0,0.9935899565908436,1,Denegar/Revisar,Muy alto
CLI-108963,Lima,1025.0,500.06,232,1,21,4,Alto,2.0,0,0.9339528026874002,1,Denegar/Revisar,Muy alto
CLI-108964,Piura,2177.8,2585.27,675,0,59,63,Bajo,0.0,1,0.20853103650876878,1,Denegar/Revisar,Bajo
CLI-108965,Arequipa,4115.63,4510.26,298,1,50,141,Alto,2.0,1,0.896567856783228,1,Denegar/Revisar,Muy alto
CLI-108966,Piura,5515.92,9095.63,355,1,36,85,Alto,2.0,0,0.9062246844203979,1,Denegar/Revisar,Muy alto
CLI-108967,Arequipa,1275.02,1925.19,441,1,35,94,Bajo,0.0,1,0.7173603060683179,1,Denegar/Revisar,Alto
CLI-108968,Piura,3942.5,1502.21,766,0,43,44,Alto,2.0,0,0.05595249027987811,0,Aprobar,Bajo
CLI-108969,Lima,2491.01,9765.81,330,1,26,44,Alto,2.0,0,0.9659849867663469,1,Denegar/Revisar,Muy alto
CLI-108970,Lima,3926.72,194.8,400,1,43,27,Alto,2.0,0,0.5830439577887893,1,Denegar/Revisar,Alto
CLI-108971,Piura,3660.39,2612.6,646,0,24,18,Alto,2.0,0,0.19781466701147363,0,Aprobar,Bajo
CLI-108972,Lima,2192.48,2454.58,125,1,38,110,Alto,2.0,0,0.9780043932466596,1,Denegar/Revisar,Muy alto
CLI-108973,Lima,4726.66,631.56,634,0,27,58,Alto,2.0,0,0.12420212643310231,0,Aprobar,Bajo
CLI-108974,Lima,2966.7,2009.78,752,0,26,11,Alto,2.0,0,0.08621720100895879,0,Aprobar,Bajo
CLI-108975,Piura,3662.86,5129.18,573,1,57,187,Medio,1.0,1,0.4445302017097149,1,Denegar/Revisar,Medio
CLI-108976,Lima,4627.16,1828.31,486,0,40,73,Alto,2.0,0,0.4282410203961611,1,Denegar/Revisar,Medio
CLI-108977,Arequipa,2178.45,1482.29,384,1,41,62,Medio,1.0,0,0.7548158714324961,1,Denegar/Revisar,Muy alto
CLI-108978,Piura,3059.57,6091.12,549,1,18,0,Alto,2.0,0,0.5948288220304682,1,Denegar/Revisar,Alto
CLI-108979,Lima,2500.97,12653.938750000001,419,1,32,78,Medio,1.0,0,0.9539698212591229,1,Denegar/Revisar,Muy alto
CLI-108980,Arequipa,3688.25,6044.75,255,1,44,101,Medio,1.0,1,0.9501586990149511,1,Denegar/Revisar,Muy alto
CLI-108981,Piura,4164.34,7492.14,570,1,41,133,Bajo,0.0,1,0.5563810802925924,1,Denegar/Revisar,Alto
CLI-108982,Piura,2760.78,11220.5,519,1,18,0,Alto,2.0,0,0.8603226754240432,1,Denegar/Revisar,Muy alto
CLI-108983,Piura,3435.31,6473.36,212,1,41,140,Medio,1.0,1,0.9706983389112193,1,Denegar/Revisar,Muy alto
CLI-108984,Lima,1025.0,12653.938750000001,750,0,42,101,Bajo,0.0,1,0.5762104023799506,1,Denegar/Revisar,Alto
CLI-108985,Arequipa,3638.81,5501.96,521,0,53,181,Medio,1.0,1,0.5864515817673995,1,Denegar/Revisar,Alto
CLI-108986,Lima,5813.55,4333.19,985,0,33,88,Medio,1.0,0,0.008536184460837103,0,Aprobar,Bajo
CLI-108987,Cusco,3380.43,4728.17,820,0,18,0,Alto,2.0,0,0.07443067056781466,0,Aprobar,Bajo
CLI-108988,Loreto,3310.02,9213.61,934,0,28,65,Alto,2.0,0,0.06746091208376596,0,Aprobar,Bajo
CLI-108989,Piura,3660.39,4595.52,975,0,27,35,Alto,2.0,0,0.016831099358527304,0,Aprobar,Bajo
CLI-108990,Lima,2528.89,5728.6,697,0,47,142,Medio,1.0,1,0.2696681402897651,1,Denegar/Revisar,Medio
CLI-108991,Lima,2136.02,973.44,384,1,18,0,Alto,2.0,0,0.7437079987098121,1,Denegar/Revisar,Alto
CLI-108992,Lima,4303.78,9751.31,671,1,34,39,Medio,1.0,0,0.4219641257648794,1,Denegar/Revisar,Medio
CLI-108993,Lima,4019.59,2371.13,153,1,55,84,Alto,2.0,1,0.9564957216160098,1,Denegar/Revisar,Muy alto
CLI-108994,Lima,4384.81,702.5,704,0,39,123,Medio,1.0,1,0.07215394001629745,0,Aprobar,Bajo
CLI-108995,Piura,7677.49,6433.5,424,1,50,172,Medio,1.0,1,0.6268774156364991,1,Denegar/Revisar,Alto
CLI-108996,Lima,5486.88,1762.67,557,0,22,29,Medio,1.0,0,0.2302482951881773,1,Denegar/Revisar,Bajo
CLI-108997,Cusco,5571.06,813.95,984,0,22,23,Alto,2.0,0,0.0045234390835326745,0,Aprobar,Bajo
CLI-108998,Lima,4276.78,1184.21,364,0,55,180,Bajo,0.0,1,0.6901270983394726,1,Denegar/Revisar,Alto
CLI-108999,Cusco,3592.14,142.3,481,0,40,114,Alto,2.0,0,0.41143906177175016,1,Denegar/Revisar,Medio
CLI-109000,Cusco,3880.98,379.98,312,1,40,97,Alto,2.0,0,0.7703908693419316,1,Denegar/Revisar,Muy alto
CLI-109001,Piura,3660.39,3592.08,432,1,27,25,Alto,2.0,0,0.6930356354236381,1,Denegar/Revisar,Alto
CLI-109002,Arequipa,4294.26,8046.17,109,1,40,31,Bajo,0.0,1,0.9904150162896637,1,Denegar/Revisar,Muy alto
CLI-109003,Lima,2995.29,12653.938750000001,457,1,26,36,Alto,2.0,0,0.9307740912961346,1,Denegar/Revisar,Muy alto
CLI-109004,Piura,2605.13,3934.62,302,1,52,274,Bajo,0.0,1,0.9130190454786055,1,Denegar/Revisar,Muy alto
CLI-109005,Lima,5881.1,6637.31,807,0,70,324,Bajo,0.0,1,0.07072091259096921,0,Aprobar,Bajo
CLI-109006,Lima,2124.01,1765.0,157,1,44,137,Bajo,0.0,1,0.9665842825013218,1,Denegar/Revisar,Muy alto
CLI-109007,Piura,3660.39,4248.9,593,0,32,123,Medio,1.0,0,0.35531825306770315,1,Denegar/Revisar,Medio
CLI-109008,Lima,2595.81,1725.79,609,0,18,0,Alto,2.0,0,0.2702862513149985,1,Denegar/Revisar,Medio
CLI-109009,Piura,5356.93,4116.89,867,0,21,12,Alto,2.0,0,0.02794520007472773,0,Aprobar,Bajo
CLI-109010,Lima,7151.83,981.6,322,0,57,278,Bajo,0.0,1,0.6188781388404285,1,Denegar/Revisar,Alto
CLI-109011,Lima,2104.46,12653.938750000001,468,1,27,35,Alto,2.0,0,0.9371540916092843,1,Denegar/Revisar,Muy alto
CLI-109012,Lima,5049.72,316.94,791,1,35,44,Alto,2.0,0,0.02745337589137166,0,Aprobar,Bajo
CLI-109013,Lima,3764.66,2814.67,517,0,46,107,Bajo,0.0,1,0.4572552883104333,1,Denegar/Revisar,Medio
CLI-109014,Lima,6138.28,1349.15,973,0,56,92,Alto,2.0,1,0.00492079669279166,0,Aprobar,Bajo
CLI-109015,Lima,4746.57,3673.55,646,0,37,114,Alto,2.0,0,0.193411837824493,0,Aprobar,Bajo
CLI-109016,Lima,3655.12,2236.61,970,0,35,26,Medio,1.0,0,0.010394025059034806,0,Aprobar,Bajo
CLI-109017,Loreto,3342.2,1464.97,202,1,40,133,Alto,2.0,0,0.9306404677056503,1,Denegar/Revisar,Muy alto
CLI-109018,Lima,3655.12,1150.93,260,1,32,90,Alto,2.0,0,0.8714171628943651,1,Denegar/Revisar,Muy alto
CLI-109019,Arequipa,2077.98,806.01,299,1,32,81,Alto,2.0,0,0.8630449785517745,1,Denegar/Revisar,Muy alto
CLI-109020,Lima,3335.97,6109.21,259,1,43,181,Bajo,0.0,1,0.9545271757246669,1,Denegar/Revisar,Muy alto
CLI-109021,Loreto,3600.67,1005.14,794,0,41,137,Medio,1.0,1,0.04099383295034668,0,Aprobar,Bajo
CLI-109022,Lima,3851.68,5940.5,964,0,63,77,Bajo,0.0,1,0.023552014822711763,0,Aprobar,Bajo
CLI-109023,Lima,5992.59,2654.65,235,1,45,214,Alto,2.0,1,0.8724994750108446,1,Denegar/Revisar,Muy alto
CLI-109024,Piura,4905.83,299.88,497,1,52,125,Alto,2.0,1,0.3143917988526327,1,Denegar/Revisar,Medio
CLI-109025,Lima,1048.14,8680.98,837,0,26,62,Medio,1.0,0,0.20709379979235468,1,Denegar/Revisar,Bajo
CLI-109026,Piura,3297.65,8936.14,491,1,45,135,Medio,1.0,1,0.8077031134007066,1,Denegar/Revisar,Muy alto
CLI-109027,Lima,2663.42,3693.42,854,0,31,120,Medio,1.0,0,0.05068449636670028,0,Aprobar,Bajo
CLI-109028,Cusco,5769.42,815.0,205,1,44,148,Alto,2.0,0,0.8662203507121607,1,Denegar/Revisar,Muy alto
CLI-109029,Lima,1025.0,4866.41,682,1,46,122,Bajo,0.0,1,0.3429383590346095,1,Denegar/Revisar,Medio
CLI-109030,Lima,3655.12,6932.34,688,1,40,44,Medio,1.0,0,0.2851617952891641,1,Denegar/Revisar,Medio
CLI-109031,Arequipa,2990.99,1605.81,153,1,65,80,Bajo,0.0,1,0.9595916395859175,1,Denegar/Revisar,Muy alto
CLI-109032,Lima,4472.86,3253.09,376,1,55,312,Bajo,0.0,1,0.7464110178913612,1,Denegar/Revisar,Alto
CLI-109033,Loreto,3404.14,1389.45,210,1,52,190,Medio,1.0,1,0.9207599979307488,1,Denegar/Revisar,Muy alto
CLI-109034,Lima,6249.99,333.79,323,1,48,111,Medio,1.0,1,0.6246616610676607,1,Denegar/Revisar,Alto
CLI-109035,Arequipa,4224.9,2040.03,174,1,59,129,Alto,2.0,1,0.9413570206172602,1,Denegar/Revisar,Muy alto
CLI-109036,Lima,1025.0,5568.16,605,0,22,36,Medio,1.0,0,0.5453293647728624,1,Denegar/Revisar,Alto
CLI-109037,Loreto,4832.32,12653.938750000001,113,1,55,249,Bajo,0.0,1,0.9955010113259988,1,Denegar/Revisar,Muy alto
CLI-109038,Arequipa,4542.73,2078.58,869,0,28,71,Alto,2.0,0,0.021679691038430936,0,Aprobar,Bajo
CLI-109039,Lima,5770.87,1822.87,581,0,34,29,Alto,2.0,0,0.19050192272511565,0,Aprobar,Bajo
CLI-109040,Lima,2600.38,2456.73,288,1,45,55,Alto,2.0,0,0.8976510273425249,1,Denegar/Revisar,Muy alto
CLI-109041,Lima,1832.51,1532.25,463,1,52,34,Bajo,0.0,1,0.6254349193751084,1,Denegar/Revisar,Alto
CLI-109042,Cusco,1298.93,12653.938750000001,338,1,25,49,Medio,1.0,0,0.9832111591496804,1,Denegar/Revisar,Muy alto
CLI-109043,Lima,5092.09,262.7,500,0,34,122,Alto,2.0,0,0.2975731859955561,1,Denegar/Revisar,Medio
CLI-109044,Lima,3655.12,6588.31,945,0,40,127,Alto,2.0,0,0.033437909802721405,0,Aprobar,Bajo
CLI-109045,Lima,2418.08,760.61,403,1,36,57,Alto,2.0,0,0.6849680334112905,1,Denegar/Revisar,Alto
CLI-109046,Lima,1025.0,4014.42,190,1,47,219,Medio,1.0,1,0.9769495982698146,1,Denegar/Revisar,Muy alto
CLI-109047,Piura,5131.51,2390.49,491,0,70,110,Bajo,0.0,1,0.4172088517275899,1,Denegar/Revisar,Medio
CLI-109048,Cusco,1025.0,5939.93,283,1,43,102,Bajo,0.0,1,0.9650901743209196,1,Denegar/Revisar,Muy alto
CLI-109049,Piura,5992.87,6998.02,116,1,32,98,Medio,1.0,0,0.9805119671184879,1,Denegar/Revisar,Muy alto
CLI-109050,Loreto,1025.0,913.63,111,1,24,40,Alto,2.0,0,0.979597452782533,1,Denegar/Revisar,Muy alto
CLI-109051,Piura,3660.39,4522.63,265,1,35,57,Bajo,0.0,1,0.9293977154443309,1,Denegar/Revisar,Muy alto
CLI-109052,Lima,3335.03,842.43,245,1,29,16,Alto,2.0,0,0.8872930497043232,1,Denegar/Revisar,Muy alto
CLI-109053,Lima,3809.28,529.55,381,0,44,142,Alto,2.0,0,0.6482746282685456,1,Denegar/Revisar,Alto
CLI-109054,Piura,4282.43,10654.0,648,0,44,132,Alto,2.0,0,0.5337278096015938,1,Denegar/Revisar,Alto
CLI-109055,Cusco,4057.66,718.37,681,0,34,63,Alto,2.0,0,0.09791960247386648,0,Aprobar,Bajo
CLI-109056,Loreto,2384.89,1035.77,268,0,60,89,Bajo,0.0,1,0.8917678365269203,1,Denegar/Revisar,Muy alto
CLI-109057,Lima,4056.83,558.54,946,0,31,47,Medio,1.0,0,0.00833821946895608,0,Aprobar,Bajo
CLI-109058,Lima,2060.27,2541.72,269,1,37,83,Alto,2.0,0,0.9236430501637971,1,Denegar/Revisar,Muy alto
CLI-109059,Lima,4401.82,10083.33,864,0,46,137,Medio,1.0,1,0.11126782156795458,0,Aprobar,Bajo
CLI-109060,Cusco,1025.0,1226.4,445,1,48,260,Bajo,0.0,1,0.6908983897075159,1,Denegar/Revisar,Alto
CLI-109061,Loreto,4169.19,3122.25,598,0,53,197,Bajo,0.0,1,0.27684625243236516,1,Denegar/Revisar,Medio
CLI-109062,Arequipa,3469.99,2120.43,559,1,44,26,Alto,2.0,0,0.34442611024860226,1,Denegar/Revisar,Medio
CLI-109063,Lima,3655.12,1637.95,396,0,51,200,Bajo,0.0,1,0.6771270932859378,1,Denegar/Revisar,Alto
CLI-109064,Piura,2526.5,3395.96,241,1,31,71,Medio,1.0,0,0.9420952131130095,1,Denegar/Revisar,Muy alto
CLI-109065,Lima,5395.34,3273.87,996,0,50,44,Medio,1.0,1,0.006795144848207519,0,Aprobar,Bajo
CLI-109066,Lima,5096.04,1781.19,884,0,50,138,Bajo,0.0,1,0.015652166433780423,0,Aprobar,Bajo
CLI-109067,Piura,3963.4,7603.53,836,0,56,92,Medio,1.0,1,0.0964630334725765,0,Aprobar,Bajo
CLI-109068,Lima,4617.32,218.55,794,0,21,17,Alto,2.0,0,0.028859974067160066,0,Aprobar,Bajo
CLI-109069,Lima,2150.0,356.37,832,0,28,63,Alto,2.0,0,0.036584489854034334,0,Aprobar,Bajo
CLI-109070,Loreto,4816.35,12653.938750000001,152,1,49,68,Medio,1.0,1,0.9932989156791648,1,Denegar/Revisar,Muy alto
CLI-109071,Arequipa,2115.68,5508.27,217,1,18,1,Alto,2.0,0,0.9732562557801266,1,Denegar/Revisar,Muy alto
CLI-109072,Lima,3160.53,6517.11,464,1,44,116,Bajo,0.0,1,0.7769316573997676,1,Denegar/Revisar,Muy alto
CLI-109073,Piura,2460.75,3692.27,770,0,50,127,Medio,1.0,1,0.10955031652383128,0,Aprobar,Bajo
CLI-109074,Lima,1817.68,2177.95,235,1,32,23,Alto,2.0,0,0.9422052119750506,1,Denegar/Revisar,Muy alto
CLI-109075,Arequipa,5991.31,3968.66,513,1,35,44,Medio,1.0,0,0.3904723154623395,1,Denegar/Revisar,Medio
CLI-109076,Arequipa,3058.84,388.62,176,1,27,27,Medio,1.0,0,0.9334187719932397,1,Denegar/Revisar,Muy alto
CLI-109077,Arequipa,3638.81,5671.46,947,0,33,1,Alto,2.0,0,0.027314109923018772,0,Aprobar,Bajo
CLI-109078,Arequipa,3358.47,3112.58,656,0,33,93,Alto,2.0,0,0.21112272431081897,1,Denegar/Revisar,Bajo
CLI-109079,Lima,2736.97,12561.36,117,1,31,18,Alto,2.0,0,0.997122866477609,1,Denegar/Revisar,Muy alto
CLI-109080,Lima,5515.69,4058.65,966,0,32,32,Alto,2.0,0,0.010697271689398357,0,Aprobar,Bajo
CLI-109081,Lima,3794.76,658.05,502,0,36,133,Medio,1.0,1,0.3701442027634133,1,Denegar/Revisar,Medio
CLI-109082,Lima,3430.79,2596.9,304,0,36,122,Alto,2.0,0,0.8650882760296338,1,Denegar/Revisar,Muy alto
CLI-109083,Arequipa,2311.24,238.25,598,0,59,22,Bajo,0.0,1,0.2426701594723419,1,Denegar/Revisar,Bajo
CLI-109084,Lima,2905.3,5472.71,423,0,34,105,Medio,1.0,0,0.8073168614746933,1,Denegar/Revisar,Muy alto
CLI-109085,Lima,3655.12,2787.27,694,0,43,51,Alto,2.0,0,0.14037481079730954,0,Aprobar,Bajo
CLI-109086,Lima,3655.12,1845.94,661,0,33,90,Alto,2.0,0,0.1542816197771832,0,Aprobar,Bajo
CLI-109087,Cusco,2636.19,12653.938750000001,380,1,32,34,Alto,2.0,0,0.9678384950008584,1,Denegar/Revisar,Muy alto
CLI-109088,Lima,3655.12,11293.74,265,1,20,5,Alto,2.0,0,0.9821660615754538,1,Denegar/Revisar,Muy alto
CLI-109089,Piura,3837.35,12216.16,342,1,22,17,Alto,2.0,0,0.9688967730236991,1,Denegar/Revisar,Muy alto
CLI-109090,Lima,5166.3,998.82,988,0,26,33,Medio,1.0,0,0.004787289341654763,0,Aprobar,Bajo
CLI-109091,Lima,3655.12,5216.2,578,1,41,64,Alto,2.0,0,0.4474338675437324,1,Denegar/Revisar,Medio
CLI-109092,Lima,3319.68,11629.58,263,1,51,185,Bajo,0.0,1,0.9848752065418451,1,Denegar/Revisar,Muy alto
CLI-109093,Arequipa,1025.0,3383.98,423,1,18,0,Bajo,0.0,0,0.8125021907809099,1,Denegar/Revisar,Muy alto
CLI-109094,Piura,7371.44,964.01,667,0,34,118,Alto,2.0,0,0.05698545445943611,0,Aprobar,Bajo
CLI-109095,Loreto,3786.8,6810.87,650,0,24,41,Medio,1.0,0,0.3500693646645637,1,Denegar/Revisar,Medio
CLI-109096,Lima,3655.12,8478.33,930,0,36,12,Bajo,0.0,0,0.05603051372699005,0,Aprobar,Bajo
CLI-109097,Lima,3890.76,4859.26,739,0,51,230,Bajo,0.0,1,0.13570579512571232,0,Aprobar,Bajo
CLI-109098,Cusco,3371.86,1390.03,733,0,34,5,Alto,2.0,0,0.08261143671498566,0,Aprobar,Bajo
CLI-109099,Lima,2987.94,846.31,858,0,38,104,Alto,2.0,0,0.026448988420978783,0,Aprobar,Bajo
CLI-109100,Piura,5015.83,3915.54,797,0,56,333,Medio,1.0,1,0.05243302044884894,0,Aprobar,Bajo
CLI-109101,Arequipa,2891.18,2637.31,307,1,44,308,Alto,2.0,1,0.8769451793270261,1,Denegar/Revisar,Muy alto
CLI-109102,Lima,3193.84,4419.92,414,0,30,47,Medio,1.0,0,0.7734349807464473,1,Denegar/Revisar,Muy alto
CLI-109103,Arequipa,1025.0,473.78,403,1,40,74,Bajo,0.0,1,0.7387297780105969,1,Denegar/Revisar,Alto
CLI-109104,Lima,3655.12,584.33,1000,0,30,103,Alto,2.0,0,0.005777691729462692,0,Aprobar,Bajo
CLI-109105,Lima,1561.09,1803.25,338,1,43,24,Medio,1.0,0,0.8540867080765383,1,Denegar/Revisar,Muy alto
CLI-109106,Lima,3655.12,1197.72,826,0,45,137,Bajo,0.0,1,0.0327312673859219,0,Aprobar,Bajo
CLI-109107,Loreto,4660.42,3863.38,903,0,24,38,Alto,2.0,0,0.02233971686177351,0,Aprobar,Bajo
CLI-109108,Lima,2225.73,1832.56,323,1,40,174,Alto,2.0,0,0.8579274252653379,1,Denegar/Revisar,Muy alto
CLI-109109,Arequipa,2160.69,4607.68,187,1,37,123,Medio,1.0,0,0.9743356863147693,1,Denegar/Revisar,Muy alto
CLI-109110,Cusco,3916.87,5857.86,636,0,45,131,Alto,2.0,0,0.33618033289786214,1,Denegar/Revisar,Medio
CLI-109111,Piura,2796.23,828.92,528,1,48,161,Bajo,0.0,1,0.384798086330751,1,Denegar/Revisar,Medio
CLI-109112,Piura,1555.03,10094.12,319,1,43,122,Bajo,0.0,1,0.9767075274093361,1,Denegar/Revisar,Muy alto
CLI-109113,Lima,1025.0,6188.86,374,1,35,97,Bajo,0.0,1,0.925419227792924,1,Denegar/Revisar,Muy alto
CLI-109114,Lima,4496.86,3942.36,746,0,50,193,Alto,2.0,1,0.09523163642534944,0,Aprobar,Bajo
CLI-109115,Lima,3413.24,9584.46,844,0,29,31,Alto,2.0,0,0.15087978645950692,0,Aprobar,Bajo
CLI-109116,Piura,1025.0,1236.27,165,1,23,9,Alto,2.0,0,0.9687216659728949,1,Denegar/Revisar,Muy alto
CLI-109117,Cusco,5750.49,2190.74,691,0,18,1,Alto,2.0,0,0.08346060107836184,0,Aprobar,Bajo
CLI-109118,Cusco,4051.04,358.77,522,1,38,96,Medio,1.0,0,0.30113749920055494,1,Denegar/Revisar,Medio
CLI-109119,Loreto,1426.07,2436.56,354,1,29,69,Medio,1.0,0,0.8559439437194774,1,Denegar/Revisar,Muy alto
CLI-109120,Loreto,1891.05,2824.13,224,1,43,124,Bajo,0.0,1,0.9532005109756841,1,Denegar/Revisar,Muy alto
CLI-109121,Lima,4559.62,3829.15,245,1,18,0,Alto,2.0,0,0.917585137707805,1,Denegar/Revisar,Muy alto
CLI-109122,Arequipa,3664.86,264.73,714,0,32,40,Alto,2.0,0,0.07345553803992513,0,Aprobar,Bajo
CLI-109123,Loreto,2840.44,132.02,484,1,44,76,Alto,2.0,0,0.4467262089806083,1,Denegar/Revisar,Medio
CLI-109124,Lima,4718.01,2178.15,546,0,28,90,Alto,2.0,0,0.3102215618584159,1,Denegar/Revisar,Medio
CLI-109125,Cusco,3560.7650000000003,838.61,486,1,43,164,Alto,2.0,0,0.43767753577829693,1,Denegar/Revisar,Medio
CLI-109126,Lima,3655.12,5688.32,482,0,33,126,Alto,2.0,0,0.6876647602383427,1,Denegar/Revisar,Alto
CLI-109127,Piura,2632.95,4419.36,376,1,38,56,Bajo,0.0,1,0.852305307594146,1,Denegar/Revisar,Muy alto
CLI-109128,Arequipa,2606.45,1577.07,481,1,45,71,Alto,2.0,0,0.543317293252561,1,Denegar/Revisar,Alto
CLI-109129,Cusco,2970.89,187.46,223,1,49,131,Medio,1.0,1,0.8982067293360153,1,Denegar/Revisar,Muy alto
CLI-109130,Lima,4679.02,805.74,366,1,40,72,Alto,2.0,0,0.6476414191066632,1,Denegar/Revisar,Alto
CLI-109131,Arequipa,4652.27,4706.46,889,0,30,54,Medio,1.0,0,0.02914172832870372,0,Aprobar,Bajo
CLI-109132,Piura,3075.32,12653.938750000001,210,1,34,136,Alto,2.0,0,0.9925874956555703,1,Denegar/Revisar,Muy alto
CLI-109133,Lima,2248.92,1580.83,480,1,45,88,Alto,2.0,0,0.5663173550616505,1,Denegar/Revisar,Alto
CLI-109134,Arequipa,3638.81,6477.88,924,0,28,42,Bajo,0.0,0,0.03967336106671226,0,Aprobar,Bajo
CLI-109135,Piura,5348.66,8072.53,700,0,38,132,Alto,2.0,0,0.24135442403548657,1,Denegar/Revisar,Bajo
CLI-109136,Arequipa,6102.26,197.52,998,0,36,114,Bajo,0.0,1,0.003083126900811797,0,Aprobar,Bajo
CLI-109137,Lima,4571.89,9918.32,257,1,38,175,Bajo,0.0,1,0.9728936330767219,1,Denegar/Revisar,Muy alto
CLI-109138,Lima,5340.58,2510.96,827,0,29,68,Alto,2.0,0,0.029049140333757564,0,Aprobar,Bajo
CLI-109139,Piura,5159.78,12653.938750000001,995,0,19,3,Alto,2.0,0,0.049711873997051875,0,Aprobar,Bajo
CLI-109140,Lima,3655.12,3093.58,912,0,45,124,Medio,1.0,1,0.021227422276283707,0,Aprobar,Bajo
CLI-109141,Lima,3994.39,1072.27,647,0,50,97,Medio,1.0,1,0.13579422515470166,0,Aprobar,Bajo
CLI-109142,Cusco,4739.11,12653.938750000001,698,0,20,10,Alto,2.0,0,0.48330899781729775,1,Denegar/Revisar,Medio
CLI-109143,Piura,2871.46,1115.18,217,1,43,116,Medio,1.0,1,0.9207611838916141,1,Denegar/Revisar,Muy alto
CLI-109144,Arequipa,4192.91,8564.53,427,1,51,89,Medio,1.0,1,0.8518661711606513,1,Denegar/Revisar,Muy alto
CLI-109145,Lima,5462.34,760.42,793,0,46,103,Alto,2.0,0,0.026902126829788993,0,Aprobar,Bajo
CLI-109146,Lima,3655.12,4492.86,167,1,34,35,Medio,1.0,0,0.9693279999835847,1,Denegar/Revisar,Muy alto
CLI-109147,Lima,5210.47,2119.3,533,0,29,51,Medio,1.0,0,0.3010474572371151,1,Denegar/Revisar,Medio
CLI-109148,Lima,3329.28,12653.938750000001,458,1,40,183,Alto,2.0,0,0.924962192250327,1,Denegar/Revisar,Muy alto
CLI-109149,Piura,6227.3,817.15,770,0,43,121,Medio,1.0,1,0.027211566595050987,0,Aprobar,Bajo
CLI-109150,Piura,6197.7,2102.37,896,0,41,169,Alto,2.0,0,0.011638344610235897,0,Aprobar,Bajo
CLI-109151,Lima,2037.87,4084.12,542,0,36,139,Alto,2.0,0,0.5653388136502837,1,Denegar/Revisar,Alto
CLI-109152,Lima,3026.95,12653.938750000001,263,1,27,38,Medio,1.0,0,0.987540098993646,1,Denegar/Revisar,Muy alto
CLI-109153,Lima,1025.0,1448.84,460,1,43,109,Bajo,0.0,1,0.6705305647255537,1,Denegar/Revisar,Alto
CLI-109154,Lima,3288.88,2022.5,684,0,44,109,Alto,2.0,0,0.1424734027769727,0,Aprobar,Bajo
CLI-109155,Lima,3469.61,2478.04,218,1,41,34,Medio,1.0,0,0.9303691521855154,1,Denegar/Revisar,Muy alto
CLI-109156,Cusco,5674.43,1165.16,952,0,41,63,Bajo,0.0,1,0.0064092903028463676,0,Aprobar,Bajo
CLI-109157,Piura,3191.85,6800.84,294,1,57,237,Medio,1.0,1,0.9456687053128308,1,Denegar/Revisar,Muy alto
CLI-109158,Arequipa,4564.14,386.02,700,0,32,36,Alto,2.0,0,0.07001195780494432,0,Aprobar,Bajo
CLI-109159,Lima,3358.34,4880.27,956,0,53,159,Alto,2.0,1,0.02277412897275285,0,Aprobar,Bajo
CLI-109160,Cusco,3845.47,3053.67,687,0,31,72,Alto,2.0,0,0.1500226139372332,0,Aprobar,Bajo
CLI-109161,Piura,3660.39,1107.9,832,0,51,200,Bajo,0.0,1,0.03039465577374335,0,Aprobar,Bajo
CLI-109162,Arequipa,4423.84,2715.64,750,0,53,237,Medio,1.0,1,0.07112767281365973,0,Aprobar,Bajo
CLI-109163,Lima,6550.59,7086.63,983,0,37,85,Alto,2.0,0,0.013557547870520296,0,Aprobar,Bajo
CLI-109164,Cusco,3094.59,2358.33,340,1,57,248,Bajo,0.0,1,0.8246434083041917,1,Denegar/Revisar,Muy alto
CLI-109165,Loreto,1659.36,519.97,608,0,43,54,Medio,1.0,0,0.2573804495027864,1,Denegar/Revisar,Medio
CLI-109166,Loreto,4324.41,166.63,765,0,30,23,Bajo,0.0,0,0.039659135358232074,0,Aprobar,Bajo
CLI-109167,Lima,4886.15,6016.64,664,0,35,57,Alto,2.0,0,0.243348346665999,1,Denegar/Revisar,Bajo
CLI-109168,Lima,1604.96,1604.5,241,1,51,201,Bajo,0.0,1,0.9348257050874892,1,Denegar/Revisar,Muy alto
CLI-109169,Lima,6224.76,10708.81,931,0,50,190,Alto,2.0,1,0.04932233247892218,0,Aprobar,Bajo
CLI-109170,Lima,1865.49,3840.42,130,1,27,31,Alto,2.0,0,0.983957034609893,1,Denegar/Revisar,Muy alto
CLI-109171,Loreto,2003.65,2292.82,322,1,37,111,Medio,1.0,0,0.871894204273369,1,Denegar/Revisar,Muy alto
CLI-109172,Lima,1635.07,3324.72,903,1,40,126,Medio,1.0,1,0.03808786152583399,0,Aprobar,Bajo
CLI-109173,Lima,3633.2,2443.56,365,1,33,102,Alto,2.0,0,0.7697015521051096,1,Denegar/Revisar,Muy alto
CLI-109174,Lima,3655.12,9449.81,381,1,65,101,Medio,1.0,1,0.9236201312025979,1,Denegar/Revisar,Muy alto
CLI-109175,Lima,4824.13,2450.12,887,0,42,48,Alto,2.0,0,0.018612212308728004,0,Aprobar,Bajo
CLI-109176,Lima,3655.12,439.55,480,0,38,49,Medio,1.0,0,0.41606196338304186,1,Denegar/Revisar,Medio
CLI-109177,Arequipa,4579.83,3636.15,655,0,52,68,Bajo,0.0,1,0.18518181027755398,0,Aprobar,Bajo
CLI-109178,Piura,4022.53,3901.84,161,1,35,59,Medio,1.0,0,0.9644105784565282,1,Denegar/Revisar,Muy alto
CLI-109179,Lima,5865.0,5798.3,812,0,51,58,Alto,2.0,0,0.05753946471696301,0,Aprobar,Bajo
CLI-109180,Lima,2539.53,10829.25,946,0,20,15,Alto,2.0,0,0.0980618650779869,0,Aprobar,Bajo
CLI-109181,Lima,6069.59,2341.35,620,0,35,72,Medio,1.0,0,0.14052827293881442,0,Aprobar,Bajo
CLI-109182,Lima,3160.17,1735.93,170,1,50,253,Bajo,0.0,1,0.9524030135092134,1,Denegar/Revisar,Muy alto
CLI-109183,Arequipa,6531.79,2699.43,701,0,57,126,Medio,1.0,1,0.0689848543435884,0,Aprobar,Bajo
CLI-109184,Arequipa,4003.38,9218.3,635,0,31,109,Medio,1.0,0,0.4950344901868779,1,Denegar/Revisar,Medio
CLI-109185,Arequipa,3843.14,12653.938750000001,239,1,29,80,Alto,2.0,0,0.9884212206923402,1,Denegar/Revisar,Muy alto
CLI-109186,Arequipa,1907.06,12653.938750000001,415,1,45,46,Alto,2.0,0,0.9624985622727708,1,Denegar/Revisar,Muy alto
CLI-109187,Lima,4855.26,1043.88,439,1,33,99,Alto,2.0,0,0.4833263499849717,1,Denegar/Revisar,Medio
CLI-109188,Cusco,2858.63,2747.83,987,0,36,149,Bajo,0.0,1,0.012318157363878828,0,Aprobar,Bajo
CLI-109189,Loreto,4281.17,1201.58,689,0,49,315,Alto,2.0,1,0.09574519949073003,0,Aprobar,Bajo
CLI-109190,Cusco,3560.7650000000003,1835.35,825,0,33,31,Alto,2.0,0,0.03841214842926468,0,Aprobar,Bajo
CLI-109191,Lima,3621.84,128.79,627,0,18,0,Alto,2.0,0,0.14964706717381018,0,Aprobar,Bajo
CLI-109192,Cusco,5407.84,700.28,640,0,25,35,Alto,2.0,0,0.10404561673054773,0,Aprobar,Bajo
CLI-109193,Loreto,2997.47,2023.86,515,0,39,136,Alto,2.0,0,0.46465340083211165,1,Denegar/Revisar,Medio
CLI-109194,Loreto,5290.51,1814.66,566,1,19,7,Alto,2.0,0,0.23213246129393708,1,Denegar/Revisar,Bajo
CLI-109195,Lima,2837.55,1307.54,474,1,35,23,Alto,2.0,0,0.5321617799840122,1,Denegar/Revisar,Alto
CLI-109196,Arequipa,3476.36,1047.07,390,1,24,10,Alto,2.0,0,0.6711917358169404,1,Denegar/Revisar,Alto
CLI-109197,Cusco,6008.73,5528.5,142,1,58,87,Alto,2.0,1,0.9676680431314199,1,Denegar/Revisar,Muy alto
CLI-109198,Arequipa,4608.58,1395.68,963,0,63,41,Bajo,0.0,1,0.007761700619605551,0,Aprobar,Bajo
CLI-109199,Piura,4358.21,4904.11,986,0,28,9,Medio,1.0,0,0.013308178322193984,0,Aprobar,Bajo
CLI-109200,Cusco,3013.92,1839.42,152,1,42,76,Medio,1.0,0,0.9601659259675955,1,Denegar/Revisar,Muy alto
CLI-109201,Lima,3778.63,6477.53,887,0,28,53,Alto,2.0,0,0.05355421181977403,0,Aprobar,Bajo
CLI-109202,Piura,2961.97,732.01,982,0,35,73,Medio,1.0,0,0.007958251707563892,0,Aprobar,Bajo
CLI-109203,Lima,6250.72,686.02,331,0,60,134,Bajo,0.0,1,0.6334473330075634,1,Denegar/Revisar,Alto
CLI-109204,Cusco,2512.51,4553.64,311,1,33,13,Medio,1.0,0,0.9153186292567496,1,Denegar/Revisar,Muy alto
CLI-109205,Lima,1025.0,9856.43,107,1,35,127,Medio,1.0,0,0.996856004657306,1,Denegar/Revisar,Muy alto
CLI-109206,Piura,3732.89,617.21,733,0,29,84,Alto,2.0,0,0.06572045311680537,0,Aprobar,Bajo
CLI-109207,Arequipa,4199.31,306.25,582,0,52,85,Bajo,0.0,1,0.19595771940188175,0,Aprobar,Bajo
CLI-109208,Arequipa,3638.81,10911.21,141,1,18,1,Alto,2.0,0,0.993909313985073,1,Denegar/Revisar,Muy alto
CLI-109209,Piura,3290.88,499.2,432,0,34,137,Medio,1.0,0,0.5519215261145103,1,Denegar/Revisar,Alto
CLI-109210,Cusco,2918.15,1152.69,332,1,38,133,Medio,1.0,1,0.797545140659868,1,Denegar/Revisar,Muy alto
CLI-109211,Cusco,3476.31,10608.24,169,1,32,70,Alto,2.0,0,0.9918854169865104,1,Denegar/Revisar,Muy alto
CLI-109212,Lima,5684.47,6496.54,978,0,49,183,Bajo,0.0,1,0.015308814767251345,0,Aprobar,Bajo
CLI-109213,Lima,2441.3,1678.81,115,1,52,69,Medio,1.0,1,0.9741292049741567,1,Denegar/Revisar,Muy alto
CLI-109214,Lima,6720.47,12362.61,168,1,25,20,Alto,2.0,0,0.9882611284161353,1,Denegar/Revisar,Muy alto
CLI-109215,Lima,4365.34,3357.77,152,1,62,118,Bajo,0.0,1,0.961872032697465,1,Denegar/Revisar,Muy alto
CLI-109216,Piura,3660.39,299.96,784,0,23,46,Alto,2.0,0,0.03981181415375243,0,Aprobar,Bajo
CLI-109217,Cusco,2268.35,4856.99,873,0,53,89,Medio,1.0,1,0.05891400011063674,0,Aprobar,Bajo
CLI-109218,Loreto,3627.41,3082.51,478,1,41,232,Medio,1.0,1,0.5607941476280489,1,Denegar/Revisar,Alto
CLI-109219,Lima,5520.83,3400.03,900,0,34,137,Alto,2.0,0,0.017155068815341373,0,Aprobar,Bajo
CLI-109220,Lima,4856.33,12653.938750000001,562,1,35,127,Medio,1.0,0,0.7582899788319721,1,Denegar/Revisar,Muy alto
CLI-109221,Piura,1025.0,661.93,626,0,38,168,Medio,1.0,1,0.25897436989385153,1,Denegar/Revisar,Medio
CLI-109222,Piura,4435.04,4277.72,881,0,42,145,Medio,1.0,1,0.030145817580899695,0,Aprobar,Bajo
CLI-109223,Lima,3335.12,2455.43,778,0,29,29,Alto,2.0,0,0.06939629288662509,0,Aprobar,Bajo
CLI-109224,Loreto,5069.79,1269.23,162,1,37,23,Alto,2.0,0,0.9261905525440552,1,Denegar/Revisar,Muy alto
CLI-109225,Cusco,3405.52,4730.73,360,1,30,38,Medio,1.0,0,0.8520658643957794,1,Denegar/Revisar,Muy alto
CLI-109226,Lima,1025.0,4413.05,599,1,25,12,Alto,2.0,0,0.5081598607556133,1,Denegar/Revisar,Alto
CLI-109227,Loreto,3492.49,7765.54,220,1,30,101,Alto,2.0,0,0.9764185023163275,1,Denegar/Revisar,Muy alto
CLI-109228,Lima,1489.18,8443.54,957,0,25,26,Alto,2.0,0,0.07029028604628282,0,Aprobar,Bajo
CLI-109229,Arequipa,3853.17,3300.5,339,1,34,51,Medio,1.0,0,0.8237520236882424,1,Denegar/Revisar,Muy alto
CLI-109230,Lima,3655.12,1575.56,564,1,44,86,Medio,1.0,1,0.2917199598896792,1,Denegar/Revisar,Medio
CLI-109231,Lima,4952.52,3016.52,206,1,41,188,Medio,1.0,1,0.9223394404970803,1,Denegar/Revisar,Muy alto
CLI-109232,Cusco,3446.24,1780.5,279,0,61,25,Bajo,0.0,1,0.8717739975701649,1,Denegar/Revisar,Muy alto
CLI-109233,Lima,1740.81,1299.35,115,1,18,0,Alto,2.0,0,0.97700733366532,1,Denegar/Revisar,Muy alto
CLI-109234,Arequipa,5319.25,3208.06,454,0,45,166,Bajo,0.0,1,0.5354269561340059,1,Denegar/Revisar,Alto
CLI-109235,Lima,4269.84,4291.01,408,1,39,33,Alto,2.0,0,0.739943803193733,1,Denegar/Revisar,Alto
CLI-109236,Lima,3751.74,3571.97,826,0,48,122,Alto,2.0,0,0.05180083109751692,0,Aprobar,Bajo
CLI-109237,Lima,3067.86,12353.1,688,0,47,60,Alto,2.0,0,0.5988169429151661,1,Denegar/Revisar,Alto
CLI-109238,Lima,2811.89,1418.91,836,0,37,75,Alto,2.0,0,0.03777585496671959,0,Aprobar,Bajo
CLI-109239,Arequipa,4470.03,1863.04,704,0,41,174,Medio,1.0,1,0.08876977198641263,0,Aprobar,Bajo
CLI-109240,Lima,2434.86,4406.18,280,1,30,45,Alto,2.0,0,0.9368223580555161,1,Denegar/Revisar,Muy alto
CLI-109241,Arequipa,3297.77,3668.75,273,1,46,132,Medio,1.0,1,0.9143356106584667,1,Denegar/Revisar,Muy alto
CLI-109242,Arequipa,4797.65,7.46,453,0,19,1,Alto,2.0,0,0.40045720355504943,1,Denegar/Revisar,Medio
CLI-109243,Arequipa,2743.44,1497.53,453,0,47,45,Alto,2.0,0,0.5957491149383346,1,Denegar/Revisar,Alto
CLI-109244,Lima,4103.65,1170.84,318,0,39,73,Alto,2.0,0,0.7806714668995927,1,Denegar/Revisar,Muy alto
CLI-109245,Cusco,5841.49,7328.2,754,0,35,20,Alto,2.0,0,0.12748463884988037,0,Aprobar,Bajo
CLI-109246,Lima,3920.77,8047.09,414,1,37,82,Alto,2.0,0,0.8657182944246409,1,Denegar/Revisar,Muy alto
CLI-109247,Lima,4615.35,1335.7,533,0,38,74,Bajo,0.0,1,0.3033863082265526,1,Denegar/Revisar,Medio
CLI-109248,Lima,3865.96,5167.89,381,1,53,345,Bajo,0.0,1,0.8289014496961993,1,Denegar/Revisar,Muy alto
CLI-109249,Lima,3240.39,918.67,358,1,70,95,Bajo,0.0,1,0.7391213513463525,1,Denegar/Revisar,Alto
CLI-109250,Lima,5689.71,9325.19,967,0,53,143,Medio,1.0,1,0.02922589446954788,0,Aprobar,Bajo
CLI-109251,Piura,6229.82,1084.27,658,0,34,3,Alto,2.0,0,0.08079777732694099,0,Aprobar,Bajo
CLI-109252,Lima,3990.49,1069.66,104,1,46,82,Bajo,0.0,1,0.9638054433488515,1,Denegar/Revisar,Muy alto
CLI-109253,Lima,3555.57,2614.46,673,0,46,215,Bajo,0.0,1,0.16402536044305838,0,Aprobar,Bajo
CLI-109254,Arequipa,3638.81,1540.54,695,0,29,39,Medio,1.0,0,0.10721106045694967,0,Aprobar,Bajo
CLI-109255,Lima,3792.92,3282.3,744,0,25,40,Alto,2.0,0,0.09897583538638036,0,Aprobar,Bajo
CLI-109256,Lima,4907.14,1687.2,493,0,39,99,Medio,1.0,1,0.38037711208116376,1,Denegar/Revisar,Medio
CLI-109257,Lima,2580.64,6742.62,435,1,47,68,Medio,1.0,1,0.8407233479299124,1,Denegar/Revisar,Muy alto
CLI-109258,Arequipa,1287.44,12046.84,162,1,20,7,Alto,2.0,0,0.9966093335945492,1,Denegar/Revisar,Muy alto
CLI-109259,Lima,4987.39,2069.51,892,0,32,34,Alto,2.0,0,0.01582338273984372,0,Aprobar,Bajo
CLI-109260,Lima,2818.46,202.94,143,1,45,62,Alto,2.0,0,0.952801673181247,1,Denegar/Revisar,Muy alto
CLI-109261,Piura,5225.97,1095.53,252,1,40,32,Alto,2.0,0,0.8337431345662548,1,Denegar/Revisar,Muy alto
CLI-109262,Arequipa,1025.0,429.71,881,0,54,224,Bajo,0.0,1,0.03065016667220679,0,Aprobar,Bajo
CLI-109263,Piura,3660.39,1691.04,953,0,23,43,Alto,2.0,0,0.011266876292984639,0,Aprobar,Bajo
CLI-109264,Loreto,3458.41,4143.84,782,0,65,383,Bajo,0.0,1,0.09066316725415113,0,Aprobar,Bajo
CLI-109265,Lima,4225.42,2926.79,255,1,22,7,Alto,2.0,0,0.9005323851636323,1,Denegar/Revisar,Muy alto
CLI-109266,Lima,3234.01,1112.91,577,1,18,1,Alto,2.0,0,0.27478016913788367,1,Denegar/Revisar,Medio
CLI-109267,Lima,2383.92,5831.32,374,1,38,124,Alto,2.0,0,0.8935503113615856,1,Denegar/Revisar,Muy alto
CLI-109268,Lima,4817.82,563.86,457,0,27,55,Alto,2.0,0,0.4186638941793207,1,Denegar/Revisar,Medio
CLI-109269,Lima,5468.48,1036.1,525,1,39,125,Medio,1.0,1,0.2580950466664835,1,Denegar/Revisar,Medio
CLI-109270,Lima,3615.48,4508.63,631,1,38,95,Medio,1.0,0,0.29174090493887617,1,Denegar/Revisar,Medio
CLI-109271,Piura,3546.25,878.77,582,1,37,91,Alto,2.0,0,0.24244750935655346,1,Denegar/Revisar,Bajo
CLI-109272,Arequipa,5031.87,4542.3,313,1,30,59,Alto,2.0,0,0.8597367467789515,1,Denegar/Revisar,Muy alto
CLI-109273,Lima,4594.26,12653.938750000001,178,1,44,67,Alto,2.0,0,0.9921928435664296,1,Denegar/Revisar,Muy alto
CLI-109274,Arequipa,4523.14,7119.8,238,1,36,41,Alto,2.0,0,0.9600381597838056,1,Denegar/Revisar,Muy alto
CLI-109275,Lima,2289.9,697.46,197,1,51,279,Alto,2.0,1,0.9385184156438353,1,Denegar/Revisar,Muy alto
CLI-109276,Lima,3488.3,2940.03,988,0,37,82,Bajo,0.0,1,0.010995777754595992,0,Aprobar,Bajo
CLI-109277,Piura,6480.97,2194.95,763,0,30,90,Alto,2.0,0,0.03767823304645227,0,Aprobar,Bajo
CLI-109278,Lima,4008.57,12653.938750000001,297,1,21,8,Alto,2.0,0,0.9794565857608151,1,Denegar/Revisar,Muy alto
CLI-109279,Lima,3155.78,12653.938750000001,884,0,37,161,Alto,2.0,0,0.1908908523601218,0,Aprobar,Bajo
CLI-109280,Lima,2850.46,543.79,255,1,25,56,Alto,2.0,0,0.8827721571099307,1,Denegar/Revisar,Muy alto
CLI-109281,Cusco,2925.46,9575.77,149,1,24,35,Alto,2.0,0,0.9926329236928579,1,Denegar/Revisar,Muy alto
CLI-109282,Arequipa,3497.53,859.8,578,0,45,109,Medio,1.0,1,0.2436137709377337,1,Denegar/Revisar,Bajo
CLI-109283,Lima,2715.61,1539.42,327,1,19,9,Alto,2.0,0,0.8299225259523588,1,Denegar/Revisar,Muy alto
CLI-109284,Loreto,5457.9,1744.16,556,0,55,250,Alto,2.0,1,0.23935290597263234,1,Denegar/Revisar,Bajo
CLI-109285,Arequipa,4534.61,1352.1,621,0,41,36,Alto,2.0,0,0.1632090455518221,0,Aprobar,Bajo
CLI-109286,Piura,6375.97,7675.93,248,1,40,84,Alto,2.0,0,0.9411854670461425,1,Denegar/Revisar,Muy alto
CLI-109287,Loreto,4742.08,1601.51,157,1,28,33,Alto,2.0,0,0.9383536486237807,1,Denegar/Revisar,Muy alto
CLI-109288,Lima,3226.47,6787.36,261,1,47,110,Bajo,0.0,1,0.9606064808821569,1,Denegar/Revisar,Muy alto
CLI-109289,Lima,6549.66,12653.938750000001,962,0,40,79,Medio,1.0,0,0.04733802879114491,0,Aprobar,Bajo
CLI-109290,Piura,4181.24,7349.41,576,0,32,48,Alto,2.0,0,0.533982106112134,1,Denegar/Revisar,Alto
CLI-109291,Piura,6539.44,1699.47,206,1,42,96,Alto,2.0,0,0.8660730237010562,1,Denegar/Revisar,Muy alto
CLI-109292,Piura,3079.58,4968.81,526,1,20,4,Alto,2.0,0,0.5885720420172045,1,Denegar/Revisar,Alto
CLI-109293,Piura,3660.39,3053.62,494,0,21,14,Alto,2.0,0,0.5297200931144229,1,Denegar/Revisar,Alto
CLI-109294,Cusco,3560.7650000000003,6176.81,900,0,27,31,Medio,1.0,0,0.04541616814886792,0,Aprobar,Bajo
CLI-109295,Cusco,3560.7650000000003,664.68,285,1,43,209,Alto,2.0,1,0.8317710025851857,1,Denegar/Revisar,Muy alto
CLI-109296,Loreto,3301.91,4065.93,657,0,39,129,Bajo,0.0,1,0.24729450662593422,1,Denegar/Revisar,Bajo
CLI-109297,Loreto,5444.36,5942.99,545,0,51,189,Bajo,0.0,1,0.4592984750308641,1,Denegar/Revisar,Medio
CLI-109298,Cusco,4292.05,5729.04,740,0,29,95,Alto,2.0,0,0.14551296673449077,0,Aprobar,Bajo
CLI-109299,Lima,1025.0,12653.938750000001,929,0,44,93,Bajo,0.0,1,0.2023064982491401,1,Denegar/Revisar,Bajo
CLI-109300,Lima,3734.49,240.75,547,0,38,137,Bajo,0.0,1,0.27103116091620294,1,Denegar/Revisar,Medio
CLI-109301,Lima,1411.17,1697.24,186,1,28,26,Medio,1.0,0,0.9610337229855986,1,Denegar/Revisar,Muy alto
CLI-109302,Loreto,2535.0,2589.28,348,1,43,26,Medio,1.0,0,0.8338581526609821,1,Denegar/Revisar,Muy alto
CLI-109303,Piura,6105.94,1482.88,940,0,39,67,Alto,2.0,0,0.006936226505589374,0,Aprobar,Bajo
CLI-109304,Arequipa,1562.81,12653.938750000001,539,1,31,72,Alto,2.0,0,0.896766814109603,1,Denegar/Revisar,Muy alto
CLI-109305,Lima,1369.77,774.96,356,0,39,50,Medio,1.0,0,0.8061833903931734,1,Denegar/Revisar,Muy alto
CLI-109306,Lima,1025.0,6705.55,376,1,37,45,Medio,1.0,0,0.9289213410915004,1,Denegar/Revisar,Muy alto
CLI-109307,Arequipa,3696.87,9546.87,889,0,37,156,Alto,2.0,0,0.09765031441048716,0,Aprobar,Bajo
CLI-109308,Lima,3655.12,343.66,537,0,34,27,Alto,2.0,0,0.2982933225093359,1,Denegar/Revisar,Medio
CLI-109309,Lima,1321.42,673.2,615,0,24,25,Alto,2.0,0,0.273679132798351,1,Denegar/Revisar,Medio
CLI-109310,Lima,3507.3,1037.43,676,0,40,177,Medio,1.0,1,0.11742459533600648,0,Aprobar,Bajo
CLI-109311,Lima,3572.57,2845.14,301,1,30,51,Alto,2.0,0,0.870555495062742,1,Denegar/Revisar,Muy alto
CLI-109312,Arequipa,2481.31,6264.98,674,0,27,45,Alto,2.0,0,0.35029386078801505,1,Denegar/Revisar,Medio
CLI-109313,Lima,4549.66,296.55,754,0,37,112,Bajo,0.0,1,0.04275359148123287,0,Aprobar,Bajo
CLI-109314,Piura,4376.01,4051.35,855,0,47,50,Medio,1.0,1,0.03692276065139451,0,Aprobar,Bajo
CLI-109315,Lima,3655.12,646.95,903,0,41,45,Alto,2.0,0,0.014417537895227945,0,Aprobar,Bajo
CLI-109316,Loreto,2731.01,12653.938750000001,896,0,33,29,Bajo,0.0,0,0.18873697308798024,0,Aprobar,Bajo
CLI-109317,Lima,3655.12,9161.58,279,1,33,86,Alto,2.0,0,0.9685391101956453,1,Denegar/Revisar,Muy alto
CLI-109318,Piura,2360.98,11949.7,785,0,45,92,Alto,2.0,0,0.3939895429872619,1,Denegar/Revisar,Medio
CLI-109319,Arequipa,2409.89,448.93,424,1,18,0,Medio,1.0,0,0.6171089225000214,1,Denegar/Revisar,Alto
CLI-109320,Lima,4716.46,2678.01,722,0,48,226,Medio,1.0,1,0.08450320118011856,0,Aprobar,Bajo
CLI-109321,Loreto,4248.71,722.48,786,0,19,9,Alto,2.0,0,0.037362395828022664,0,Aprobar,Bajo
CLI-109322,Piura,4918.38,3668.72,574,0,24,28,Medio,1.0,0,0.30323532441226997,1,Denegar/Revisar,Medio
CLI-109323,Lima,3563.13,1059.71,764,0,33,64,Medio,1.0,0,0.054639234617660105,0,Aprobar,Bajo
CLI-109324,Lima,1657.8,5889.69,499,0,62,215,Bajo,0.0,1,0.7568963309732197,1,Denegar/Revisar,Muy alto
CLI-109325,Cusco,2146.41,4131.33,967,0,57,229,Medio,1.0,1,0.022363418160592348,0,Aprobar,Bajo
CLI-109326,Arequipa,5801.42,3390.83,316,1,48,118,Alto,2.0,0,0.7962826679001715,1,Denegar/Revisar,Muy alto
CLI-109327,Lima,3861.51,6977.07,908,0,43,185,Alto,2.0,1,0.04821111489116644,0,Aprobar,Bajo
CLI-109328,Lima,3352.91,2774.77,552,0,18,0,Alto,2.0,0,0.3982862816550755,1,Denegar/Revisar,Medio
CLI-109329,Loreto,6208.09,1258.03,503,0,42,40,Alto,2.0,0,0.2817528546516431,1,Denegar/Revisar,Medio
CLI-109330,Arequipa,3638.81,3877.77,339,1,33,34,Alto,2.0,0,0.8522189929110088,1,Denegar/Revisar,Muy alto
CLI-109331,Arequipa,4210.36,12592.05,837,1,30,33,Bajo,0.0,0,0.22303996258444753,1,Denegar/Revisar,Bajo
CLI-109332,Lima,3655.12,3676.77,285,1,41,133,Alto,2.0,0,0.9013616394054478,1,Denegar/Revisar,Muy alto
CLI-109333,Arequipa,1025.0,12653.938750000001,147,1,33,109,Medio,1.0,0,0.9973364267737116,1,Denegar/Revisar,Muy alto
CLI-109334,Lima,6304.67,10918.16,485,0,50,189,Medio,1.0,1,0.7706981963168165,1,Denegar/Revisar,Muy alto
CLI-109335,Lima,5969.45,2896.7,307,0,19,2,Medio,1.0,0,0.7800268263785504,1,Denegar/Revisar,Muy alto
CLI-109336,Piura,4543.57,12653.938750000001,256,1,40,172,Alto,2.0,0,0.9840925245359037,1,Denegar/Revisar,Muy alto
CLI-109337,Cusco,4629.27,695.8,324,1,30,54,Alto,2.0,0,0.7292875432893927,1,Denegar/Revisar,Alto
CLI-109338,Lima,4117.55,3080.46,243,1,35,138,Alto,2.0,0,0.9147613117915985,1,Denegar/Revisar,Muy alto
CLI-109339,Lima,2427.05,957.6,518,1,42,76,Bajo,0.0,1,0.4347290065018846,1,Denegar/Revisar,Medio
CLI-109340,Arequipa,3356.09,2415.61,210,1,27,27,Alto,2.0,0,0.9381420487817799,1,Denegar/Revisar,Muy alto
CLI-109341,Piura,3602.33,748.09,929,0,41,143,Alto,2.0,0,0.011715228244939216,0,Aprobar,Bajo
CLI-109342,Loreto,1025.0,1006.83,974,0,36,29,Medio,1.0,0,0.01416084827600383,0,Aprobar,Bajo
CLI-109343,Arequipa,6124.9,946.94,973,0,33,80,Medio,1.0,0,0.004365398111290586,0,Aprobar,Bajo
CLI-109344,Lima,4459.98,1542.83,564,0,34,90,Alto,2.0,0,0.2607188019134256,1,Denegar/Revisar,Medio
CLI-109345,Cusco,1025.0,578.28,231,0,36,92,Bajo,0.0,1,0.9355325869948936,1,Denegar/Revisar,Muy alto
CLI-109346,Arequipa,3407.57,6629.1,724,0,30,53,Medio,1.0,0,0.22040482643950948,1,Denegar/Revisar,Bajo
CLI-109347,Loreto,5948.29,997.31,935,0,40,61,Alto,2.0,0,0.006806168539808962,0,Aprobar,Bajo
CLI-109348,Arequipa,4097.91,2155.32,700,0,36,55,Alto,2.0,0,0.10864372724911313,0,Aprobar,Bajo
CLI-109349,Loreto,1495.83,64.75,772,0,31,84,Medio,1.0,0,0.06560288972174222,0,Aprobar,Bajo
CLI-109350,Lima,1546.22,443.2,433,1,56,103,Bajo,0.0,1,0.6526136483774683,1,Denegar/Revisar,Alto
CLI-109351,Lima,5633.93,9063.93,174,1,44,190,Medio,1.0,1,0.9800380409060281,1,Denegar/Revisar,Muy alto
CLI-109352,Loreto,4382.79,7259.95,892,0,35,102,Medio,1.0,0,0.050576816350670906,0,Aprobar,Bajo
CLI-109353,Lima,3655.12,7353.45,511,1,41,67,Bajo,0.0,1,0.7045022434082323,1,Denegar/Revisar,Alto
CLI-109354,Lima,6493.51,2119.72,618,0,29,32,Alto,2.0,0,0.13024016479730133,0,Aprobar,Bajo
CLI-109355,Arequipa,3259.72,610.42,724,0,34,58,Alto,2.0,0,0.07859611367314176,0,Aprobar,Bajo
CLI-109356,Loreto,3298.08,456.68,135,1,35,31,Medio,1.0,0,0.9518417625460306,1,Denegar/Revisar,Muy alto
CLI-109357,Lima,1304.04,3721.59,877,0,24,25,Alto,2.0,0,0.058084549284471314,0,Aprobar,Bajo
CLI-109358,Loreto,3037.41,7045.54,724,0,43,205,Bajo,0.0,1,0.2590355869333422,1,Denegar/Revisar,Medio
CLI-109359,Arequipa,5169.62,9214.92,903,0,34,128,Alto,2.0,0,0.05914569196604012,0,Aprobar,Bajo
CLI-109360,Piura,2855.87,1362.82,322,1,35,8,Alto,2.0,0,0.8266603688139964,1,Denegar/Revisar,Muy alto
CLI-109361,Loreto,4821.82,1548.69,822,0,33,18,Medio,1.0,0,0.02702203683606067,0,Aprobar,Bajo
CLI-109362,Lima,5152.82,425.34,629,1,70,303,Bajo,0.0,1,0.11417789701929577,0,Aprobar,Bajo
CLI-109363,Lima,4020.39,5956.14,340,1,32,99,Alto,2.0,0,0.890231705950571,1,Denegar/Revisar,Muy alto
CLI-109364,Lima,3462.23,1290.14,233,1,18,0,Alto,2.0,0,0.9038704068761244,1,Denegar/Revisar,Muy alto
CLI-109365,Piura,4448.29,2622.86,831,0,22,18,Alto,2.0,0,0.03502196405741335,0,Aprobar,Bajo
CLI-109366,Piura,2627.69,10574.52,490,1,47,38,Medio,1.0,0,0.875009384629359,1,Denegar/Revisar,Muy alto
CLI-109367,Loreto,1516.45,5580.79,201,1,53,288,Bajo,0.0,1,0.98013639512158,1,Denegar/Revisar,Muy alto
CLI-109368,Arequipa,6035.42,216.72,751,0,32,89,Alto,2.0,0,0.03100584407081795,0,Aprobar,Bajo
CLI-109369,Piura,5248.62,32.75,780,0,54,378,Alto,2.0,1,0.027373912939097817,0,Aprobar,Bajo
CLI-109370,Arequipa,3638.81,6193.52,597,0,47,154,Bajo,0.0,1,0.45534415707775955,1,Denegar/Revisar,Medio
CLI-109371,Lima,3816.14,3216.32,610,0,37,60,Bajo,0.0,1,0.2746929141568785,1,Denegar/Revisar,Medio
CLI-109372,Lima,2016.16,5096.64,802,0,35,51,Bajo,0.0,1,0.12375937444057465,0,Aprobar,Bajo
CLI-109373,Loreto,3055.16,682.28,636,0,41,50,Alto,2.0,0,0.17172981334970347,0,Aprobar,Bajo
CLI-109374,Lima,4591.55,8224.4,644,0,49,256,Alto,2.0,1,0.398388281101315,1,Denegar/Revisar,Medio
CLI-109375,Lima,3774.31,5936.95,442,1,43,106,Medio,1.0,1,0.7596618239025054,1,Denegar/Revisar,Muy alto
CLI-109376,Arequipa,3638.81,8859.72,940,0,32,35,Alto,2.0,0,0.055531205883895936,0,Aprobar,Bajo
CLI-109377,Lima,1384.57,1668.71,105,1,36,109,Medio,1.0,0,0.9813907306607648,1,Denegar/Revisar,Muy alto
CLI-109378,Loreto,1456.32,1290.23,293,1,60,158,Bajo,0.0,1,0.8950702404818575,1,Denegar/Revisar,Muy alto
CLI-109379,Lima,5606.98,658.23,841,0,43,120,Alto,2.0,0,0.01640376078900536,0,Aprobar,Bajo
CLI-109380,Lima,5512.41,10642.1,236,1,49,128,Alto,2.0,1,0.9761566099125105,1,Denegar/Revisar,Muy alto
CLI-109381,Lima,5192.94,778.37,934,0,46,59,Medio,1.0,1,0.007516107401552256,0,Aprobar,Bajo
CLI-109382,Piura,3385.55,508.23,572,0,42,41,Medio,1.0,0,0.24509514880731767,1,Denegar/Revisar,Bajo
CLI-109383,Lima,4967.55,856.13,315,1,41,42,Alto,2.0,0,0.7370715230709811,1,Denegar/Revisar,Alto
CLI-109384,Piura,2132.76,5902.81,448,1,48,51,Alto,2.0,0,0.8185750313845489,1,Denegar/Revisar,Muy alto
CLI-109385,Loreto,6029.59,8812.02,975,0,48,75,Medio,1.0,1,0.02263580958739023,0,Aprobar,Bajo
CLI-109386,Cusco,2169.07,6662.2,282,1,41,208,Medio,1.0,1,0.9599753348223791,1,Denegar/Revisar,Muy alto
CLI-109387,Lima,2212.72,3313.47,267,1,31,79,Medio,1.0,0,0.9309126029564657,1,Denegar/Revisar,Muy alto
CLI-109388,Lima,3786.81,12653.938750000001,893,1,43,123,Alto,2.0,0,0.15774733692113957,0,Aprobar,Bajo
CLI-109389,Piura,3660.39,285.36,137,1,38,140,Medio,1.0,1,0.9450541138144224,1,Denegar/Revisar,Muy alto
CLI-109390,Cusco,5420.41,8075.39,774,0,36,46,Alto,2.0,0,0.13522867379297096,0,Aprobar,Bajo
CLI-109391,Cusco,1683.5,2232.46,570,1,68,134,Bajo,0.0,1,0.42345137767193164,1,Denegar/Revisar,Medio
CLI-109392,Lima,2695.38,2428.78,551,0,22,13,Alto,2.0,0,0.4197686318139593,1,Denegar/Revisar,Medio
CLI-109393,Arequipa,3992.47,546.01,589,0,50,86,Medio,1.0,1,0.19508952649099323,0,Aprobar,Bajo
CLI-109394,Lima,3818.74,136.02,241,1,30,32,Alto,2.0,0,0.8628875620506283,1,Denegar/Revisar,Muy alto
CLI-109395,Lima,1660.73,1522.87,859,0,40,177,Alto,2.0,0,0.040532866234754716,0,Aprobar,Bajo
CLI-109396,Lima,1718.4,768.78,202,1,66,254,Bajo,0.0,1,0.9440823988770639,1,Denegar/Revisar,Muy alto
CLI-109397,Lima,1496.91,2641.47,810,0,28,47,Medio,1.0,0,0.07807170356465198,0,Aprobar,Bajo
CLI-109398,Lima,3072.81,637.53,811,0,31,71,Medio,1.0,0,0.03671730201402893,0,Aprobar,Bajo
CLI-109399,Lima,2126.0,593.66,141,1,38,60,Bajo,0.0,1,0.9632793561420262,1,Denegar/Revisar,Muy alto
CLI-109400,Arequipa,3746.13,8381.6,246,1,30,53,Alto,2.0,0,0.9720984248996559,1,Denegar/Revisar,Muy alto
CLI-109401,Lima,3655.12,10168.18,165,1,49,46,Bajo,0.0,1,0.9910671123299915,1,Denegar/Revisar,Muy alto
CLI-109402,Piura,4063.9,12653.938750000001,292,1,33,61,Alto,2.0,0,0.9801309506683054,1,Denegar/Revisar,Muy alto
CLI-109403,Lima,3655.12,4564.02,397,1,46,171,Medio,1.0,1,0.7876269089394146,1,Denegar/Revisar,Muy alto
CLI-109404,Lima,2262.65,5896.42,137,1,24,42,Alto,2.0,0,0.9877836093692264,1,Denegar/Revisar,Muy alto
CLI-109405,Lima,5158.94,7226.31,601,0,20,9,Alto,2.0,0,0.4130798007606711,1,Denegar/Revisar,Medio
CLI-109406,Lima,6021.33,4302.58,752,0,37,87,Alto,2.0,0,0.07008919370089386,0,Aprobar,Bajo
CLI-109407,Piura,2951.33,1603.36,717,0,21,20,Medio,1.0,0,0.10403825943017819,0,Aprobar,Bajo
CLI-109408,Lima,2561.22,680.25,527,1,55,198,Medio,1.0,1,0.3833865699420783,1,Denegar/Revisar,Medio
CLI-109409,Piura,3494.67,1083.42,763,0,22,11,Alto,2.0,0,0.05830147138652739,0,Aprobar,Bajo
CLI-109410,Lima,2401.83,7340.69,451,1,27,15,Alto,2.0,0,0.8481035940349887,1,Denegar/Revisar,Muy alto
CLI-109411,Arequipa,1197.36,4764.19,425,1,43,87,Medio,1.0,1,0.8403175015767821,1,Denegar/Revisar,Muy alto
CLI-109412,Arequipa,2726.87,2433.72,137,1,32,58,Medio,1.0,0,0.9711175043101391,1,Denegar/Revisar,Muy alto
CLI-109413,Lima,1902.03,119.38,196,1,22,13,Alto,2.0,0,0.9371955339821603,1,Denegar/Revisar,Muy alto
CLI-109414,Lima,3060.78,1238.1,207,1,61,306,Bajo,0.0,1,0.9287109440330705,1,Denegar/Revisar,Muy alto
CLI-109415,Lima,6523.04,5221.03,730,0,29,35,Alto,2.0,0,0.09100746007930163,0,Aprobar,Bajo
CLI-109416,Piura,2841.53,2872.93,250,1,37,60,Medio,1.0,0,0.9256231095567554,1,Denegar/Revisar,Muy alto
CLI-109417,Lima,1712.45,2287.49,173,1,36,136,Medio,1.0,1,0.9671374475777765,1,Denegar/Revisar,Muy alto
CLI-109418,Piura,2403.66,1505.64,156,1,46,150,Medio,1.0,1,0.9614310939805802,1,Denegar/Revisar,Muy alto
CLI-109419,Piura,4647.04,3735.09,977,0,44,43,Medio,1.0,0,0.01060831788297311,0,Aprobar,Bajo
CLI-109420,Cusco,3119.8,12653.938750000001,434,0,30,24,Alto,2.0,0,0.9418877665622933,1,Denegar/Revisar,Muy alto
CLI-109421,Piura,2357.76,9255.54,351,1,35,127,Medio,1.0,0,0.9540877245348766,1,Denegar/Revisar,Muy alto
CLI-109422,Piura,1820.89,123.89,903,0,36,42,Alto,2.0,0,0.01965386991795567,0,Aprobar,Bajo
CLI-109423,Lima,5298.5,2623.05,924,0,48,175,Medio,1.0,1,0.011840965850780618,0,Aprobar,Bajo
CLI-109424,Cusco,2892.15,1598.74,866,0,26,53,Medio,1.0,0,0.028246501210033956,0,Aprobar,Bajo
CLI-109425,Arequipa,5399.71,2858.34,353,1,62,421,Medio,1.0,1,0.7228023748388156,1,Denegar/Revisar,Alto
CLI-109426,Lima,3655.12,3727.79,484,1,31,45,Alto,2.0,0,0.5881752797753633,1,Denegar/Revisar,Alto
CLI-109427,Loreto,3600.67,10712.57,555,1,39,226,Bajo,0.0,1,0.7646066975941997,1,Denegar/Revisar,Muy alto
CLI-109428,Lima,2508.76,6085.12,358,1,26,57,Medio,1.0,0,0.9058318786535702,1,Denegar/Revisar,Muy alto
CLI-109429,Loreto,4487.29,2577.95,881,1,25,22,Alto,2.0,0,0.021802059879527706,0,Aprobar,Bajo
CLI-109430,Loreto,2328.37,12653.938750000001,564,1,29,21,Medio,1.0,0,0.846986501651515,1,Denegar/Revisar,Muy alto
CLI-109431,Lima,1753.2,101.79,133,1,28,44,Medio,1.0,0,0.9639522738385734,1,Denegar/Revisar,Muy alto
CLI-109432,Arequipa,4621.53,841.5,594,0,35,129,Alto,2.0,0,0.18104860092816794,0,Aprobar,Bajo
CLI-109433,Lima,3655.12,4679.96,425,1,28,48,Medio,1.0,0,0.7450721139746875,1,Denegar/Revisar,Alto
CLI-109434,Lima,5194.34,4752.13,936,0,47,256,Bajo,0.0,1,0.017557410194200634,0,Aprobar,Bajo
CLI-109435,Lima,4415.2,3490.9,337,0,31,14,Medio,1.0,0,0.8131385984997574,1,Denegar/Revisar,Muy alto
CLI-109436,Arequipa,5081.46,12653.938750000001,790,0,30,29,Medio,1.0,0,0.25965707458700427,1,Denegar/Revisar,Medio
CLI-109437,Lima,4280.44,2146.73,715,0,35,101,Medio,1.0,0,0.08882758174901906,0,Aprobar,Bajo
CLI-109438,Lima,1073.74,2158.52,640,0,49,111,Bajo,0.0,1,0.3016596571552062,1,Denegar/Revisar,Medio
CLI-109439,Arequipa,2359.93,9653.01,838,1,41,102,Bajo,0.0,1,0.19583325894749876,0,Aprobar,Bajo
CLI-109440,Lima,1596.94,3092.59,565,0,37,106,Medio,1.0,0,0.47540313057099853,1,Denegar/Revisar,Medio
CLI-109441,Lima,3655.12,1746.14,843,0,23,14,Alto,2.0,0,0.03137694731050845,0,Aprobar,Bajo
CLI-109442,Lima,3352.86,5076.72,403,0,26,71,Medio,1.0,0,0.8073382277707354,1,Denegar/Revisar,Muy alto
CLI-109443,Lima,2635.38,3866.87,961,0,25,6,Alto,2.0,0,0.02079038427436758,0,Aprobar,Bajo
CLI-109444,Lima,4132.98,1463.5,946,0,54,218,Alto,2.0,1,0.010286276040155088,0,Aprobar,Bajo
CLI-109445,Lima,3958.31,1414.88,216,1,45,108,Bajo,0.0,1,0.9098410299229545,1,Denegar/Revisar,Muy alto
CLI-109446,Cusco,1613.91,2014.16,306,1,29,111,Alto,2.0,0,0.8945397883632382,1,Denegar/Revisar,Muy alto
CLI-109447,Arequipa,2864.31,297.26,796,0,32,37,Alto,2.0,0,0.04264018584247228,0,Aprobar,Bajo
CLI-109448,Lima,5431.44,11432.02,580,0,31,39,Alto,2.0,0,0.6616606887747005,1,Denegar/Revisar,Alto
CLI-109449,Lima,3655.12,808.56,749,0,29,15,Alto,2.0,0,0.060312770178627795,0,Aprobar,Bajo
CLI-109450,Lima,4017.41,861.81,502,0,44,90,Alto,2.0,0,0.37712987636823603,1,Denegar/Revisar,Medio
CLI-109451,Piura,6226.88,4165.58,934,0,37,81,Medio,1.0,0,0.012035923270391954,0,Aprobar,Bajo
CLI-109452,Lima,2277.76,5153.0,775,0,61,264,Bajo,0.0,1,0.14769214155887228,0,Aprobar,Bajo
CLI-109453,Lima,2837.98,5339.9,999,0,52,219,Alto,2.0,1,0.01899023422621318,0,Aprobar,Bajo
CLI-109454,Loreto,3600.67,1880.49,686,0,53,135,Bajo,0.0,1,0.12830856528954115,0,Aprobar,Bajo
CLI-109455,Lima,3265.4,8264.65,332,1,46,172,Medio,1.0,1,0.9422630651370917,1,Denegar/Revisar,Muy alto
CLI-109456,Lima,2303.59,3141.04,383,1,34,100,Medio,1.0,0,0.8107838327710202,1,Denegar/Revisar,Muy alto
CLI-109457,Loreto,6614.92,2309.2,579,0,47,150,Bajo,0.0,1,0.179293753529804,0,Aprobar,Bajo
CLI-109458,Arequipa,5283.94,6651.07,988,0,36,3,Alto,2.0,0,0.015795110105227012,0,Aprobar,Bajo
CLI-109459,Lima,3025.53,1116.53,866,0,57,245,Bajo,0.0,1,0.025770029206339296,0,Aprobar,Bajo
CLI-109460,Arequipa,1025.0,7869.75,108,1,42,96,Alto,2.0,0,0.9953612278120328,1,Denegar/Revisar,Muy alto
CLI-109461,Lima,4033.5,3095.95,814,0,42,73,Medio,1.0,1,0.04747199907626546,0,Aprobar,Bajo
CLI-109462,Arequipa,4114.26,9212.67,478,1,41,114,Medio,1.0,1,0.8062799026854092,1,Denegar/Revisar,Muy alto
CLI-109463,Lima,7092.68,900.64,916,0,60,249,Bajo,0.0,1,0.0061153332399494316,0,Aprobar,Bajo
CLI-109464,Loreto,4017.72,10999.43,702,0,23,15,Alto,2.0,0,0.4410067852559178,1,Denegar/Revisar,Medio
CLI-109465,Cusco,3095.67,4657.43,480,0,59,117,Bajo,0.0,1,0.6726275169453484,1,Denegar/Revisar,Alto
CLI-109466,Cusco,2921.14,3852.78,943,0,37,133,Alto,2.0,0,0.02291720647621694,0,Aprobar,Bajo
CLI-109467,Cusco,4577.57,2193.19,761,0,24,40,Alto,2.0,0,0.05840315720119884,0,Aprobar,Bajo
CLI-109468,Piura,3660.39,12523.0,459,1,31,85,Medio,1.0,0,0.9158356554438772,1,Denegar/Revisar,Muy alto
CLI-109469,Lima,1025.0,2347.37,275,1,20,13,Alto,2.0,0,0.93313060348514,1,Denegar/Revisar,Muy alto
CLI-109470,Lima,3655.12,2760.95,584,0,46,234,Medio,1.0,1,0.30484622997150473,1,Denegar/Revisar,Medio
CLI-109471,Arequipa,1977.78,6083.84,504,1,27,27,Medio,1.0,0,0.7344080914471727,1,Denegar/Revisar,Alto
CLI-109472,Loreto,1025.0,1341.01,132,1,40,154,Alto,2.0,0,0.9773512195419102,1,Denegar/Revisar,Muy alto
CLI-109473,Lima,3655.12,1378.39,564,1,51,220,Medio,1.0,1,0.2831916387474232,1,Denegar/Revisar,Medio
CLI-109474,Cusco,5420.94,5971.92,795,0,32,76,Alto,2.0,0,0.07607990010427462,0,Aprobar,Bajo
CLI-109475,Loreto,2102.67,550.52,256,1,35,92,Medio,1.0,0,0.8952966542207083,1,Denegar/Revisar,Muy alto
CLI-109476,Cusco,3585.79,6925.62,664,1,25,30,Alto,2.0,0,0.3450866562062954,1,Denegar/Revisar,Medio
CLI-109477,Loreto,3838.07,3925.18,907,0,35,29,Medio,1.0,0,0.025309716782373225,0,Aprobar,Bajo
CLI-109478,Lima,1413.56,3098.16,301,1,66,42,Bajo,0.0,1,0.9213110297312235,1,Denegar/Revisar,Muy alto
CLI-109479,Lima,3458.8,1040.84,885,0,47,30,Medio,1.0,1,0.01860259827784801,0,Aprobar,Bajo
CLI-109480,Lima,4223.96,6174.0,274,1,36,119,Alto,2.0,0,0.9376737706430187,1,Denegar/Revisar,Muy alto
CLI-109481,Lima,2337.29,6538.06,343,1,32,42,Medio,1.0,0,0.9268939292393665,1,Denegar/Revisar,Muy alto
CLI-109482,Piura,3932.04,2638.4,368,0,39,112,Alto,2.0,0,0.7595635284143685,1,Denegar/Revisar,Muy alto
CLI-109483,Loreto,2752.91,1971.74,545,1,40,122,Medio,1.0,1,0.3975244927483587,1,Denegar/Revisar,Medio
CLI-109484,Loreto,1069.7,1130.31,173,1,33,59,Medio,1.0,0,0.963972225582446,1,Denegar/Revisar,Muy alto
CLI-109485,Piura,4681.61,5613.5,195,1,45,68,Bajo,0.0,1,0.9618577951976685,1,Denegar/Revisar,Muy alto
CLI-109486,Lima,1248.46,4080.52,972,0,28,35,Medio,1.0,0,0.025907242610754482,0,Aprobar,Bajo
CLI-109487,Lima,5721.47,925.87,272,0,29,91,Medio,1.0,0,0.7747770394219178,1,Denegar/Revisar,Muy alto
CLI-109488,Lima,5992.92,6328.62,998,0,44,23,Medio,1.0,0,0.011019204732490554,0,Aprobar,Bajo
CLI-109489,Lima,3784.07,8555.25,505,1,26,17,Medio,1.0,0,0.7522248312952265,1,Denegar/Revisar,Muy alto
CLI-109490,Piura,2339.18,244.3,254,0,46,94,Bajo,0.0,1,0.8893106676148869,1,Denegar/Revisar,Muy alto
CLI-109491,Lima,2512.09,5921.03,282,1,38,104,Bajo,0.0,1,0.9516520264683611,1,Denegar/Revisar,Muy alto
CLI-109492,Lima,3647.69,7663.9,422,1,19,2,Alto,2.0,0,0.854583802228009,1,Denegar/Revisar,Muy alto
CLI-109493,Lima,3553.16,12653.938750000001,388,1,40,169,Medio,1.0,1,0.9559756460219162,1,Denegar/Revisar,Muy alto
CLI-109494,Piura,1775.24,1085.14,357,0,20,10,Alto,2.0,0,0.8062648427953597,1,Denegar/Revisar,Muy alto
CLI-109495,Lima,3973.67,1854.52,686,0,47,93,Medio,1.0,1,0.11440483887408623,0,Aprobar,Bajo
CLI-109496,Lima,3434.07,12653.938750000001,273,1,36,68,Medio,1.0,0,0.9849975229849193,1,Denegar/Revisar,Muy alto
CLI-109497,Lima,2907.02,394.93,429,0,59,359,Bajo,0.0,1,0.5847040355498951,1,Denegar/Revisar,Alto
CLI-109498,Cusco,6518.78,2966.9,330,1,52,277,Alto,2.0,1,0.7262945257784591,1,Denegar/Revisar,Alto
CLI-109499,Lima,4015.04,2826.91,858,0,27,52,Alto,2.0,0,0.03149914796826849,0,Aprobar,Bajo
CLI-109500,Piura,1025.0,3731.18,260,1,18,0,Alto,2.0,0,0.9555854646892621,1,Denegar/Revisar,Muy alto
CLI-109501,Arequipa,1554.55,1606.65,285,1,30,54,Alto,2.0,0,0.9057393555377412,1,Denegar/Revisar,Muy alto
CLI-109502,Piura,4039.29,10410.34,242,1,26,31,Medio,1.0,0,0.9803576492393912,1,Denegar/Revisar,Muy alto
CLI-109503,Cusco,2178.36,1259.18,381,0,58,163,Bajo,0.0,1,0.7584120312879071,1,Denegar/Revisar,Muy alto
CLI-109504,Lima,2487.31,4195.81,739,1,38,73,Medio,1.0,0,0.1538969059156596,0,Aprobar,Bajo
CLI-109505,Lima,6147.04,2740.14,777,0,50,131,Medio,1.0,1,0.03851395609474665,0,Aprobar,Bajo
CLI-109506,Lima,3006.68,1240.66,126,1,36,121,Medio,1.0,0,0.9644808065125865,1,Denegar/Revisar,Muy alto
CLI-109507,Piura,3660.39,837.23,345,1,37,83,Alto,2.0,0,0.740525469712879,1,Denegar/Revisar,Alto
CLI-109508,Lima,1025.0,12545.69,586,1,38,40,Alto,2.0,0,0.8636213279334047,1,Denegar/Revisar,Muy alto
CLI-109509,Lima,4922.51,3295.68,746,0,52,297,Bajo,0.0,1,0.07679548715120724,0,Aprobar,Bajo
CLI-109510,Piura,4515.22,3707.29,996,0,43,58,Alto,2.0,0,0.009466459227107833,0,Aprobar,Bajo
CLI-109511,Piura,5053.11,6109.51,301,0,28,32,Alto,2.0,0,0.9047987154276084,1,Denegar/Revisar,Muy alto
CLI-109512,Lima,1098.09,338.86,120,1,56,164,Bajo,0.0,1,0.9746354526189543,1,Denegar/Revisar,Muy alto
CLI-109513,Arequipa,3320.13,5003.76,690,0,36,63,Alto,2.0,0,0.2263854542008708,1,Denegar/Revisar,Bajo
CLI-109514,Piura,4485.93,721.97,769,0,34,69,Alto,2.0,0,0.041301010732980856,0,Aprobar,Bajo
CLI-109515,Lima,4769.92,5395.7,193,1,18,0,Alto,2.0,0,0.9600677322374863,1,Denegar/Revisar,Muy alto
CLI-109516,Lima,3101.7,609.48,107,1,46,51,Alto,2.0,0,0.9665244572498944,1,Denegar/Revisar,Muy alto
CLI-109517,Arequipa,2580.84,7146.94,571,0,40,21,Medio,1.0,0,0.616131723734135,1,Denegar/Revisar,Alto
CLI-109518,Piura,5322.65,4570.46,438,0,41,36,Alto,2.0,0,0.640830319041905,1,Denegar/Revisar,Alto
CLI-109519,Lima,2747.58,1950.33,358,1,34,37,Medio,1.0,0,0.7916909289566305,1,Denegar/Revisar,Muy alto
CLI-109520,Lima,3078.04,1777.87,154,1,32,50,Alto,2.0,0,0.9598528116790996,1,Denegar/Revisar,Muy alto
CLI-109521,Piura,4920.01,645.12,647,1,35,21,Medio,1.0,0,0.10380341436169482,0,Aprobar,Bajo
CLI-109522,Cusco,5054.8,9375.85,105,1,45,195,Medio,1.0,1,0.9913482028232058,1,Denegar/Revisar,Muy alto
CLI-109523,Arequipa,4005.33,504.65,476,0,46,163,Bajo,0.0,1,0.4181263617586794,1,Denegar/Revisar,Medio
CLI-109524,Lima,7686.92,2555.22,653,0,38,30,Medio,1.0,0,0.07939464471061924,0,Aprobar,Bajo
CLI-109525,Lima,3655.12,1079.47,149,1,49,136,Alto,2.0,1,0.949775997172213,1,Denegar/Revisar,Muy alto
CLI-109526,Loreto,3362.35,12653.938750000001,211,1,38,91,Alto,2.0,0,0.9920069911351098,1,Denegar/Revisar,Muy alto
CLI-109527,Lima,2062.03,3526.05,245,1,33,67,Bajo,0.0,1,0.9490934365304541,1,Denegar/Revisar,Muy alto
CLI-109528,Cusco,3641.89,648.12,329,0,41,62,Medio,1.0,0,0.7548535716850282,1,Denegar/Revisar,Muy alto
CLI-109529,Cusco,4589.72,4405.23,822,0,24,50,Alto,2.0,0,0.05274450976175031,0,Aprobar,Bajo
CLI-109530,Lima,5260.55,12653.938750000001,596,1,42,125,Alto,2.0,0,0.6833184303225124,1,Denegar/Revisar,Alto
CLI-109531,Cusco,3976.77,3715.92,405,1,22,5,Alto,2.0,0,0.7350452597197016,1,Denegar/Revisar,Alto
CLI-109532,Lima,2991.14,2445.38,641,0,27,29,Alto,2.0,0,0.22563495132268968,1,Denegar/Revisar,Bajo
CLI-109533,Loreto,4004.6,1388.43,560,0,18,1,Medio,1.0,0,0.2748535988069472,1,Denegar/Revisar,Medio
CLI-109534,Lima,3303.45,386.59,906,0,37,134,Alto,2.0,0,0.014395889735175756,0,Aprobar,Bajo
CLI-109535,Lima,4778.24,1036.36,727,0,57,236,Bajo,0.0,1,0.05996663035873949,0,Aprobar,Bajo
CLI-109536,Piura,2311.25,3226.35,325,1,37,4,Medio,1.0,0,0.8824087567585794,1,Denegar/Revisar,Muy alto
CLI-109537,Arequipa,1025.0,5606.21,158,1,45,208,Medio,1.0,1,0.987667435103015,1,Denegar/Revisar,Muy alto
CLI-109538,Lima,1154.84,8412.67,175,1,64,67,Bajo,0.0,1,0.992034719404242,1,Denegar/Revisar,Muy alto
CLI-109539,Piura,1791.5,6313.93,527,1,43,78,Medio,1.0,1,0.7095419140439742,1,Denegar/Revisar,Alto
CLI-109540,Lima,3361.9,536.25,827,1,30,100,Alto,2.0,0,0.030260628295934587,0,Aprobar,Bajo
CLI-109541,Lima,1691.06,5939.33,231,1,31,90,Alto,2.0,0,0.9747308706920707,1,Denegar/Revisar,Muy alto
CLI-109542,Lima,3660.84,3485.31,597,1,39,62,Alto,2.0,0,0.3194833655484308,1,Denegar/Revisar,Medio
CLI-109543,Lima,3742.05,2532.78,915,0,32,42,Bajo,0.0,0,0.018719925064040407,0,Aprobar,Bajo
CLI-109544,Lima,4658.27,3401.68,692,0,33,44,Alto,2.0,0,0.1305122371652942,0,Aprobar,Bajo
CLI-109545,Lima,3882.09,32.43,404,1,50,199,Bajo,0.0,1,0.5680314848601513,1,Denegar/Revisar,Alto
CLI-109546,Lima,2346.15,280.53,166,1,50,182,Bajo,0.0,1,0.9485961431873328,1,Denegar/Revisar,Muy alto
CLI-109547,Lima,5021.48,2984.92,329,1,21,3,Alto,2.0,0,0.7919180836455898,1,Denegar/Revisar,Muy alto
CLI-109548,Lima,1974.34,762.8,432,1,29,77,Alto,2.0,0,0.647503064802444,1,Denegar/Revisar,Alto
CLI-109549,Cusco,4761.67,3154.59,376,1,34,86,Medio,1.0,0,0.721770500751168,1,Denegar/Revisar,Alto
CLI-109550,Lima,4678.24,1749.15,972,0,46,262,Bajo,0.0,1,0.007564422997312113,0,Aprobar,Bajo
CLI-109551,Cusco,3274.41,9518.38,683,0,51,118,Medio,1.0,1,0.4408728662924786,1,Denegar/Revisar,Medio
CLI-109552,Arequipa,3638.81,11957.68,820,0,69,298,Bajo,0.0,1,0.2585097524743126,1,Denegar/Revisar,Medio
CLI-109553,Piura,5101.73,12653.938750000001,883,0,34,131,Alto,2.0,0,0.13165622323659432,0,Aprobar,Bajo
CLI-109554,Piura,1372.59,9168.08,243,1,34,58,Bajo,0.0,1,0.9865571113133892,1,Denegar/Revisar,Muy alto
CLI-109555,Loreto,3745.97,12653.938750000001,350,1,46,207,Medio,1.0,1,0.9673817928331039,1,Denegar/Revisar,Muy alto
CLI-109556,Lima,3655.12,4898.7,895,0,31,86,Alto,2.0,0,0.037261089391125664,0,Aprobar,Bajo
CLI-109557,Piura,5591.08,12653.938750000001,790,0,38,103,Medio,1.0,0,0.2375778602901726,1,Denegar/Revisar,Bajo
CLI-109558,Arequipa,3736.04,4106.57,179,1,34,94,Alto,2.0,0,0.9636946564806126,1,Denegar/Revisar,Muy alto
CLI-109559,Piura,3797.36,6626.42,156,1,18,0,Alto,2.0,0,0.9822331878821725,1,Denegar/Revisar,Muy alto
CLI-109560,Loreto,3600.67,565.84,465,1,40,58,Medio,1.0,0,0.46034787442743763,1,Denegar/Revisar,Medio
CLI-109561,Lima,2999.44,4590.36,407,1,37,60,Medio,1.0,0,0.7981189846881486,1,Denegar/Revisar,Muy alto
CLI-109562,Arequipa,2667.79,10700.59,273,1,53,218,Medio,1.0,1,0.9819954957419771,1,Denegar/Revisar,Muy alto
CLI-109563,Piura,3660.39,3106.53,561,0,39,87,Alto,2.0,0,0.37793461040599996,1,Denegar/Revisar,Medio
CLI-109564,Lima,6127.98,827.21,849,0,26,9,Medio,1.0,0,0.013487102392208733,0,Aprobar,Bajo
CLI-109565,Lima,2375.26,2993.7,777,0,36,57,Medio,1.0,0,0.09206321448663891,0,Aprobar,Bajo
CLI-109566,Piura,4293.08,4909.53,695,0,18,0,Alto,2.0,0,0.1792548043458105,0,Aprobar,Bajo
CLI-109567,Loreto,3187.36,5875.03,592,0,25,45,Medio,1.0,0,0.46675309877520677,1,Denegar/Revisar,Medio
CLI-109568,Lima,3460.34,2966.85,659,0,46,17,Medio,1.0,0,0.19166758366321524,0,Aprobar,Bajo
CLI-109569,Loreto,4992.31,980.37,738,1,37,60,Medio,1.0,0,0.049486750461411065,0,Aprobar,Bajo
CLI-109570,Lima,2889.52,10452.17,780,0,49,194,Medio,1.0,1,0.29711970695083056,1,Denegar/Revisar,Medio
CLI-109571,Lima,5114.87,5942.12,965,0,18,0,Alto,2.0,0,0.017517843875564553,0,Aprobar,Bajo
CLI-109572,Lima,4145.18,1262.62,473,0,37,152,Bajo,0.0,1,0.45643429139057645,1,Denegar/Revisar,Medio
CLI-109573,Lima,2232.61,6681.27,448,1,33,62,Alto,2.0,0,0.8386141892600391,1,Denegar/Revisar,Muy alto
CLI-109574,Lima,4198.74,1710.0,166,1,50,135,Medio,1.0,1,0.9398450572365321,1,Denegar/Revisar,Muy alto
CLI-109575,Lima,5409.14,1498.37,429,1,47,78,Medio,1.0,1,0.4890179444628489,1,Denegar/Revisar,Medio
CLI-109576,Arequipa,7439.09,7953.34,951,0,48,9,Bajo,0.0,1,0.017808568805446817,0,Aprobar,Bajo
CLI-109577,Arequipa,2692.95,8261.69,293,1,56,59,Bajo,0.0,1,0.9654081130339476,1,Denegar/Revisar,Muy alto
CLI-109578,Lima,3294.68,2033.19,254,0,35,42,Medio,1.0,0,0.9003668718240755,1,Denegar/Revisar,Muy alto
CLI-109579,Lima,3396.28,35.85,259,1,54,100,Bajo,0.0,1,0.8516373836016846,1,Denegar/Revisar,Muy alto
CLI-109580,Lima,5088.66,825.96,795,0,28,45,Alto,2.0,0,0.029128120509717657,0,Aprobar,Bajo
CLI-109581,Piura,5852.81,9600.63,365,1,28,93,Medio,1.0,0,0.8970224598041594,1,Denegar/Revisar,Muy alto
CLI-109582,Lima,3764.24,9160.62,267,1,47,35,Bajo,0.0,1,0.97108605230926,1,Denegar/Revisar,Muy alto
CLI-109583,Lima,3759.09,2415.75,244,1,22,19,Medio,1.0,0,0.9062042137613153,1,Denegar/Revisar,Muy alto
CLI-109584,Cusco,1427.99,1450.29,285,0,44,134,Medio,1.0,1,0.9020798991965332,1,Denegar/Revisar,Muy alto
CLI-109585,Loreto,7542.97,1442.44,985,0,42,202,Alto,2.0,1,0.003242482953488989,0,Aprobar,Bajo
CLI-109586,Lima,3714.99,9099.68,964,0,51,91,Bajo,0.0,1,0.04627297543634447,0,Aprobar,Bajo
CLI-109587,Lima,1025.0,1570.59,873,0,37,163,Bajo,0.0,1,0.041566596068465494,0,Aprobar,Bajo
CLI-109588,Lima,1025.0,2866.32,522,0,39,38,Alto,2.0,0,0.6054730760582796,1,Denegar/Revisar,Alto
CLI-109589,Arequipa,4757.62,5252.34,885,0,45,85,Alto,2.0,0,0.034251709791457335,0,Aprobar,Bajo
CLI-109590,Piura,3660.39,940.26,556,0,32,73,Alto,2.0,0,0.2872240864413485,1,Denegar/Revisar,Medio
CLI-109591,Lima,4458.68,12653.938750000001,939,0,32,110,Alto,2.0,0,0.09427601868850072,0,Aprobar,Bajo
CLI-109592,Arequipa,1145.88,1773.05,444,1,43,51,Medio,1.0,0,0.7032069203349419,1,Denegar/Revisar,Alto
CLI-109593,Lima,4625.56,4247.85,834,0,39,161,Medio,1.0,1,0.04390977758463248,0,Aprobar,Bajo
CLI-109594,Lima,4652.41,6803.82,653,0,35,118,Bajo,0.0,1,0.3077326305830806,1,Denegar/Revisar,Medio
CLI-109595,Lima,3993.75,3164.86,615,0,38,70,Bajo,0.0,1,0.2554170984071683,1,Denegar/Revisar,Medio
CLI-109596,Lima,3229.5,570.54,887,0,56,233,Bajo,0.0,1,0.018126841199731746,0,Aprobar,Bajo
CLI-109597,Lima,5607.84,2364.14,895,0,35,113,Alto,2.0,0,0.014200046670742253,0,Aprobar,Bajo
CLI-109598,Lima,3508.95,546.44,804,0,34,126,Medio,1.0,0,0.03482840996894893,0,Aprobar,Bajo
CLI-109599,Lima,2623.47,369.76,203,0,20,4,Alto,2.0,0,0.9257159911168364,1,Denegar/Revisar,Muy alto
CLI-109600,Lima,2427.46,3562.66,346,1,38,90,Medio,1.0,0,0.8655881523045494,1,Denegar/Revisar,Muy alto
CLI-109601,Arequipa,3920.13,12513.59,911,0,46,108,Medio,1.0,1,0.1286038585654602,0,Aprobar,Bajo
CLI-109602,Lima,5550.87,7271.06,122,1,49,42,Alto,2.0,0,0.9830550722025411,1,Denegar/Revisar,Muy alto
CLI-109603,Lima,4320.57,5957.23,914,0,40,128,Alto,2.0,0,0.03353888536688147,0,Aprobar,Bajo
CLI-109604,Arequipa,1843.56,5193.95,624,0,49,142,Medio,1.0,1,0.43403967147285005,1,Denegar/Revisar,Medio
CLI-109605,Arequipa,1547.12,9097.07,243,1,46,71,Alto,2.0,0,0.9858009077538522,1,Denegar/Revisar,Muy alto
CLI-109606,Loreto,3743.72,5590.8,829,0,51,109,Medio,1.0,1,0.0727243006338047,0,Aprobar,Bajo
CLI-109607,Lima,3655.12,3943.39,794,0,50,160,Alto,2.0,1,0.07543081432329739,0,Aprobar,Bajo
CLI-109608,Lima,5848.49,1814.51,962,0,57,166,Medio,1.0,1,0.006186842318470768,0,Aprobar,Bajo
CLI-109609,Arequipa,2080.59,425.64,853,0,37,78,Bajo,0.0,1,0.03115518097974489,0,Aprobar,Bajo
CLI-109610,Arequipa,2905.4,12653.938750000001,292,1,24,41,Alto,2.0,0,0.9847430227048942,1,Denegar/Revisar,Muy alto
CLI-109611,Lima,5143.96,10349.58,564,1,47,168,Bajo,0.0,1,0.6590153705902958,1,Denegar/Revisar,Alto
CLI-109612,Cusco,3320.86,3499.64,883,0,47,103,Medio,1.0,1,0.032431885620816864,0,Aprobar,Bajo
CLI-109613,Lima,4106.59,815.84,474,0,56,121,Medio,1.0,1,0.42361067700932475,1,Denegar/Revisar,Medio
CLI-109614,Cusco,3991.5,4188.14,776,0,53,195,Bajo,0.0,1,0.08598901894570489,0,Aprobar,Bajo
CLI-109615,Loreto,4034.67,2505.41,791,0,61,133,Bajo,0.0,1,0.05367079755714585,0,Aprobar,Bajo
CLI-109616,Arequipa,4723.84,10716.69,728,0,46,192,Alto,2.0,1,0.3308064311535535,1,Denegar/Revisar,Medio
CLI-109617,Cusco,1025.0,701.89,365,1,40,144,Bajo,0.0,1,0.8090769708137603,1,Denegar/Revisar,Muy alto
CLI-109618,Arequipa,5259.04,12653.938750000001,477,1,24,56,Alto,2.0,0,0.8682688780136092,1,Denegar/Revisar,Muy alto
CLI-109619,Lima,1025.0,4577.82,649,1,41,73,Medio,1.0,0,0.3917201987802099,1,Denegar/Revisar,Medio
CLI-109620,Lima,5513.87,12653.938750000001,655,1,34,34,Alto,2.0,0,0.5391228059525784,1,Denegar/Revisar,Alto
CLI-109621,Lima,5075.02,3328.83,962,0,42,152,Alto,2.0,0,0.010546470727973831,0,Aprobar,Bajo
CLI-109622,Lima,3555.71,8209.61,173,1,40,25,Bajo,0.0,1,0.985845141412024,1,Denegar/Revisar,Muy alto
CLI-109623,Arequipa,3638.81,100.1,537,1,44,69,Medio,1.0,1,0.28058276166068125,1,Denegar/Revisar,Medio
CLI-109624,Lima,6235.18,524.5,980,0,39,172,Medio,1.0,1,0.0036472066147103326,0,Aprobar,Bajo
CLI-109625,Lima,4371.26,1698.22,325,1,50,205,Medio,1.0,1,0.7711317728844065,1,Denegar/Revisar,Muy alto
CLI-109626,Piura,3660.39,3863.26,918,0,18,0,Alto,2.0,0,0.024423436078223924,0,Aprobar,Bajo
CLI-109627,Loreto,2772.93,2384.66,407,1,41,68,Medio,1.0,0,0.7233874724314476,1,Denegar/Revisar,Alto
CLI-109628,Lima,3655.12,906.08,447,0,52,140,Bajo,0.0,1,0.5268779071794457,1,Denegar/Revisar,Alto
CLI-109629,Lima,3655.12,3558.63,575,0,60,247,Bajo,0.0,1,0.36982760913421214,1,Denegar/Revisar,Medio
CLI-109630,Lima,3779.76,3345.29,414,0,47,168,Alto,2.0,1,0.7116452701131609,1,Denegar/Revisar,Alto
CLI-109631,Arequipa,3662.58,2973.11,624,0,58,284,Bajo,0.0,1,0.246381785237021,1,Denegar/Revisar,Bajo
CLI-109632,Lima,2936.29,379.69,524,0,41,69,Bajo,0.0,1,0.36376059837183,1,Denegar/Revisar,Medio
CLI-109633,Arequipa,1661.0,10470.58,623,0,38,78,Medio,1.0,0,0.7110937382153711,1,Denegar/Revisar,Alto
CLI-109634,Lima,3655.12,3588.46,661,0,45,84,Medio,1.0,1,0.20231389132535835,1,Denegar/Revisar,Bajo
CLI-109635,Lima,4075.48,1226.06,924,0,39,80,Medio,1.0,0,0.011710263254577559,0,Aprobar,Bajo
CLI-109636,Cusco,3560.7650000000003,4651.56,348,1,30,86,Medio,1.0,0,0.8594493814249231,1,Denegar/Revisar,Muy alto
CLI-109637,Lima,1241.16,1530.36,730,0,32,77,Alto,2.0,0,0.1352643866169018,0,Aprobar,Bajo
CLI-109638,Lima,3975.05,2819.71,668,0,27,18,Alto,2.0,0,0.163055916169328,0,Aprobar,Bajo
CLI-109639,Lima,1025.0,1668.93,281,1,44,109,Alto,2.0,0,0.9195495051294963,1,Denegar/Revisar,Muy alto
CLI-109640,Lima,3598.06,8494.21,875,0,39,85,Medio,1.0,0,0.08865748944342042,0,Aprobar,Bajo
CLI-109641,Piura,4099.05,12653.938750000001,205,1,35,151,Medio,1.0,1,0.9906965208546071,1,Denegar/Revisar,Muy alto
CLI-109642,Lima,3174.92,703.05,290,1,33,61,Medio,1.0,0,0.8334779184067835,1,Denegar/Revisar,Muy alto
CLI-109643,Lima,2813.93,95.45,236,1,44,211,Bajo,0.0,1,0.8919656050142661,1,Denegar/Revisar,Muy alto
CLI-109644,Lima,3655.12,990.37,799,0,48,89,Medio,1.0,1,0.03860015371007469,0,Aprobar,Bajo
CLI-109645,Arequipa,2116.69,3565.92,219,1,26,58,Medio,1.0,0,0.9579796203453137,1,Denegar/Revisar,Muy alto
CLI-109646,Arequipa,6584.05,764.41,853,0,26,46,Alto,2.0,0,0.012002406602449523,0,Aprobar,Bajo
CLI-109647,Piura,5529.6,6674.3,930,0,50,39,Medio,1.0,1,0.024635481409930805,0,Aprobar,Bajo
CLI-109648,Piura,2148.85,2101.53,171,1,23,26,Alto,2.0,0,0.9643847430350314,1,Denegar/Revisar,Muy alto
CLI-109649,Lima,4049.71,3771.9,854,0,45,121,Medio,1.0,1,0.03786145108973745,0,Aprobar,Bajo
CLI-109650,Lima,3331.0,2432.42,230,1,57,209,Bajo,0.0,1,0.926954044799374,1,Denegar/Revisar,Muy alto
CLI-109651,Lima,4269.12,9345.72,556,0,57,194,Bajo,0.0,1,0.6736973283525888,1,Denegar/Revisar,Alto
CLI-109652,Lima,4223.53,143.07,880,0,47,50,Medio,1.0,1,0.013575536043529861,0,Aprobar,Bajo
CLI-109653,Lima,3655.12,5227.0,578,0,47,80,Medio,1.0,1,0.43850135958275266,1,Denegar/Revisar,Medio
CLI-109654,Piura,2754.78,4224.19,151,1,63,346,Bajo,0.0,1,0.977990102721814,1,Denegar/Revisar,Muy alto
CLI-109655,Piura,3707.26,4193.75,673,0,18,0,Alto,2.0,0,0.20911758371742414,1,Denegar/Revisar,Bajo
CLI-109656,Cusco,3560.7650000000003,2137.67,218,0,34,168,Alto,2.0,0,0.926751224294,1,Denegar/Revisar,Muy alto
CLI-109657,Lima,8489.63,63.2,976,0,50,201,Bajo,0.0,1,0.0021190190734265884,0,Aprobar,Bajo
CLI-109658,Piura,4189.25,4674.95,363,0,36,129,Alto,2.0,0,0.8274410030941425,1,Denegar/Revisar,Muy alto
CLI-109659,Loreto,2160.31,7075.4,338,1,52,188,Bajo,0.0,1,0.9415777530291959,1,Denegar/Revisar,Muy alto
CLI-109660,Piura,4418.52,356.33,450,0,39,147,Alto,2.0,0,0.4467607261983549,1,Denegar/Revisar,Medio
CLI-109661,Lima,1936.26,12653.938750000001,992,0,40,121,Medio,1.0,1,0.09860076985958291,0,Aprobar,Bajo
CLI-109662,Lima,2408.98,709.79,354,1,35,69,Alto,2.0,0,0.7734227756017208,1,Denegar/Revisar,Muy alto
CLI-109663,Lima,1628.42,3776.06,784,0,32,36,Alto,2.0,0,0.12160042270763631,0,Aprobar,Bajo
CLI-109664,Lima,4141.83,6159.74,408,1,33,121,Alto,2.0,0,0.8130617654269537,1,Denegar/Revisar,Muy alto
CLI-109665,Arequipa,2379.99,4394.93,848,0,41,62,Alto,2.0,0,0.06777147443092241,0,Aprobar,Bajo
CLI-109666,Lima,3655.12,1531.25,930,0,30,32,Alto,2.0,0,0.01350205023425834,0,Aprobar,Bajo
CLI-109667,Lima,3845.8,602.05,706,0,50,274,Bajo,0.0,1,0.0808775278250746,0,Aprobar,Bajo
CLI-109668,Arequipa,4352.61,6324.73,948,0,46,230,Bajo,0.0,1,0.02634677805139427,0,Aprobar,Bajo
CLI-109669,Arequipa,2978.69,1565.76,594,0,51,72,Medio,1.0,1,0.2662796653353556,1,Denegar/Revisar,Medio
CLI-109670,Lima,3317.07,89.55,156,1,26,17,Medio,1.0,0,0.9373192326624782,1,Denegar/Revisar,Muy alto
CLI-109671,Arequipa,1622.64,3389.12,502,0,19,6,Medio,1.0,0,0.6339470435111012,1,Denegar/Revisar,Alto
CLI-109672,Lima,5440.92,1133.05,166,1,40,31,Alto,2.0,0,0.9150715193920642,1,Denegar/Revisar,Muy alto
CLI-109673,Lima,1238.9,7360.59,145,1,70,377,Bajo,0.0,1,0.9923426514201118,1,Denegar/Revisar,Muy alto
CLI-109674,Lima,3969.55,618.46,705,0,53,44,Medio,1.0,1,0.07692816287500004,0,Aprobar,Bajo
CLI-109675,Piura,4935.44,2282.31,749,0,33,119,Medio,1.0,0,0.0589481659364015,0,Aprobar,Bajo
CLI-109676,Cusco,4460.07,1167.46,468,1,44,140,Medio,1.0,1,0.4354992830877199,1,Denegar/Revisar,Medio
CLI-109677,Lima,5071.04,4679.59,704,0,48,143,Alto,2.0,1,0.13765418087332174,0,Aprobar,Bajo
CLI-109678,Piura,1025.0,3180.99,331,1,23,28,Medio,1.0,0,0.9044813705132081,1,Denegar/Revisar,Muy alto
CLI-109679,Lima,2125.91,6261.45,501,0,53,93,Bajo,0.0,1,0.7477910414932794,1,Denegar/Revisar,Alto
CLI-109680,Piura,4023.79,2454.48,660,0,37,40,Alto,2.0,0,0.1612362922088612,0,Aprobar,Bajo
CLI-109681,Lima,3465.75,19.28,122,1,38,120,Medio,1.0,1,0.9514123846931067,1,Denegar/Revisar,Muy alto
CLI-109682,Lima,5731.69,969.29,673,1,40,64,Medio,1.0,0,0.0745060262206373,0,Aprobar,Bajo
CLI-109683,Loreto,2460.97,12653.938750000001,366,1,51,155,Medio,1.0,1,0.9717444449353803,1,Denegar/Revisar,Muy alto
CLI-109684,Piura,3022.51,2079.1,940,0,30,30,Alto,2.0,0,0.015943402472127593,0,Aprobar,Bajo
CLI-109685,Lima,2113.76,3872.81,217,1,20,10,Alto,2.0,0,0.9626517973243554,1,Denegar/Revisar,Muy alto
CLI-109686,Lima,7287.15,9412.63,699,0,44,167,Medio,1.0,1,0.20731740087940798,1,Denegar/Revisar,Bajo
CLI-109687,Lima,6150.64,82.95,700,0,18,0,Alto,2.0,0,0.0465906486493491,0,Aprobar,Bajo
CLI-109688,Lima,2553.76,4310.62,154,1,35,38,Medio,1.0,0,0.9779528842667226,1,Denegar/Revisar,Muy alto
CLI-109689,Loreto,3600.67,1360.83,252,1,52,91,Bajo,0.0,1,0.8854979054776202,1,Denegar/Revisar,Muy alto
CLI-109690,Cusco,2317.27,1309.84,338,1,45,136,Medio,1.0,1,0.815680718783224,1,Denegar/Revisar,Muy alto
CLI-109691,Lima,4659.78,1018.8,364,0,51,162,Medio,1.0,1,0.6543976531664122,1,Denegar/Revisar,Alto
CLI-109692,Lima,1165.62,6920.31,367,1,45,147,Bajo,0.0,1,0.9373722540203007,1,Denegar/Revisar,Muy alto
CLI-109693,Loreto,3458.74,1866.9,212,1,65,159,Bajo,0.0,1,0.9282824312679616,1,Denegar/Revisar,Muy alto
CLI-109694,Lima,4559.2,277.9,265,1,33,62,Medio,1.0,0,0.8075244708980217,1,Denegar/Revisar,Muy alto
CLI-109695,Piura,3544.05,407.47,767,0,43,99,Bajo,0.0,1,0.04862407936934973,0,Aprobar,Bajo
CLI-109696,Lima,3634.12,643.56,107,1,34,130,Alto,2.0,0,0.9625487571096187,1,Denegar/Revisar,Muy alto
CLI-109697,Arequipa,3283.66,9167.67,813,0,49,90,Medio,1.0,1,0.17750478146776394,0,Aprobar,Bajo
CLI-109698,Piura,3587.32,2230.57,316,1,38,182,Alto,2.0,0,0.8364373164510241,1,Denegar/Revisar,Muy alto
CLI-109699,Loreto,2837.68,9910.1,530,1,58,176,Bajo,0.0,1,0.8053700046047936,1,Denegar/Revisar,Muy alto
CLI-109700,Arequipa,4510.71,6803.57,391,1,34,22,Medio,1.0,0,0.8377243435632661,1,Denegar/Revisar,Muy alto
CLI-109701,Lima,2587.45,7277.74,992,0,54,28,Medio,1.0,1,0.030765962086677603,0,Aprobar,Bajo
CLI-109702,Arequipa,1275.17,1352.15,149,1,45,265,Medio,1.0,1,0.9710015301130587,1,Denegar/Revisar,Muy alto
CLI-109703,Loreto,4870.56,1266.05,206,1,39,224,Alto,2.0,1,0.8968211910306599,1,Denegar/Revisar,Muy alto
CLI-109704,Lima,1025.0,3284.54,108,1,44,25,Medio,1.0,0,0.9874057842740661,1,Denegar/Revisar,Muy alto
CLI-109705,Lima,3226.49,2164.62,844,0,42,35,Medio,1.0,0,0.035921777966822784,0,Aprobar,Bajo
CLI-109706,Lima,3884.88,2845.74,799,0,43,150,Medio,1.0,1,0.05332144679169005,0,Aprobar,Bajo
CLI-109707,Lima,3655.12,218.69,555,1,37,64,Medio,1.0,0,0.251774867436884,1,Denegar/Revisar,Medio
CLI-109708,Lima,2627.29,12653.938750000001,422,1,31,90,Medio,1.0,0,0.9513800934234677,1,Denegar/Revisar,Muy alto
CLI-109709,Piura,1627.36,239.72,408,1,35,174,Medio,1.0,1,0.6823920936347969,1,Denegar/Revisar,Alto
CLI-109710,Lima,6237.42,788.11,949,0,22,34,Alto,2.0,0,0.005347846773014442,0,Aprobar,Bajo
CLI-109711,Loreto,5521.89,4535.31,721,0,49,215,Alto,2.0,1,0.10626506490914803,0,Aprobar,Bajo
CLI-109712,Lima,2419.07,676.05,244,1,25,15,Alto,2.0,0,0.9046651438697458,1,Denegar/Revisar,Muy alto
CLI-109713,Lima,1491.99,452.09,839,0,36,28,Alto,2.0,0,0.04055772777715097,0,Aprobar,Bajo
CLI-109714,Lima,4799.25,667.15,920,0,47,117,Medio,1.0,1,0.009157652565521918,0,Aprobar,Bajo
CLI-109715,Lima,3794.63,255.68,511,0,48,241,Alto,2.0,1,0.34018099296170146,1,Denegar/Revisar,Medio
CLI-109716,Lima,1925.41,1157.77,213,1,19,4,Alto,2.0,0,0.9403219834835208,1,Denegar/Revisar,Muy alto
CLI-109717,Lima,1025.0,1264.98,674,0,37,72,Alto,2.0,0,0.2082098740495818,1,Denegar/Revisar,Bajo
CLI-109718,Lima,3088.67,2761.58,498,0,44,74,Medio,1.0,1,0.5284698838023084,1,Denegar/Revisar,Alto
CLI-109719,Arequipa,4397.83,2310.16,374,1,40,157,Medio,1.0,1,0.7064319755628389,1,Denegar/Revisar,Alto
CLI-109720,Arequipa,4321.75,2567.64,223,1,54,184,Bajo,0.0,1,0.9172185740002444,1,Denegar/Revisar,Muy alto
CLI-109721,Lima,3655.12,3828.86,185,1,30,99,Alto,2.0,0,0.9601762295184797,1,Denegar/Revisar,Muy alto
CLI-109722,Arequipa,2926.79,1050.46,681,0,18,0,Alto,2.0,0,0.13147098431848242,0,Aprobar,Bajo
CLI-109723,Arequipa,3893.7,578.74,146,1,48,258,Alto,2.0,1,0.9430404719948886,1,Denegar/Revisar,Muy alto
CLI-109724,Lima,2414.48,8443.84,810,0,33,53,Alto,2.0,0,0.19499169521071275,0,Aprobar,Bajo
CLI-109725,Cusco,2417.82,4019.85,975,0,19,6,Alto,2.0,0,0.019824810030583437,0,Aprobar,Bajo
CLI-109726,Loreto,3600.67,250.33,300,1,37,37,Medio,1.0,0,0.7895592487437441,1,Denegar/Revisar,Muy alto
CLI-109727,Lima,5569.67,12653.938750000001,375,1,53,225,Alto,2.0,1,0.9410611906313125,1,Denegar/Revisar,Muy alto
CLI-109728,Lima,6171.93,4724.52,648,0,26,13,Alto,2.0,0,0.1742865294939655,0,Aprobar,Bajo
CLI-109729,Lima,2151.33,658.11,814,0,64,210,Medio,1.0,1,0.044062937158511305,0,Aprobar,Bajo
CLI-109730,Lima,2302.11,12653.938750000001,229,1,29,54,Alto,2.0,0,0.9925961777104066,1,Denegar/Revisar,Muy alto
CLI-109731,Arequipa,7244.84,1819.09,547,0,41,91,Medio,1.0,1,0.1810712168159258,0,Aprobar,Bajo
CLI-109732,Lima,3273.37,12653.938750000001,903,0,25,6,Alto,2.0,0,0.16114213987852272,0,Aprobar,Bajo
CLI-109733,Arequipa,5905.61,436.03,488,0,40,178,Medio,1.0,1,0.2815149091983516,1,Denegar/Revisar,Medio
CLI-109734,Arequipa,3638.81,697.27,675,0,38,53,Medio,1.0,0,0.10812676907649775,0,Aprobar,Bajo
CLI-109735,Piura,5010.29,4285.0,362,0,23,27,Alto,2.0,0,0.7865261868281412,1,Denegar/Revisar,Muy alto
CLI-109736,Arequipa,3638.81,89.57,731,0,70,288,Bajo,0.0,1,0.06150245589926707,0,Aprobar,Bajo
CLI-109737,Lima,2629.61,75.47,377,0,33,92,Medio,1.0,0,0.6874753053888738,1,Denegar/Revisar,Alto
CLI-109738,Lima,2760.08,6280.54,813,0,33,81,Alto,2.0,0,0.12098987886227107,0,Aprobar,Bajo
CLI-109739,Piura,3988.25,734.64,145,1,50,134,Bajo,0.0,1,0.9441245675561418,1,Denegar/Revisar,Muy alto
CLI-109740,Lima,1025.0,10042.87,267,1,58,109,Bajo,0.0,1,0.987080687037159,1,Denegar/Revisar,Muy alto
CLI-109741,Lima,3342.9,2219.78,544,0,51,278,Medio,1.0,1,0.37967458123559533,1,Denegar/Revisar,Medio
CLI-109742,Loreto,6393.71,8274.87,721,1,27,23,Alto,2.0,0,0.1762402318192573,0,Aprobar,Bajo
CLI-109743,Arequipa,3681.81,2163.51,145,1,41,91,Bajo,0.0,1,0.9608341599558279,1,Denegar/Revisar,Muy alto
CLI-109744,Lima,5649.96,3022.05,823,0,19,4,Alto,2.0,0,0.031200671140022177,0,Aprobar,Bajo
CLI-109745,Arequipa,1311.93,1522.2,639,0,48,116,Medio,1.0,1,0.25766108443508856,1,Denegar/Revisar,Medio
CLI-109746,Arequipa,1380.88,4292.67,186,1,20,6,Alto,2.0,0,0.9780960614084065,1,Denegar/Revisar,Muy alto
CLI-109747,Lima,6080.23,1532.08,902,0,31,65,Alto,2.0,0,0.010038804924435344,0,Aprobar,Bajo
CLI-109748,Lima,3655.12,1010.14,484,1,39,28,Medio,1.0,0,0.43635121998115856,1,Denegar/Revisar,Medio
CLI-109749,Cusco,2476.54,338.08,768,0,43,168,Alto,2.0,0,0.06007997859885758,0,Aprobar,Bajo
CLI-109750,Lima,4167.58,237.6,364,0,36,59,Medio,1.0,0,0.6428279300436588,1,Denegar/Revisar,Alto
CLI-109751,Lima,3451.66,1460.99,876,0,56,174,Medio,1.0,1,0.022077703679699495,0,Aprobar,Bajo
CLI-109752,Lima,6548.34,5334.4,121,1,48,53,Medio,1.0,1,0.9674266488453108,1,Denegar/Revisar,Muy alto
CLI-109753,Arequipa,5132.55,920.77,867,0,47,65,Alto,2.0,0,0.015186054586286236,0,Aprobar,Bajo
CLI-109754,Lima,2720.08,1422.29,802,0,25,30,Alto,2.0,0,0.052321398113988934,0,Aprobar,Bajo
CLI-109755,Lima,4919.53,9422.74,549,0,58,27,Bajo,0.0,1,0.6583533198174675,1,Denegar/Revisar,Alto
CLI-109756,Lima,5584.15,4077.25,331,0,31,100,Alto,2.0,0,0.8050067067607392,1,Denegar/Revisar,Muy alto
CLI-109757,Cusco,3061.07,10089.06,285,1,58,315,Medio,1.0,1,0.9750591350629225,1,Denegar/Revisar,Muy alto
CLI-109758,Lima,2198.1,9686.65,425,1,61,221,Bajo,0.0,1,0.9245901978360921,1,Denegar/Revisar,Muy alto
CLI-109759,Piura,3130.48,262.04,282,1,44,173,Alto,2.0,1,0.8376962781222387,1,Denegar/Revisar,Muy alto
CLI-109760,Cusco,2572.8,12405.2,496,1,50,83,Bajo,0.0,1,0.9111326244031478,1,Denegar/Revisar,Muy alto
CLI-109761,Lima,3272.53,210.14,580,0,18,0,Alto,2.0,0,0.2317891329952919,1,Denegar/Revisar,Bajo
CLI-109762,Cusco,3560.7650000000003,10394.21,502,1,37,31,Alto,2.0,0,0.8344247471453486,1,Denegar/Revisar,Muy alto
CLI-109763,Cusco,3560.7650000000003,3165.1,562,0,51,42,Medio,1.0,1,0.37502910807222367,1,Denegar/Revisar,Medio
CLI-109764,Loreto,1808.08,3047.33,516,1,48,123,Bajo,0.0,1,0.5844642768397875,1,Denegar/Revisar,Alto
CLI-109765,Lima,4014.24,4996.77,301,1,26,24,Medio,1.0,0,0.9019696112858892,1,Denegar/Revisar,Muy alto
CLI-109766,Piura,2371.85,8454.85,164,1,35,67,Bajo,0.0,1,0.990569825378015,1,Denegar/Revisar,Muy alto
CLI-109767,Arequipa,4142.35,3838.93,654,0,18,0,Alto,2.0,0,0.20950560844638957,1,Denegar/Revisar,Bajo
CLI-109768,Cusco,3451.94,2216.32,832,0,43,43,Medio,1.0,0,0.03846974938880814,0,Aprobar,Bajo
CLI-109769,Lima,3026.33,474.64,116,1,18,0,Alto,2.0,0,0.9632960498145611,1,Denegar/Revisar,Muy alto
CLI-109770,Arequipa,5018.97,6227.56,935,0,52,118,Bajo,0.0,1,0.02501607544048248,0,Aprobar,Bajo
CLI-109771,Lima,3765.7,549.21,896,0,52,82,Bajo,0.0,1,0.01469532060298416,0,Aprobar,Bajo
CLI-109772,Lima,1025.0,5183.85,282,0,33,51,Bajo,0.0,0,0.9596571143255966,1,Denegar/Revisar,Muy alto
CLI-109773,Lima,3985.52,3002.47,490,1,45,153,Medio,1.0,1,0.5079531564368079,1,Denegar/Revisar,Alto
CLI-109774,Arequipa,3372.24,1949.97,143,0,36,148,Alto,2.0,0,0.962510907417578,1,Denegar/Revisar,Muy alto
CLI-109775,Lima,2350.89,3797.18,1000,0,41,124,Alto,2.0,0,0.01526495316547576,0,Aprobar,Bajo
CLI-109776,Piura,2626.38,5919.89,799,0,26,48,Alto,2.0,0,0.13046004309765857,0,Aprobar,Bajo
CLI-109777,Cusco,3140.3,11330.35,581,1,46,41,Bajo,0.0,1,0.7634146899272977,1,Denegar/Revisar,Muy alto
CLI-109778,Lima,1025.0,1229.89,362,1,20,18,Medio,1.0,0,0.8242178419173357,1,Denegar/Revisar,Muy alto
CLI-109779,Piura,4107.86,11759.69,273,1,19,6,Alto,2.0,0,0.9806771927545932,1,Denegar/Revisar,Muy alto
CLI-109780,Lima,2846.79,12653.938750000001,540,1,37,122,Bajo,0.0,1,0.8646530866517311,1,Denegar/Revisar,Muy alto
CLI-109781,Lima,4262.86,6720.1,665,0,37,56,Alto,2.0,0,0.2993070417998086,1,Denegar/Revisar,Medio
CLI-109782,Arequipa,1544.59,8529.25,319,1,41,59,Medio,1.0,0,0.9667382236293728,1,Denegar/Revisar,Muy alto
CLI-109783,Cusco,6840.23,4716.18,657,0,33,59,Alto,2.0,0,0.14223981710689074,0,Aprobar,Bajo
CLI-109784,Piura,1355.12,159.53,493,1,59,84,Bajo,0.0,1,0.5130299482837253,1,Denegar/Revisar,Alto
CLI-109785,Arequipa,3494.29,3423.4,871,0,41,82,Medio,1.0,1,0.03424342852464801,0,Aprobar,Bajo
CLI-109786,Lima,4886.63,5500.7,294,1,42,138,Medio,1.0,1,0.8992538043570464,1,Denegar/Revisar,Muy alto
CLI-109787,Lima,1791.88,11368.83,508,1,40,15,Bajo,0.0,1,0.8981936269053885,1,Denegar/Revisar,Muy alto
CLI-109788,Piura,3776.53,3380.09,570,1,50,117,Medio,1.0,1,0.3565402755551423,1,Denegar/Revisar,Medio
CLI-109789,Lima,4332.26,6323.42,446,1,46,44,Medio,1.0,1,0.7437310136764925,1,Denegar/Revisar,Alto
CLI-109790,Lima,1362.29,4883.64,561,0,43,105,Medio,1.0,1,0.5918815166509982,1,Denegar/Revisar,Alto
CLI-109791,Piura,1817.02,1318.48,160,1,46,55,Medio,1.0,1,0.9635629857120724,1,Denegar/Revisar,Muy alto
CLI-109792,Lima,3315.24,672.39,265,1,19,9,Medio,1.0,0,0.8588736246847841,1,Denegar/Revisar,Muy alto
CLI-109793,Lima,4721.98,5559.69,771,0,20,0,Alto,2.0,0,0.10005898699663415,0,Aprobar,Bajo
CLI-109794,Piura,1766.55,1065.08,250,1,37,110,Medio,1.0,0,0.9159824024825082,1,Denegar/Revisar,Muy alto
CLI-109795,Piura,5680.85,1122.52,210,1,38,115,Alto,2.0,0,0.8706295574321667,1,Denegar/Revisar,Muy alto
CLI-109796,Cusco,3560.7650000000003,4130.69,587,1,45,101,Alto,2.0,0,0.3768777569875999,1,Denegar/Revisar,Medio
CLI-109797,Piura,4960.98,6224.89,648,0,40,84,Medio,1.0,0,0.269692694720708,1,Denegar/Revisar,Medio
CLI-109798,Lima,3655.12,3492.27,102,1,45,179,Medio,1.0,1,0.979198302334277,1,Denegar/Revisar,Muy alto
CLI-109799,Cusco,1319.04,8650.71,582,1,24,35,Alto,2.0,0,0.734742627768601,1,Denegar/Revisar,Alto
CLI-109800,Arequipa,2551.84,950.2,112,1,38,20,Bajo,0.0,1,0.971126511557553,1,Denegar/Revisar,Muy alto
CLI-109801,Lima,2997.64,1163.63,261,0,24,25,Medio,1.0,0,0.8829770197031932,1,Denegar/Revisar,Muy alto
CLI-109802,Lima,3004.46,4052.92,443,1,43,190,Medio,1.0,1,0.7154908485123366,1,Denegar/Revisar,Alto
CLI-109803,Arequipa,3907.19,7072.99,548,0,18,0,Bajo,0.0,0,0.5996526478316684,1,Denegar/Revisar,Alto
CLI-109804,Piura,3660.39,12653.938750000001,431,1,43,73,Bajo,0.0,1,0.9363275199762783,1,Denegar/Revisar,Muy alto
CLI-109805,Arequipa,3418.13,41.74,363,0,23,27,Alto,2.0,0,0.6831020279317466,1,Denegar/Revisar,Alto
CLI-109806,Arequipa,2409.03,12653.938750000001,182,1,34,68,Alto,2.0,0,0.9951039508826892,1,Denegar/Revisar,Muy alto
CLI-109807,Piura,1077.94,6719.06,876,0,48,31,Bajo,0.0,1,0.10996015723879005,0,Aprobar,Bajo
CLI-109808,Cusco,3999.63,1294.86,433,0,42,112,Alto,2.0,0,0.5599875285915977,1,Denegar/Revisar,Alto
CLI-109809,Piura,1686.21,222.89,479,0,20,5,Alto,2.0,0,0.529968462042081,1,Denegar/Revisar,Alto
CLI-109810,Lima,2565.22,2918.85,318,1,31,109,Alto,2.0,0,0.8803468176868623,1,Denegar/Revisar,Muy alto
CLI-109811,Loreto,3632.4,172.28,757,0,22,28,Medio,1.0,0,0.04794199281642381,0,Aprobar,Bajo
CLI-109812,Lima,1548.72,2151.53,909,0,20,6,Medio,1.0,0,0.028943568826974124,0,Aprobar,Bajo
CLI-109813,Arequipa,1714.48,71.91,908,0,40,23,Alto,2.0,0,0.01902446709367908,0,Aprobar,Bajo
CLI-109814,Cusco,4424.06,1019.4,553,0,45,104,Bajo,0.0,1,0.2609084600811642,1,Denegar/Revisar,Medio
CLI-109815,Arequipa,3138.27,1969.47,772,0,44,92,Alto,2.0,0,0.06935336233665254,0,Aprobar,Bajo
CLI-109816,Piura,3590.64,473.81,840,0,46,23,Medio,1.0,0,0.024271587979479863,0,Aprobar,Bajo
CLI-109817,Lima,4299.26,484.86,845,0,39,97,Medio,1.0,1,0.019784409657978737,0,Aprobar,Bajo
CLI-109818,Lima,1025.0,7019.28,188,1,35,121,Medio,1.0,0,0.9878727194337383,1,Denegar/Revisar,Muy alto
CLI-109819,Lima,2752.44,169.23,432,0,27,42,Alto,2.0,0,0.5749744348436725,1,Denegar/Revisar,Alto
CLI-109820,Piura,3152.07,4671.42,409,1,34,136,Medio,1.0,0,0.7920817371205107,1,Denegar/Revisar,Muy alto
CLI-109821,Arequipa,6798.8,6738.41,826,0,26,58,Alto,2.0,0,0.049949691857621326,0,Aprobar,Bajo
CLI-109822,Arequipa,2157.56,560.37,519,0,29,79,Alto,2.0,0,0.42719141155184565,1,Denegar/Revisar,Medio
CLI-109823,Lima,5099.32,869.49,708,1,41,102,Alto,2.0,0,0.06394594320717438,0,Aprobar,Bajo
CLI-109824,Lima,4145.31,4103.23,824,0,38,167,Alto,2.0,0,0.05378236021895867,0,Aprobar,Bajo
CLI-109825,Arequipa,1702.61,1517.12,453,0,70,271,Medio,1.0,1,0.6445011558375862,1,Denegar/Revisar,Alto
CLI-109826,Lima,3396.59,2588.29,923,0,24,16,Medio,1.0,0,0.01832641988600337,0,Aprobar,Bajo
CLI-109827,Piura,3660.39,7231.62,199,1,38,55,Alto,2.0,0,0.9774389574958562,1,Denegar/Revisar,Muy alto
CLI-109828,Arequipa,4153.49,593.92,244,1,24,4,Medio,1.0,0,0.8571580222020873,1,Denegar/Revisar,Muy alto
CLI-109829,Arequipa,1937.58,3866.68,109,1,34,103,Alto,2.0,0,0.9866411581346602,1,Denegar/Revisar,Muy alto
CLI-109830,Lima,3301.59,11416.77,143,1,35,113,Medio,1.0,0,0.9946359462783151,1,Denegar/Revisar,Muy alto
CLI-109831,Loreto,2668.48,236.74,862,0,48,230,Medio,1.0,1,0.023285971437589134,0,Aprobar,Bajo
CLI-109832,Lima,3205.16,247.53,485,0,34,83,Alto,2.0,0,0.42958995216080265,1,Denegar/Revisar,Medio
CLI-109833,Cusco,3531.61,3236.41,838,0,37,60,Bajo,0.0,1,0.04567231335885385,0,Aprobar,Bajo
CLI-109834,Lima,5617.67,12653.938750000001,860,0,35,92,Alto,2.0,0,0.14302941739069425,0,Aprobar,Bajo
CLI-109835,Lima,4382.26,996.28,594,0,24,34,Alto,2.0,0,0.19449683774451534,0,Aprobar,Bajo
CLI-109836,Loreto,2669.9,1606.64,592,0,31,28,Alto,2.0,0,0.29399685018928556,1,Denegar/Revisar,Medio
CLI-109837,Lima,3655.12,415.44,268,1,35,65,Medio,1.0,0,0.8381724789323541,1,Denegar/Revisar,Muy alto
CLI-109838,Arequipa,3938.43,1799.22,741,0,40,118,Medio,1.0,1,0.07136117218945207,0,Aprobar,Bajo
CLI-109839,Loreto,3518.07,181.38,630,0,45,273,Bajo,0.0,1,0.15054547545015629,0,Aprobar,Bajo
CLI-109840,Loreto,2950.71,1971.25,435,1,36,93,Alto,2.0,0,0.647618425817619,1,Denegar/Revisar,Alto
CLI-109841,Cusco,3560.7650000000003,3243.11,846,0,36,69,Bajo,0.0,1,0.04229333393817707,0,Aprobar,Bajo
CLI-109842,Lima,6480.78,12653.938750000001,956,0,21,24,Alto,2.0,0,0.05259054554264196,0,Aprobar,Bajo
CLI-109843,Arequipa,3046.12,6823.53,612,0,45,292,Medio,1.0,1,0.478084412498446,1,Denegar/Revisar,Medio
CLI-109844,Lima,3407.97,6905.36,229,1,31,94,Medio,1.0,0,0.9688855105949739,1,Denegar/Revisar,Muy alto
CLI-109845,Lima,7410.0,1035.83,638,0,49,154,Medio,1.0,1,0.07132556603082904,0,Aprobar,Bajo
CLI-109846,Loreto,3600.67,365.11,613,1,53,283,Bajo,0.0,1,0.17491014171066055,0,Aprobar,Bajo
CLI-109847,Lima,3487.08,3696.03,349,1,37,124,Alto,2.0,0,0.8395832073476462,1,Denegar/Revisar,Muy alto
CLI-109848,Piura,4532.7,2945.37,833,0,28,23,Alto,2.0,0,0.036041786963048696,0,Aprobar,Bajo
CLI-109849,Piura,3660.39,2906.85,237,1,39,66,Medio,1.0,0,0.9213205924015552,1,Denegar/Revisar,Muy alto
CLI-109850,Piura,3309.66,461.68,374,1,43,124,Medio,1.0,1,0.6770498053503395,1,Denegar/Revisar,Alto
CLI-109851,Cusco,3560.7650000000003,2723.96,563,1,36,31,Alto,2.0,0,0.3601387934086972,1,Denegar/Revisar,Medio
CLI-109852,Lima,3518.27,7821.0,240,1,33,60,Medio,1.0,0,0.9707746774295474,1,Denegar/Revisar,Muy alto
CLI-109853,Piura,1025.0,2193.52,355,1,44,140,Medio,1.0,1,0.8598880109223802,1,Denegar/Revisar,Muy alto
CLI-109854,Loreto,7158.76,256.71,981,0,46,160,Medio,1.0,1,0.002758286448672871,0,Aprobar,Bajo
CLI-109855,Lima,6915.56,7776.64,923,0,36,62,Alto,2.0,0,0.025006927281899707,0,Aprobar,Bajo
CLI-109856,Lima,3116.15,636.85,555,0,21,5,Alto,2.0,0,0.3021010665757433,1,Denegar/Revisar,Medio
CLI-109857,Piura,3660.39,11208.77,533,1,44,198,Alto,2.0,1,0.8138791541437324,1,Denegar/Revisar,Muy alto
CLI-109858,Lima,3471.95,7947.94,706,0,30,67,Alto,2.0,0,0.31165588089191526,1,Denegar/Revisar,Medio
CLI-109859,Lima,3655.12,5587.13,272,0,41,66,Alto,2.0,0,0.9392227954536093,1,Denegar/Revisar,Muy alto
CLI-109860,Loreto,2622.6,12653.938750000001,572,1,40,114,Medio,1.0,1,0.8274751610832305,1,Denegar/Revisar,Muy alto
CLI-109861,Piura,4773.66,221.29,522,0,19,4,Medio,1.0,0,0.26142038658961847,1,Denegar/Revisar,Medio
CLI-109862,Cusco,2704.07,4104.39,538,1,40,44,Alto,2.0,0,0.5374487705060335,1,Denegar/Revisar,Alto
CLI-109863,Loreto,3989.73,7569.91,156,1,45,118,Medio,1.0,1,0.9841502846517048,1,Denegar/Revisar,Muy alto
CLI-109864,Arequipa,3630.93,541.52,597,0,46,257,Medio,1.0,1,0.19633262384098724,0,Aprobar,Bajo
CLI-109865,Lima,3900.13,3515.74,713,0,40,83,Medio,1.0,0,0.12653929673005213,0,Aprobar,Bajo
CLI-109866,Lima,1025.0,2002.99,268,1,18,0,Alto,2.0,0,0.9326886035977746,1,Denegar/Revisar,Muy alto
CLI-109867,Lima,3951.78,2289.58,681,0,53,43,Alto,2.0,0,0.13421756321428188,0,Aprobar,Bajo
CLI-109868,Cusco,2679.24,9745.57,949,0,43,81,Alto,2.0,0,0.07527376504918752,0,Aprobar,Bajo
CLI-109869,Lima,3655.12,3094.41,660,1,26,49,Alto,2.0,0,0.19335322055758475,0,Aprobar,Bajo
CLI-109870,Lima,6463.65,391.61,527,0,31,21,Alto,2.0,0,0.19730874778542712,0,Aprobar,Bajo
CLI-109871,Piura,1451.67,11072.23,518,1,41,137,Bajo,0.0,1,0.890884678551228,1,Denegar/Revisar,Muy alto
CLI-109872,Lima,3171.64,819.31,446,0,46,20,Bajo,0.0,1,0.5525204011533328,1,Denegar/Revisar,Alto
CLI-109873,Lima,2778.75,8926.15,616,1,33,91,Bajo,0.0,1,0.6033216448977295,1,Denegar/Revisar,Alto
CLI-109874,Piura,2047.52,12653.938750000001,554,1,47,71,Medio,1.0,1,0.8664740575268257,1,Denegar/Revisar,Muy alto
CLI-109875,Lima,2939.14,8409.61,813,0,19,11,Alto,2.0,0,0.17150329917037463,0,Aprobar,Bajo
CLI-109876,Lima,5308.23,4522.07,301,1,28,16,Alto,2.0,0,0.8649791546812443,1,Denegar/Revisar,Muy alto
CLI-109877,Lima,5660.73,5443.31,278,1,18,0,Alto,2.0,0,0.8989665306285255,1,Denegar/Revisar,Muy alto
CLI-109878,Arequipa,1242.48,4814.12,156,1,28,60,Alto,2.0,0,0.9855514165115806,1,Denegar/Revisar,Muy alto
CLI-109879,Piura,4695.36,2468.63,797,0,56,243,Bajo,0.0,1,0.04364326519433623,0,Aprobar,Bajo
CLI-109880,Lima,2527.51,1283.13,703,0,61,204,Medio,1.0,1,0.12014153065514893,0,Aprobar,Bajo
CLI-109881,Piura,3288.51,1341.91,903,0,41,26,Medio,1.0,0,0.0174392994849173,0,Aprobar,Bajo
CLI-109882,Lima,1025.0,5254.67,600,1,31,75,Medio,1.0,0,0.5405399396730298,1,Denegar/Revisar,Alto
CLI-109883,Cusco,7373.74,3934.39,838,0,38,43,Medio,1.0,0,0.021412601190265182,0,Aprobar,Bajo
CLI-109884,Lima,4569.48,3516.79,211,1,45,117,Bajo,0.0,1,0.9346659255455362,1,Denegar/Revisar,Muy alto
CLI-109885,Arequipa,2016.47,12653.938750000001,247,1,21,18,Alto,2.0,0,0.9918029678729675,1,Denegar/Revisar,Muy alto
CLI-109886,Loreto,4687.26,5962.82,880,0,33,56,Medio,1.0,0,0.04052855709084866,0,Aprobar,Bajo
CLI-109887,Loreto,3528.03,5518.72,814,0,55,120,Bajo,0.0,1,0.08854329474214434,0,Aprobar,Bajo
CLI-109888,Lima,4872.93,445.5,477,0,28,55,Alto,2.0,0,0.3650152448501125,1,Denegar/Revisar,Medio
CLI-109889,Lima,3940.12,1804.16,976,0,31,78,Alto,2.0,0,0.008737655964084382,0,Aprobar,Bajo
CLI-109890,Arequipa,3101.84,1225.92,447,0,39,216,Medio,1.0,1,0.5658803156954856,1,Denegar/Revisar,Alto
CLI-109891,Lima,2420.92,3090.83,457,1,42,195,Bajo,0.0,1,0.6816967733392469,1,Denegar/Revisar,Alto
CLI-109892,Loreto,3715.84,253.53,155,1,32,73,Alto,2.0,0,0.9367269147915738,1,Denegar/Revisar,Muy alto
CLI-109893,Arequipa,7637.99,5749.75,912,0,41,178,Medio,1.0,1,0.014857893250663534,0,Aprobar,Bajo
CLI-109894,Arequipa,2903.61,450.56,415,1,45,106,Alto,2.0,0,0.6191604060119869,1,Denegar/Revisar,Alto
CLI-109895,Lima,2624.41,1266.53,284,1,60,49,Bajo,0.0,1,0.8756632177899264,1,Denegar/Revisar,Muy alto
CLI-109896,Arequipa,2768.29,6106.67,153,1,37,177,Medio,1.0,1,0.9841900608424171,1,Denegar/Revisar,Muy alto
CLI-109897,Arequipa,3162.31,211.75,136,1,38,69,Medio,1.0,0,0.9504665342125693,1,Denegar/Revisar,Muy alto
CLI-109898,Loreto,3695.53,4317.6,822,0,56,240,Bajo,0.0,1,0.0630249731391171,0,Aprobar,Bajo
CLI-109899,Lima,3719.61,10333.34,904,0,33,45,Alto,2.0,0,0.09943591546642634,0,Aprobar,Bajo
CLI-109900,Lima,3361.79,3845.55,369,1,24,26,Alto,2.0,0,0.821737196311292,1,Denegar/Revisar,Muy alto
CLI-109901,Lima,1797.4,4988.32,962,0,41,96,Medio,1.0,1,0.030212000426140556,0,Aprobar,Bajo
CLI-109902,Lima,3340.9,6286.0,831,0,51,172,Bajo,0.0,1,0.092325380859528,0,Aprobar,Bajo
CLI-109903,Piura,1025.0,1005.38,607,0,42,191,Medio,1.0,1,0.30991047462372584,1,Denegar/Revisar,Medio
CLI-109904,Cusco,2414.99,3479.19,327,1,37,89,Bajo,0.0,1,0.887403187147601,1,Denegar/Revisar,Muy alto
CLI-109905,Lima,2131.61,1478.79,527,1,22,8,Alto,2.0,0,0.458002196444801,1,Denegar/Revisar,Medio
CLI-109906,Loreto,5378.47,1148.04,969,0,39,221,Alto,2.0,1,0.005835214386970432,0,Aprobar,Bajo
CLI-109907,Lima,3041.18,855.03,822,1,52,282,Alto,2.0,1,0.03631501212305032,0,Aprobar,Bajo
CLI-109908,Lima,3655.12,3522.06,909,0,25,49,Alto,2.0,0,0.024749447882636492,0,Aprobar,Bajo
CLI-109909,Lima,1025.0,6329.86,100,1,35,159,Medio,1.0,1,0.9938186480926865,1,Denegar/Revisar,Muy alto
CLI-109910,Lima,4277.59,8346.32,122,1,35,125,Medio,1.0,0,0.9894888055546011,1,Denegar/Revisar,Muy alto
CLI-109911,Cusco,2074.4,2238.56,602,0,31,48,Medio,1.0,0,0.32372424949626055,1,Denegar/Revisar,Medio
CLI-109912,Lima,2869.99,1866.59,547,0,41,85,Alto,2.0,0,0.39044478072361727,1,Denegar/Revisar,Medio
CLI-109913,Piura,5457.15,4650.13,895,0,45,62,Medio,1.0,1,0.022732678038633453,0,Aprobar,Bajo
CLI-109914,Lima,4862.76,6063.05,595,0,44,98,Medio,1.0,1,0.3751037337173484,1,Denegar/Revisar,Medio
CLI-109915,Cusco,2831.79,1168.47,999,0,28,41,Alto,2.0,0,0.007969227365310777,0,Aprobar,Bajo
CLI-109916,Lima,4338.42,1411.25,524,0,21,8,Alto,2.0,0,0.3392626722465345,1,Denegar/Revisar,Medio
CLI-109917,Lima,2374.91,3049.07,799,0,41,245,Bajo,0.0,1,0.07981809802821486,0,Aprobar,Bajo
CLI-109918,Lima,3655.12,2350.72,117,1,33,60,Alto,2.0,0,0.9709255659805924,1,Denegar/Revisar,Muy alto
CLI-109919,Lima,3655.12,4893.82,544,0,59,154,Bajo,0.0,1,0.5099545221668716,1,Denegar/Revisar,Alto
CLI-109920,Lima,2297.33,2808.63,660,0,59,199,Medio,1.0,1,0.22932294768394051,1,Denegar/Revisar,Bajo
CLI-109921,Loreto,3868.87,473.33,658,0,61,103,Bajo,0.0,1,0.11787194074936154,0,Aprobar,Bajo
CLI-109922,Piura,2866.73,725.86,726,0,28,63,Medio,1.0,0,0.08292510136106834,0,Aprobar,Bajo
CLI-109923,Piura,3660.39,9287.43,138,1,45,121,Bajo,0.0,1,0.9916333649678136,1,Denegar/Revisar,Muy alto
CLI-109924,Piura,3229.34,1031.97,828,0,48,88,Alto,2.0,0,0.034187409189519874,0,Aprobar,Bajo
CLI-109925,Lima,1330.07,205.54,309,0,46,140,Medio,1.0,1,0.852614856918772,1,Denegar/Revisar,Muy alto
CLI-109926,Lima,2897.71,5258.94,873,0,35,18,Alto,2.0,0,0.05766964534825689,0,Aprobar,Bajo
CLI-109927,Cusco,3093.93,4608.19,310,1,53,244,Alto,2.0,1,0.9092776348786091,1,Denegar/Revisar,Muy alto
CLI-109928,Loreto,3995.98,3665.92,664,0,39,180,Alto,2.0,0,0.19398993153546035,0,Aprobar,Bajo
CLI-109929,Loreto,3724.28,2790.68,380,1,40,147,Bajo,0.0,1,0.7536335119109316,1,Denegar/Revisar,Muy alto
CLI-109930,Loreto,5799.26,12653.938750000001,966,0,23,16,Alto,2.0,0,0.05588972694664947,0,Aprobar,Bajo
CLI-109931,Lima,1857.64,510.57,932,0,45,133,Alto,2.0,0,0.016166060203949683,0,Aprobar,Bajo
CLI-109932,Lima,4399.74,2854.73,232,1,36,69,Alto,2.0,0,0.9139813863447774,1,Denegar/Revisar,Muy alto
CLI-109933,Lima,3655.12,3320.86,548,1,44,50,Medio,1.0,0,0.4089351170169724,1,Denegar/Revisar,Medio
CLI-109934,Lima,3828.48,91.0,363,1,42,232,Medio,1.0,1,0.6558300259658154,1,Denegar/Revisar,Alto
CLI-109935,Lima,6893.66,2124.06,906,0,42,223,Alto,2.0,1,0.009080863644629988,0,Aprobar,Bajo
CLI-109936,Lima,1722.61,6107.79,210,1,38,148,Bajo,0.0,1,0.9797239736801399,1,Denegar/Revisar,Muy alto
CLI-109937,Arequipa,2548.48,2547.81,654,0,47,160,Bajo,0.0,1,0.22605388997576062,1,Denegar/Revisar,Bajo
CLI-109938,Loreto,3600.67,8326.69,949,0,37,147,Alto,2.0,0,0.046449642139956594,0,Aprobar,Bajo
CLI-109939,Arequipa,2667.02,4140.29,337,1,23,9,Alto,2.0,0,0.8861304232059543,1,Denegar/Revisar,Muy alto
CLI-109940,Cusco,6378.07,5811.2,990,0,46,126,Medio,1.0,1,0.009750572082663812,0,Aprobar,Bajo
CLI-109941,Lima,1940.54,6528.37,556,0,29,42,Medio,1.0,0,0.6529015752674477,1,Denegar/Revisar,Alto
CLI-109942,Lima,3759.37,4678.29,1000,0,24,47,Alto,2.0,0,0.013287405866397331,0,Aprobar,Bajo
CLI-109943,Arequipa,5679.61,5535.28,858,0,29,51,Medio,1.0,0,0.03631429500207988,0,Aprobar,Bajo
CLI-109944,Lima,4665.93,4753.85,615,0,43,64,Medio,1.0,0,0.283165862632304,1,Denegar/Revisar,Medio
CLI-109945,Lima,3700.43,3198.16,975,0,38,77,Alto,2.0,0,0.012469204924810174,0,Aprobar,Bajo
CLI-109946,Lima,4103.62,3343.76,960,0,18,1,Alto,2.0,0,0.013465850594054628,0,Aprobar,Bajo
CLI-109947,Lima,5865.78,842.32,996,0,36,41,Medio,1.0,0,0.0036571819971282504,0,Aprobar,Bajo
CLI-109948,Piura,6794.65,7028.02,961,0,53,61,Alto,2.0,0,0.015522932995280167,0,Aprobar,Bajo
CLI-109949,Lima,6897.52,1496.66,923,0,35,18,Alto,2.0,0,0.00679107412238175,0,Aprobar,Bajo
CLI-109950,Piura,5113.7,3069.22,272,1,38,173,Bajo,0.0,1,0.8661849605442248,1,Denegar/Revisar,Muy alto
CLI-109951,Arequipa,2078.91,1148.31,292,1,50,44,Medio,1.0,1,0.8743598862879708,1,Denegar/Revisar,Muy alto
CLI-109952,Lima,6455.94,4761.13,614,0,49,166,Medio,1.0,1,0.20862210130085937,1,Denegar/Revisar,Bajo
CLI-109953,Lima,3169.69,12653.938750000001,889,0,50,206,Medio,1.0,1,0.1775775244764742,0,Aprobar,Bajo
CLI-109954,Lima,1357.3,6476.75,667,0,18,0,Alto,2.0,0,0.43867500479310617,1,Denegar/Revisar,Medio
CLI-109955,Lima,4438.54,3860.83,885,0,58,119,Alto,2.0,1,0.02767949981332083,0,Aprobar,Bajo
CLI-109956,Arequipa,5730.32,3352.75,508,0,47,66,Alto,2.0,0,0.39425752479759774,1,Denegar/Revisar,Medio
CLI-109957,Arequipa,5069.44,2691.58,787,0,67,245,Bajo,0.0,1,0.045957471775776276,0,Aprobar,Bajo
CLI-109958,Arequipa,3843.43,917.51,727,0,30,52,Alto,2.0,0,0.07173681586464153,0,Aprobar,Bajo
CLI-109959,Lima,3303.04,1710.9,183,1,19,6,Alto,2.0,0,0.9445815597796349,1,Denegar/Revisar,Muy alto
CLI-109960,Piura,3660.39,2086.16,770,0,39,93,Bajo,0.0,1,0.06450012279617419,0,Aprobar,Bajo
CLI-109961,Piura,3660.39,11570.47,897,0,36,4,Alto,2.0,0,0.13437278449379805,0,Aprobar,Bajo
CLI-109962,Lima,3655.12,2217.6,179,1,46,145,Bajo,0.0,1,0.9477803250733552,1,Denegar/Revisar,Muy alto
CLI-109963,Piura,2742.88,3529.4,677,0,50,273,Bajo,0.0,1,0.21681909492955634,1,Denegar/Revisar,Bajo
CLI-109964,Lima,3284.48,10226.02,308,1,38,19,Alto,2.0,0,0.969698756231268,1,Denegar/Revisar,Muy alto
CLI-109965,Piura,3558.17,2922.78,621,0,36,104,Bajo,0.0,1,0.2542139718541602,1,Denegar/Revisar,Medio
CLI-109966,Arequipa,3101.41,1158.47,298,0,45,56,Medio,1.0,1,0.8387109183304817,1,Denegar/Revisar,Muy alto
CLI-109967,Lima,5408.99,1918.64,670,0,37,114,Alto,2.0,0,0.1017935490923042,0,Aprobar,Bajo
CLI-109968,Arequipa,2794.54,1883.47,333,1,35,23,Medio,1.0,0,0.8241401830156428,1,Denegar/Revisar,Muy alto
CLI-109969,Lima,3655.12,5017.1,918,0,50,46,Alto,2.0,0,0.030990659963767268,0,Aprobar,Bajo
CLI-109970,Lima,3470.87,1404.59,343,1,53,275,Bajo,0.0,1,0.7740386840901179,1,Denegar/Revisar,Muy alto
CLI-109971,Cusco,8418.79,5241.61,990,0,53,325,Alto,2.0,1,0.00561898060789981,0,Aprobar,Bajo
CLI-109972,Cusco,3560.7650000000003,8801.66,492,1,37,74,Bajo,0.0,1,0.7981548970601596,1,Denegar/Revisar,Muy alto
CLI-109973,Lima,5467.81,1638.33,665,0,18,1,Alto,2.0,0,0.09944603488184584,0,Aprobar,Bajo
CLI-109974,Lima,3655.12,581.68,545,1,37,85,Alto,2.0,0,0.29313244093201324,1,Denegar/Revisar,Medio
CLI-109975,Lima,3655.12,4070.57,948,0,31,113,Medio,1.0,0,0.01866267302191512,0,Aprobar,Bajo
CLI-109976,Lima,1515.75,1790.49,492,0,37,114,Medio,1.0,0,0.581806023497138,1,Denegar/Revisar,Alto
CLI-109977,Loreto,5536.69,3054.16,108,1,32,51,Medio,1.0,0,0.9632540208632339,1,Denegar/Revisar,Muy alto
CLI-109978,Cusco,4257.8,4022.3,712,0,39,21,Alto,2.0,0,0.13469572059838744,0,Aprobar,Bajo
CLI-109979,Piura,3660.39,2095.26,906,0,28,36,Medio,1.0,0,0.01822131665234861,0,Aprobar,Bajo
CLI-109980,Lima,1879.76,10344.81,814,0,24,16,Medio,1.0,0,0.2752060761380901,1,Denegar/Revisar,Medio
CLI-109981,Piura,2040.6,2040.73,252,1,52,305,Bajo,0.0,1,0.927650328490532,1,Denegar/Revisar,Muy alto
CLI-109982,Lima,3536.71,1469.06,209,1,28,71,Medio,1.0,0,0.9204260357194429,1,Denegar/Revisar,Muy alto
CLI-109983,Cusco,4124.53,8674.85,933,0,39,126,Alto,2.0,0,0.05118531823039,0,Aprobar,Bajo
CLI-109984,Loreto,3900.02,586.13,365,1,50,193,Bajo,0.0,1,0.6797125433581883,1,Denegar/Revisar,Alto
CLI-109985,Piura,6598.28,530.51,472,1,50,295,Medio,1.0,1,0.28340346934656424,1,Denegar/Revisar,Medio
CLI-109986,Lima,3758.92,10976.67,251,1,48,77,Medio,1.0,1,0.9821976120553778,1,Denegar/Revisar,Muy alto
CLI-109987,Lima,3214.88,937.67,694,0,42,86,Alto,2.0,0,0.10903513722130004,0,Aprobar,Bajo
CLI-109988,Lima,2550.96,642.73,514,0,47,101,Bajo,0.0,1,0.4206008825129689,1,Denegar/Revisar,Medio
CLI-109989,Loreto,3600.67,3064.32,745,0,54,56,Bajo,0.0,1,0.09801641797797478,0,Aprobar,Bajo
CLI-109990,Lima,3655.12,191.67,425,1,44,70,Bajo,0.0,1,0.5406902085533454,1,Denegar/Revisar,Alto
CLI-109991,Lima,3463.78,3870.49,771,0,19,4,Alto,2.0,0,0.09437506012075954,0,Aprobar,Bajo
CLI-109992,Lima,3978.37,2412.72,650,0,33,51,Alto,2.0,0,0.17457714007693,0,Aprobar,Bajo
CLI-109993,Loreto,3842.49,4091.18,275,1,47,4,Medio,1.0,0,0.9098505753126902,1,Denegar/Revisar,Muy alto
CLI-109994,Lima,4401.18,1335.95,624,1,32,84,Alto,2.0,0,0.16312822706962796,0,Aprobar,Bajo
CLI-109995,Loreto,3526.17,9435.45,414,1,57,132,Bajo,0.0,1,0.9045111340649672,1,Denegar/Revisar,Muy alto
CLI-109996,Loreto,3133.75,1262.03,166,1,38,123,Alto,2.0,0,0.949778810426804,1,Denegar/Revisar,Muy alto
CLI-109997,Cusco,8021.51,4059.64,859,0,42,120,Alto,2.0,0,0.016230411976462557,0,Aprobar,Bajo
CLI-109998,Lima,2720.35,11608.37,652,0,51,12,Bajo,0.0,1,0.6596220455619294,1,Denegar/Revisar,Alto
CLI-109999,Lima,3010.72,2048.7,283,1,37,137,Alto,2.0,0,0.8846183827363834,1,Denegar/Revisar,Muy alto
